省份,城市,岗位名称,单位,地点,学历,招聘人数,适合残疾类型,心智障碍可投,联系方式,来源,原链接,发布日期
湖南省,株洲市,垃圾清运工,湖南仁仁洁国际清洁科技集团股份有限公司荷塘分公司,湖南省·株洲市·荷塘区,学历不限,1,言语残疾1级;智力残疾1级;,是,见原平台,中国残联就业服务平台（动态接口）,https://www.cdpee.org.cn/,2026年09月17日
江苏省,徐州市,江苏徐州组件工+早八晚六+包吃+五险+坐班,陕西致广人力资源有限公司,江苏省·徐州市·邳州市,学历不限,20,"视力残疾1-4级;听力残疾1-4级;言语残疾1-4级;肢体残疾1-4级;智力残疾3,4级;多重残疾1-4级;",是,见原平台,中国残联就业服务平台（动态接口）,https://www.cdpee.org.cn/,2026年09月17日
浙江省,舟山市,餐饮传菜员,舟山市普陀怡港酒店管理有限公司普陀开元大酒店,浙江省·舟山市·普陀区,,,视力残疾1-4级;听力残疾1-4级;言语残疾1-4级;肢体残疾1-4级;智力残疾1-4级;精神残疾1-4级;多重残疾1-4级;,是,见原平台,中国残联就业服务平台（动态接口）,https://www.cdpee.org.cn/,2026年04月22日
广东省,江门市,生产工,江门市霞光照明电器有限公司,广东省·江门市·蓬江区,学历不限,1,听力残疾2-4级;言语残疾2-4级;肢体残疾4级;智力残疾4级;多重残疾4级;,是,见原平台,中国残联就业服务平台（动态接口）,https://www.cdpee.org.cn/,2026年09月17日
江苏省,泰州市,推拿师傅,南通印括健康科技有限公司,江苏省·泰州市·海陵区,学历不限,,视力残疾1-4级;听力残疾1-4级;言语残疾1-4级;肢体残疾1-4级;智力残疾1-4级;精神残疾1-4级;多重残疾1-4级;,是,见原平台,中国残联就业服务平台（动态接口）,https://www.cdpee.org.cn/,2026年08月07日
吉林省,吉林市,短视频拍摄剪辑,吉林市大聪明文化传媒有限公司,吉林省·吉林市·昌邑区,学历不限,,视力残疾1-4级;听力残疾1-4级;言语残疾1-4级;肢体残疾1-4级;智力残疾1-4级;精神残疾1-4级;多重残疾1-4级;,是,见原平台,中国残联就业服务平台（动态接口）,https://www.cdpee.org.cn/,2026年07月10日
上海市,上海市,行政助理（上海闵行区）,北京易才人力资源顾问有限公司,上海市·上海市·闵行区,大专,1,视力残疾1-3级;听力残疾1-3级;言语残疾1-3级;肢体残疾1-3级;智力残疾1-3级;精神残疾1-3级;多重残疾1-3级;,是,见原平台,中国残联就业服务平台（动态接口）,https://www.cdpee.org.cn/,2026年08月17日
江苏省,南京市,HR招聘,北京易才人力资源顾问有限公司,江苏省·南京市·建邺区,大专,1,视力残疾1-3级;听力残疾1-3级;言语残疾1-3级;肢体残疾1-3级;智力残疾1-3级;精神残疾1-3级;多重残疾1-3级;,是,见原平台,中国残联就业服务平台（动态接口）,https://www.cdpee.org.cn/,2026年05月22日
四川省,成都市,成都急招（残疾人福利岗）五险一金，长白8小时，高薪技术岗,广州海仑企业服务有限公司,四川省·成都市·锦江区,学历不限,3,视力残疾1-4级;听力残疾1-4级;言语残疾1-4级;肢体残疾1-4级;智力残疾1-4级;精神残疾1-4级;多重残疾1-4级;,是,见原平台,中国残联就业服务平台（动态接口）,https://www.cdpee.org.cn/,2026年09月17日
天津市,天津市,天津档案处理员，双休，8小时，缴纳五险一金,广州海仑企业服务有限公司,天津市·天津市·河东区,学历不限,2,视力残疾1-4级;听力残疾1-4级;言语残疾1-4级;肢体残疾1-4级;智力残疾1-4级;精神残疾1-4级;多重残疾1-4级;,是,见原平台,中国残联就业服务平台（动态接口）,https://www.cdpee.org.cn/,2026年09月17日
云南省,昭通市,艾草加工，种植,云南鑫会盟艾绒制品生产有限公司,云南省·昭通市·巧家县,学历不限,100,视力残疾4级;听力残疾4级;言语残疾4级;肢体残疾4级;智力残疾4级;精神残疾4级;,是,见原平台,中国残联就业服务平台（动态接口）,https://www.cdpee.org.cn/,2026年09月17日
江苏省,宿迁市,食品加工处理,宿迁市宿城区陆小青猪肉批发经营部,江苏省·宿迁市·湖滨新区,小学,100,"视力残疾3,4级;听力残疾3,4级;肢体残疾3,4级;智力残疾4级;多重残疾3,4级;",是,见原平台,中国残联就业服务平台（动态接口）,https://www.cdpee.org.cn/,2026年09月17日
湖南省,株洲市,垃圾清运工,湖南仁仁洁国际清洁科技集团股份有限公司荷塘分公司,湖南省·株洲市·荷塘区,学历不限,1,言语残疾1级;智力残疾1级;,是,见原平台,中国残联就业服务平台（动态接口）,https://www.cdpee.org.cn/,2026年09月17日
江苏省,徐州市,江苏徐州组件工+早八晚六+包吃+五险+坐班,陕西致广人力资源有限公司,江苏省·徐州市·邳州市,学历不限,20,"视力残疾1-4级;听力残疾1-4级;言语残疾1-4级;肢体残疾1-4级;智力残疾3,4级;多重残疾1-4级;",是,见原平台,中国残联就业服务平台（动态接口）,https://www.cdpee.org.cn/,2026年09月17日
浙江省,舟山市,餐饮传菜员,舟山市普陀怡港酒店管理有限公司普陀开元大酒店,浙江省·舟山市·普陀区,,,视力残疾1-4级;听力残疾1-4级;言语残疾1-4级;肢体残疾1-4级;智力残疾1-4级;精神残疾1-4级;多重残疾1-4级;,是,见原平台,中国残联就业服务平台（动态接口）,https://www.cdpee.org.cn/,2026年04月22日
广东省,江门市,生产工,江门市霞光照明电器有限公司,广东省·江门市·蓬江区,学历不限,1,听力残疾2-4级;言语残疾2-4级;肢体残疾4级;智力残疾4级;多重残疾4级;,是,见原平台,中国残联就业服务平台（动态接口）,https://www.cdpee.org.cn/,2026年09月17日
江苏省,泰州市,推拿师傅,南通印括健康科技有限公司,江苏省·泰州市·海陵区,学历不限,,视力残疾1-4级;听力残疾1-4级;言语残疾1-4级;肢体残疾1-4级;智力残疾1-4级;精神残疾1-4级;多重残疾1-4级;,是,见原平台,中国残联就业服务平台（动态接口）,https://www.cdpee.org.cn/,2026年08月07日
吉林省,吉林市,短视频拍摄剪辑,吉林市大聪明文化传媒有限公司,吉林省·吉林市·昌邑区,学历不限,,视力残疾1-4级;听力残疾1-4级;言语残疾1-4级;肢体残疾1-4级;智力残疾1-4级;精神残疾1-4级;多重残疾1-4级;,是,见原平台,中国残联就业服务平台（动态接口）,https://www.cdpee.org.cn/,2026年07月10日
上海市,上海市,行政助理（上海闵行区）,北京易才人力资源顾问有限公司,上海市·上海市·闵行区,大专,1,视力残疾1-3级;听力残疾1-3级;言语残疾1-3级;肢体残疾1-3级;智力残疾1-3级;精神残疾1-3级;多重残疾1-3级;,是,见原平台,中国残联就业服务平台（动态接口）,https://www.cdpee.org.cn/,2026年08月17日
江苏省,南京市,HR招聘,北京易才人力资源顾问有限公司,江苏省·南京市·建邺区,大专,1,视力残疾1-3级;听力残疾1-3级;言语残疾1-3级;肢体残疾1-3级;智力残疾1-3级;精神残疾1-3级;多重残疾1-3级;,是,见原平台,中国残联就业服务平台（动态接口）,https://www.cdpee.org.cn/,2026年05月22日
四川省,成都市,成都急招（残疾人福利岗）五险一金，长白8小时，高薪技术岗,广州海仑企业服务有限公司,四川省·成都市·锦江区,学历不限,3,视力残疾1-4级;听力残疾1-4级;言语残疾1-4级;肢体残疾1-4级;智力残疾1-4级;精神残疾1-4级;多重残疾1-4级;,是,见原平台,中国残联就业服务平台（动态接口）,https://www.cdpee.org.cn/,2026年09月17日
天津市,天津市,天津档案处理员，双休，8小时，缴纳五险一金,广州海仑企业服务有限公司,天津市·天津市·河东区,学历不限,2,视力残疾1-4级;听力残疾1-4级;言语残疾1-4级;肢体残疾1-4级;智力残疾1-4级;精神残疾1-4级;多重残疾1-4级;,是,见原平台,中国残联就业服务平台（动态接口）,https://www.cdpee.org.cn/,2026年09月17日
云南省,昭通市,艾草加工，种植,云南鑫会盟艾绒制品生产有限公司,云南省·昭通市·巧家县,学历不限,100,视力残疾4级;听力残疾4级;言语残疾4级;肢体残疾4级;智力残疾4级;精神残疾4级;,是,见原平台,中国残联就业服务平台（动态接口）,https://www.cdpee.org.cn/,2026年09月17日
江苏省,宿迁市,食品加工处理,宿迁市宿城区陆小青猪肉批发经营部,江苏省·宿迁市·湖滨新区,小学,100,"视力残疾3,4级;听力残疾3,4级;肢体残疾3,4级;智力残疾4级;多重残疾3,4级;",是,见原平台,中国残联就业服务平台（动态接口）,https://www.cdpee.org.cn/,2026年09月17日
湖南省,株洲市,垃圾清运工,湖南仁仁洁国际清洁科技集团股份有限公司荷塘分公司,湖南省·株洲市·荷塘区,学历不限,1,言语残疾1级;智力残疾1级;,是,见原平台,中国残联就业服务平台（动态接口）,https://www.cdpee.org.cn/,2026年09月17日
江苏省,徐州市,江苏徐州组件工+早八晚六+包吃+五险+坐班,陕西致广人力资源有限公司,江苏省·徐州市·邳州市,学历不限,20,"视力残疾1-4级;听力残疾1-4级;言语残疾1-4级;肢体残疾1-4级;智力残疾3,4级;多重残疾1-4级;",是,见原平台,中国残联就业服务平台（动态接口）,https://www.cdpee.org.cn/,2026年09月17日
浙江省,舟山市,餐饮传菜员,舟山市普陀怡港酒店管理有限公司普陀开元大酒店,浙江省·舟山市·普陀区,,,视力残疾1-4级;听力残疾1-4级;言语残疾1-4级;肢体残疾1-4级;智力残疾1-4级;精神残疾1-4级;多重残疾1-4级;,是,见原平台,中国残联就业服务平台（动态接口）,https://www.cdpee.org.cn/,2026年04月22日
广东省,江门市,生产工,江门市霞光照明电器有限公司,广东省·江门市·蓬江区,学历不限,1,听力残疾2-4级;言语残疾2-4级;肢体残疾4级;智力残疾4级;多重残疾4级;,是,见原平台,中国残联就业服务平台（动态接口）,https://www.cdpee.org.cn/,2026年09月17日
江苏省,泰州市,推拿师傅,南通印括健康科技有限公司,江苏省·泰州市·海陵区,学历不限,,视力残疾1-4级;听力残疾1-4级;言语残疾1-4级;肢体残疾1-4级;智力残疾1-4级;精神残疾1-4级;多重残疾1-4级;,是,见原平台,中国残联就业服务平台（动态接口）,https://www.cdpee.org.cn/,2026年08月07日
吉林省,吉林市,短视频拍摄剪辑,吉林市大聪明文化传媒有限公司,吉林省·吉林市·昌邑区,学历不限,,视力残疾1-4级;听力残疾1-4级;言语残疾1-4级;肢体残疾1-4级;智力残疾1-4级;精神残疾1-4级;多重残疾1-4级;,是,见原平台,中国残联就业服务平台（动态接口）,https://www.cdpee.org.cn/,2026年07月10日
上海市,上海市,行政助理（上海闵行区）,北京易才人力资源顾问有限公司,上海市·上海市·闵行区,大专,1,视力残疾1-3级;听力残疾1-3级;言语残疾1-3级;肢体残疾1-3级;智力残疾1-3级;精神残疾1-3级;多重残疾1-3级;,是,见原平台,中国残联就业服务平台（动态接口）,https://www.cdpee.org.cn/,2026年08月17日
江苏省,南京市,HR招聘,北京易才人力资源顾问有限公司,江苏省·南京市·建邺区,大专,1,视力残疾1-3级;听力残疾1-3级;言语残疾1-3级;肢体残疾1-3级;智力残疾1-3级;精神残疾1-3级;多重残疾1-3级;,是,见原平台,中国残联就业服务平台（动态接口）,https://www.cdpee.org.cn/,2026年05月22日
四川省,成都市,成都急招（残疾人福利岗）五险一金，长白8小时，高薪技术岗,广州海仑企业服务有限公司,四川省·成都市·锦江区,学历不限,3,视力残疾1-4级;听力残疾1-4级;言语残疾1-4级;肢体残疾1-4级;智力残疾1-4级;精神残疾1-4级;多重残疾1-4级;,是,见原平台,中国残联就业服务平台（动态接口）,https://www.cdpee.org.cn/,2026年09月17日
天津市,天津市,天津档案处理员，双休，8小时，缴纳五险一金,广州海仑企业服务有限公司,天津市·天津市·河东区,学历不限,2,视力残疾1-4级;听力残疾1-4级;言语残疾1-4级;肢体残疾1-4级;智力残疾1-4级;精神残疾1-4级;多重残疾1-4级;,是,见原平台,中国残联就业服务平台（动态接口）,https://www.cdpee.org.cn/,2026年09月17日
云南省,昭通市,艾草加工，种植,云南鑫会盟艾绒制品生产有限公司,云南省·昭通市·巧家县,学历不限,100,视力残疾4级;听力残疾4级;言语残疾4级;肢体残疾4级;智力残疾4级;精神残疾4级;,是,见原平台,中国残联就业服务平台（动态接口）,https://www.cdpee.org.cn/,2026年09月17日
江苏省,宿迁市,食品加工处理,宿迁市宿城区陆小青猪肉批发经营部,江苏省·宿迁市·湖滨新区,小学,100,"视力残疾3,4级;听力残疾3,4级;肢体残疾3,4级;智力残疾4级;多重残疾3,4级;",是,见原平台,中国残联就业服务平台（动态接口）,https://www.cdpee.org.cn/,2026年09月17日
湖南省,株洲市,垃圾清运工,湖南仁仁洁国际清洁科技集团股份有限公司荷塘分公司,湖南省·株洲市·荷塘区,学历不限,1,言语残疾1级;智力残疾1级;,是,见原平台,中国残联就业服务平台（动态接口）,https://www.cdpee.org.cn/,2026年09月17日
江苏省,徐州市,江苏徐州组件工+早八晚六+包吃+五险+坐班,陕西致广人力资源有限公司,江苏省·徐州市·邳州市,学历不限,20,"视力残疾1-4级;听力残疾1-4级;言语残疾1-4级;肢体残疾1-4级;智力残疾3,4级;多重残疾1-4级;",是,见原平台,中国残联就业服务平台（动态接口）,https://www.cdpee.org.cn/,2026年09月17日
浙江省,舟山市,餐饮传菜员,舟山市普陀怡港酒店管理有限公司普陀开元大酒店,浙江省·舟山市·普陀区,,,视力残疾1-4级;听力残疾1-4级;言语残疾1-4级;肢体残疾1-4级;智力残疾1-4级;精神残疾1-4级;多重残疾1-4级;,是,见原平台,中国残联就业服务平台（动态接口）,https://www.cdpee.org.cn/,2026年04月22日
广东省,江门市,生产工,江门市霞光照明电器有限公司,广东省·江门市·蓬江区,学历不限,1,听力残疾2-4级;言语残疾2-4级;肢体残疾4级;智力残疾4级;多重残疾4级;,是,见原平台,中国残联就业服务平台（动态接口）,https://www.cdpee.org.cn/,2026年09月17日
江苏省,泰州市,推拿师傅,南通印括健康科技有限公司,江苏省·泰州市·海陵区,学历不限,,视力残疾1-4级;听力残疾1-4级;言语残疾1-4级;肢体残疾1-4级;智力残疾1-4级;精神残疾1-4级;多重残疾1-4级;,是,见原平台,中国残联就业服务平台（动态接口）,https://www.cdpee.org.cn/,2026年08月07日
吉林省,吉林市,短视频拍摄剪辑,吉林市大聪明文化传媒有限公司,吉林省·吉林市·昌邑区,学历不限,,视力残疾1-4级;听力残疾1-4级;言语残疾1-4级;肢体残疾1-4级;智力残疾1-4级;精神残疾1-4级;多重残疾1-4级;,是,见原平台,中国残联就业服务平台（动态接口）,https://www.cdpee.org.cn/,2026年07月10日
上海市,上海市,行政助理（上海闵行区）,北京易才人力资源顾问有限公司,上海市·上海市·闵行区,大专,1,视力残疾1-3级;听力残疾1-3级;言语残疾1-3级;肢体残疾1-3级;智力残疾1-3级;精神残疾1-3级;多重残疾1-3级;,是,见原平台,中国残联就业服务平台（动态接口）,https://www.cdpee.org.cn/,2026年08月17日
江苏省,南京市,HR招聘,北京易才人力资源顾问有限公司,江苏省·南京市·建邺区,大专,1,视力残疾1-3级;听力残疾1-3级;言语残疾1-3级;肢体残疾1-3级;智力残疾1-3级;精神残疾1-3级;多重残疾1-3级;,是,见原平台,中国残联就业服务平台（动态接口）,https://www.cdpee.org.cn/,2026年05月22日
四川省,成都市,成都急招（残疾人福利岗）五险一金，长白8小时，高薪技术岗,广州海仑企业服务有限公司,四川省·成都市·锦江区,学历不限,3,视力残疾1-4级;听力残疾1-4级;言语残疾1-4级;肢体残疾1-4级;智力残疾1-4级;精神残疾1-4级;多重残疾1-4级;,是,见原平台,中国残联就业服务平台（动态接口）,https://www.cdpee.org.cn/,2026年09月17日
天津市,天津市,天津档案处理员，双休，8小时，缴纳五险一金,广州海仑企业服务有限公司,天津市·天津市·河东区,学历不限,2,视力残疾1-4级;听力残疾1-4级;言语残疾1-4级;肢体残疾1-4级;智力残疾1-4级;精神残疾1-4级;多重残疾1-4级;,是,见原平台,中国残联就业服务平台（动态接口）,https://www.cdpee.org.cn/,2026年09月17日
云南省,昭通市,艾草加工，种植,云南鑫会盟艾绒制品生产有限公司,云南省·昭通市·巧家县,学历不限,100,视力残疾4级;听力残疾4级;言语残疾4级;肢体残疾4级;智力残疾4级;精神残疾4级;,是,见原平台,中国残联就业服务平台（动态接口）,https://www.cdpee.org.cn/,2026年09月17日
江苏省,宿迁市,食品加工处理,宿迁市宿城区陆小青猪肉批发经营部,江苏省·宿迁市·湖滨新区,小学,100,"视力残疾3,4级;听力残疾3,4级;肢体残疾3,4级;智力残疾4级;多重残疾3,4级;",是,见原平台,中国残联就业服务平台（动态接口）,https://www.cdpee.org.cn/,2026年09月17日
湖南省,株洲市,垃圾清运工,湖南仁仁洁国际清洁科技集团股份有限公司荷塘分公司,湖南省·株洲市·荷塘区,学历不限,1,言语残疾1级;智力残疾1级;,是,见原平台,中国残联就业服务平台（动态接口）,https://www.cdpee.org.cn/,2026年09月17日
江苏省,徐州市,江苏徐州组件工+早八晚六+包吃+五险+坐班,陕西致广人力资源有限公司,江苏省·徐州市·邳州市,学历不限,20,"视力残疾1-4级;听力残疾1-4级;言语残疾1-4级;肢体残疾1-4级;智力残疾3,4级;多重残疾1-4级;",是,见原平台,中国残联就业服务平台（动态接口）,https://www.cdpee.org.cn/,2026年09月17日
浙江省,舟山市,餐饮传菜员,舟山市普陀怡港酒店管理有限公司普陀开元大酒店,浙江省·舟山市·普陀区,,,视力残疾1-4级;听力残疾1-4级;言语残疾1-4级;肢体残疾1-4级;智力残疾1-4级;精神残疾1-4级;多重残疾1-4级;,是,见原平台,中国残联就业服务平台（动态接口）,https://www.cdpee.org.cn/,2026年04月22日
广东省,江门市,生产工,江门市霞光照明电器有限公司,广东省·江门市·蓬江区,学历不限,1,听力残疾2-4级;言语残疾2-4级;肢体残疾4级;智力残疾4级;多重残疾4级;,是,见原平台,中国残联就业服务平台（动态接口）,https://www.cdpee.org.cn/,2026年09月17日
江苏省,泰州市,推拿师傅,南通印括健康科技有限公司,江苏省·泰州市·海陵区,学历不限,,视力残疾1-4级;听力残疾1-4级;言语残疾1-4级;肢体残疾1-4级;智力残疾1-4级;精神残疾1-4级;多重残疾1-4级;,是,见原平台,中国残联就业服务平台（动态接口）,https://www.cdpee.org.cn/,2026年08月07日
吉林省,吉林市,短视频拍摄剪辑,吉林市大聪明文化传媒有限公司,吉林省·吉林市·昌邑区,学历不限,,视力残疾1-4级;听力残疾1-4级;言语残疾1-4级;肢体残疾1-4级;智力残疾1-4级;精神残疾1-4级;多重残疾1-4级;,是,见原平台,中国残联就业服务平台（动态接口）,https://www.cdpee.org.cn/,2026年07月10日
上海市,上海市,行政助理（上海闵行区）,北京易才人力资源顾问有限公司,上海市·上海市·闵行区,大专,1,视力残疾1-3级;听力残疾1-3级;言语残疾1-3级;肢体残疾1-3级;智力残疾1-3级;精神残疾1-3级;多重残疾1-3级;,是,见原平台,中国残联就业服务平台（动态接口）,https://www.cdpee.org.cn/,2026年08月17日
江苏省,南京市,HR招聘,北京易才人力资源顾问有限公司,江苏省·南京市·建邺区,大专,1,视力残疾1-3级;听力残疾1-3级;言语残疾1-3级;肢体残疾1-3级;智力残疾1-3级;精神残疾1-3级;多重残疾1-3级;,是,见原平台,中国残联就业服务平台（动态接口）,https://www.cdpee.org.cn/,2026年05月22日
四川省,成都市,成都急招（残疾人福利岗）五险一金，长白8小时，高薪技术岗,广州海仑企业服务有限公司,四川省·成都市·锦江区,学历不限,3,视力残疾1-4级;听力残疾1-4级;言语残疾1-4级;肢体残疾1-4级;智力残疾1-4级;精神残疾1-4级;多重残疾1-4级;,是,见原平台,中国残联就业服务平台（动态接口）,https://www.cdpee.org.cn/,2026年09月17日
天津市,天津市,天津档案处理员，双休，8小时，缴纳五险一金,广州海仑企业服务有限公司,天津市·天津市·河东区,学历不限,2,视力残疾1-4级;听力残疾1-4级;言语残疾1-4级;肢体残疾1-4级;智力残疾1-4级;精神残疾1-4级;多重残疾1-4级;,是,见原平台,中国残联就业服务平台（动态接口）,https://www.cdpee.org.cn/,2026年09月17日
云南省,昭通市,艾草加工，种植,云南鑫会盟艾绒制品生产有限公司,云南省·昭通市·巧家县,学历不限,100,视力残疾4级;听力残疾4级;言语残疾4级;肢体残疾4级;智力残疾4级;精神残疾4级;,是,见原平台,中国残联就业服务平台（动态接口）,https://www.cdpee.org.cn/,2026年09月17日
江苏省,宿迁市,食品加工处理,宿迁市宿城区陆小青猪肉批发经营部,江苏省·宿迁市·湖滨新区,小学,100,"视力残疾3,4级;听力残疾3,4级;肢体残疾3,4级;智力残疾4级;多重残疾3,4级;",是,见原平台,中国残联就业服务平台（动态接口）,https://www.cdpee.org.cn/,2026年09月17日
湖南省,株洲市,垃圾清运工,湖南仁仁洁国际清洁科技集团股份有限公司荷塘分公司,湖南省·株洲市·荷塘区,学历不限,1,言语残疾1级;智力残疾1级;,是,见原平台,中国残联就业服务平台（动态接口）,https://www.cdpee.org.cn/,2026年09月17日
江苏省,徐州市,江苏徐州组件工+早八晚六+包吃+五险+坐班,陕西致广人力资源有限公司,江苏省·徐州市·邳州市,学历不限,20,"视力残疾1-4级;听力残疾1-4级;言语残疾1-4级;肢体残疾1-4级;智力残疾3,4级;多重残疾1-4级;",是,见原平台,中国残联就业服务平台（动态接口）,https://www.cdpee.org.cn/,2026年09月17日
浙江省,舟山市,餐饮传菜员,舟山市普陀怡港酒店管理有限公司普陀开元大酒店,浙江省·舟山市·普陀区,,,视力残疾1-4级;听力残疾1-4级;言语残疾1-4级;肢体残疾1-4级;智力残疾1-4级;精神残疾1-4级;多重残疾1-4级;,是,见原平台,中国残联就业服务平台（动态接口）,https://www.cdpee.org.cn/,2026年04月22日
广东省,江门市,生产工,江门市霞光照明电器有限公司,广东省·江门市·蓬江区,学历不限,1,听力残疾2-4级;言语残疾2-4级;肢体残疾4级;智力残疾4级;多重残疾4级;,是,见原平台,中国残联就业服务平台（动态接口）,https://www.cdpee.org.cn/,2026年09月17日
江苏省,泰州市,推拿师傅,南通印括健康科技有限公司,江苏省·泰州市·海陵区,学历不限,,视力残疾1-4级;听力残疾1-4级;言语残疾1-4级;肢体残疾1-4级;智力残疾1-4级;精神残疾1-4级;多重残疾1-4级;,是,见原平台,中国残联就业服务平台（动态接口）,https://www.cdpee.org.cn/,2026年08月07日
吉林省,吉林市,短视频拍摄剪辑,吉林市大聪明文化传媒有限公司,吉林省·吉林市·昌邑区,学历不限,,视力残疾1-4级;听力残疾1-4级;言语残疾1-4级;肢体残疾1-4级;智力残疾1-4级;精神残疾1-4级;多重残疾1-4级;,是,见原平台,中国残联就业服务平台（动态接口）,https://www.cdpee.org.cn/,2026年07月10日
上海市,上海市,行政助理（上海闵行区）,北京易才人力资源顾问有限公司,上海市·上海市·闵行区,大专,1,视力残疾1-3级;听力残疾1-3级;言语残疾1-3级;肢体残疾1-3级;智力残疾1-3级;精神残疾1-3级;多重残疾1-3级;,是,见原平台,中国残联就业服务平台（动态接口）,https://www.cdpee.org.cn/,2026年08月17日
江苏省,南京市,HR招聘,北京易才人力资源顾问有限公司,江苏省·南京市·建邺区,大专,1,视力残疾1-3级;听力残疾1-3级;言语残疾1-3级;肢体残疾1-3级;智力残疾1-3级;精神残疾1-3级;多重残疾1-3级;,是,见原平台,中国残联就业服务平台（动态接口）,https://www.cdpee.org.cn/,2026年05月22日
四川省,成都市,成都急招（残疾人福利岗）五险一金，长白8小时，高薪技术岗,广州海仑企业服务有限公司,四川省·成都市·锦江区,学历不限,3,视力残疾1-4级;听力残疾1-4级;言语残疾1-4级;肢体残疾1-4级;智力残疾1-4级;精神残疾1-4级;多重残疾1-4级;,是,见原平台,中国残联就业服务平台（动态接口）,https://www.cdpee.org.cn/,2026年09月17日
天津市,天津市,天津档案处理员，双休，8小时，缴纳五险一金,广州海仑企业服务有限公司,天津市·天津市·河东区,学历不限,2,视力残疾1-4级;听力残疾1-4级;言语残疾1-4级;肢体残疾1-4级;智力残疾1-4级;精神残疾1-4级;多重残疾1-4级;,是,见原平台,中国残联就业服务平台（动态接口）,https://www.cdpee.org.cn/,2026年09月17日
云南省,昭通市,艾草加工，种植,云南鑫会盟艾绒制品生产有限公司,云南省·昭通市·巧家县,学历不限,100,视力残疾4级;听力残疾4级;言语残疾4级;肢体残疾4级;智力残疾4级;精神残疾4级;,是,见原平台,中国残联就业服务平台（动态接口）,https://www.cdpee.org.cn/,2026年09月17日
江苏省,宿迁市,食品加工处理,宿迁市宿城区陆小青猪肉批发经营部,江苏省·宿迁市·湖滨新区,小学,100,"视力残疾3,4级;听力残疾3,4级;肢体残疾3,4级;智力残疾4级;多重残疾3,4级;",是,见原平台,中国残联就业服务平台（动态接口）,https://www.cdpee.org.cn/,2026年09月17日
湖南省,株洲市,垃圾清运工,湖南仁仁洁国际清洁科技集团股份有限公司荷塘分公司,湖南省·株洲市·荷塘区,学历不限,1,言语残疾1级;智力残疾1级;,是,见原平台,中国残联就业服务平台（动态接口）,https://www.cdpee.org.cn/,2026年09月17日
江苏省,徐州市,江苏徐州组件工+早八晚六+包吃+五险+坐班,陕西致广人力资源有限公司,江苏省·徐州市·邳州市,学历不限,20,"视力残疾1-4级;听力残疾1-4级;言语残疾1-4级;肢体残疾1-4级;智力残疾3,4级;多重残疾1-4级;",是,见原平台,中国残联就业服务平台（动态接口）,https://www.cdpee.org.cn/,2026年09月17日
浙江省,舟山市,餐饮传菜员,舟山市普陀怡港酒店管理有限公司普陀开元大酒店,浙江省·舟山市·普陀区,,,视力残疾1-4级;听力残疾1-4级;言语残疾1-4级;肢体残疾1-4级;智力残疾1-4级;精神残疾1-4级;多重残疾1-4级;,是,见原平台,中国残联就业服务平台（动态接口）,https://www.cdpee.org.cn/,2026年04月22日
广东省,江门市,生产工,江门市霞光照明电器有限公司,广东省·江门市·蓬江区,学历不限,1,听力残疾2-4级;言语残疾2-4级;肢体残疾4级;智力残疾4级;多重残疾4级;,是,见原平台,中国残联就业服务平台（动态接口）,https://www.cdpee.org.cn/,2026年09月17日
江苏省,泰州市,推拿师傅,南通印括健康科技有限公司,江苏省·泰州市·海陵区,学历不限,,视力残疾1-4级;听力残疾1-4级;言语残疾1-4级;肢体残疾1-4级;智力残疾1-4级;精神残疾1-4级;多重残疾1-4级;,是,见原平台,中国残联就业服务平台（动态接口）,https://www.cdpee.org.cn/,2026年08月07日
吉林省,吉林市,短视频拍摄剪辑,吉林市大聪明文化传媒有限公司,吉林省·吉林市·昌邑区,学历不限,,视力残疾1-4级;听力残疾1-4级;言语残疾1-4级;肢体残疾1-4级;智力残疾1-4级;精神残疾1-4级;多重残疾1-4级;,是,见原平台,中国残联就业服务平台（动态接口）,https://www.cdpee.org.cn/,2026年07月10日
上海市,上海市,行政助理（上海闵行区）,北京易才人力资源顾问有限公司,上海市·上海市·闵行区,大专,1,视力残疾1-3级;听力残疾1-3级;言语残疾1-3级;肢体残疾1-3级;智力残疾1-3级;精神残疾1-3级;多重残疾1-3级;,是,见原平台,中国残联就业服务平台（动态接口）,https://www.cdpee.org.cn/,2026年08月17日
江苏省,南京市,HR招聘,北京易才人力资源顾问有限公司,江苏省·南京市·建邺区,大专,1,视力残疾1-3级;听力残疾1-3级;言语残疾1-3级;肢体残疾1-3级;智力残疾1-3级;精神残疾1-3级;多重残疾1-3级;,是,见原平台,中国残联就业服务平台（动态接口）,https://www.cdpee.org.cn/,2026年05月22日
四川省,成都市,成都急招（残疾人福利岗）五险一金，长白8小时，高薪技术岗,广州海仑企业服务有限公司,四川省·成都市·锦江区,学历不限,3,视力残疾1-4级;听力残疾1-4级;言语残疾1-4级;肢体残疾1-4级;智力残疾1-4级;精神残疾1-4级;多重残疾1-4级;,是,见原平台,中国残联就业服务平台（动态接口）,https://www.cdpee.org.cn/,2026年09月17日
天津市,天津市,天津档案处理员，双休，8小时，缴纳五险一金,广州海仑企业服务有限公司,天津市·天津市·河东区,学历不限,2,视力残疾1-4级;听力残疾1-4级;言语残疾1-4级;肢体残疾1-4级;智力残疾1-4级;精神残疾1-4级;多重残疾1-4级;,是,见原平台,中国残联就业服务平台（动态接口）,https://www.cdpee.org.cn/,2026年09月17日
云南省,昭通市,艾草加工，种植,云南鑫会盟艾绒制品生产有限公司,云南省·昭通市·巧家县,学历不限,100,视力残疾4级;听力残疾4级;言语残疾4级;肢体残疾4级;智力残疾4级;精神残疾4级;,是,见原平台,中国残联就业服务平台（动态接口）,https://www.cdpee.org.cn/,2026年09月17日
江苏省,宿迁市,食品加工处理,宿迁市宿城区陆小青猪肉批发经营部,江苏省·宿迁市·湖滨新区,小学,100,"视力残疾3,4级;听力残疾3,4级;肢体残疾3,4级;智力残疾4级;多重残疾3,4级;",是,见原平台,中国残联就业服务平台（动态接口）,https://www.cdpee.org.cn/,2026年09月17日
湖南省,株洲市,垃圾清运工,湖南仁仁洁国际清洁科技集团股份有限公司荷塘分公司,湖南省·株洲市·荷塘区,学历不限,1,言语残疾1级;智力残疾1级;,是,见原平台,中国残联就业服务平台（动态接口）,https://www.cdpee.org.cn/,2026年09月17日
江苏省,徐州市,江苏徐州组件工+早八晚六+包吃+五险+坐班,陕西致广人力资源有限公司,江苏省·徐州市·邳州市,学历不限,20,"视力残疾1-4级;听力残疾1-4级;言语残疾1-4级;肢体残疾1-4级;智力残疾3,4级;多重残疾1-4级;",是,见原平台,中国残联就业服务平台（动态接口）,https://www.cdpee.org.cn/,2026年09月17日
浙江省,舟山市,餐饮传菜员,舟山市普陀怡港酒店管理有限公司普陀开元大酒店,浙江省·舟山市·普陀区,,,视力残疾1-4级;听力残疾1-4级;言语残疾1-4级;肢体残疾1-4级;智力残疾1-4级;精神残疾1-4级;多重残疾1-4级;,是,见原平台,中国残联就业服务平台（动态接口）,https://www.cdpee.org.cn/,2026年04月22日
广东省,江门市,生产工,江门市霞光照明电器有限公司,广东省·江门市·蓬江区,学历不限,1,听力残疾2-4级;言语残疾2-4级;肢体残疾4级;智力残疾4级;多重残疾4级;,是,见原平台,中国残联就业服务平台（动态接口）,https://www.cdpee.org.cn/,2026年09月17日
江苏省,泰州市,推拿师傅,南通印括健康科技有限公司,江苏省·泰州市·海陵区,学历不限,,视力残疾1-4级;听力残疾1-4级;言语残疾1-4级;肢体残疾1-4级;智力残疾1-4级;精神残疾1-4级;多重残疾1-4级;,是,见原平台,中国残联就业服务平台（动态接口）,https://www.cdpee.org.cn/,2026年08月07日
吉林省,吉林市,短视频拍摄剪辑,吉林市大聪明文化传媒有限公司,吉林省·吉林市·昌邑区,学历不限,,视力残疾1-4级;听力残疾1-4级;言语残疾1-4级;肢体残疾1-4级;智力残疾1-4级;精神残疾1-4级;多重残疾1-4级;,是,见原平台,中国残联就业服务平台（动态接口）,https://www.cdpee.org.cn/,2026年07月10日
上海市,上海市,行政助理（上海闵行区）,北京易才人力资源顾问有限公司,上海市·上海市·闵行区,大专,1,视力残疾1-3级;听力残疾1-3级;言语残疾1-3级;肢体残疾1-3级;智力残疾1-3级;精神残疾1-3级;多重残疾1-3级;,是,见原平台,中国残联就业服务平台（动态接口）,https://www.cdpee.org.cn/,2026年08月17日
江苏省,南京市,HR招聘,北京易才人力资源顾问有限公司,江苏省·南京市·建邺区,大专,1,视力残疾1-3级;听力残疾1-3级;言语残疾1-3级;肢体残疾1-3级;智力残疾1-3级;精神残疾1-3级;多重残疾1-3级;,是,见原平台,中国残联就业服务平台（动态接口）,https://www.cdpee.org.cn/,2026年05月22日
四川省,成都市,成都急招（残疾人福利岗）五险一金，长白8小时，高薪技术岗,广州海仑企业服务有限公司,四川省·成都市·锦江区,学历不限,3,视力残疾1-4级;听力残疾1-4级;言语残疾1-4级;肢体残疾1-4级;智力残疾1-4级;精神残疾1-4级;多重残疾1-4级;,是,见原平台,中国残联就业服务平台（动态接口）,https://www.cdpee.org.cn/,2026年09月17日
天津市,天津市,天津档案处理员，双休，8小时，缴纳五险一金,广州海仑企业服务有限公司,天津市·天津市·河东区,学历不限,2,视力残疾1-4级;听力残疾1-4级;言语残疾1-4级;肢体残疾1-4级;智力残疾1-4级;精神残疾1-4级;多重残疾1-4级;,是,见原平台,中国残联就业服务平台（动态接口）,https://www.cdpee.org.cn/,2026年09月17日
云南省,昭通市,艾草加工，种植,云南鑫会盟艾绒制品生产有限公司,云南省·昭通市·巧家县,学历不限,100,视力残疾4级;听力残疾4级;言语残疾4级;肢体残疾4级;智力残疾4级;精神残疾4级;,是,见原平台,中国残联就业服务平台（动态接口）,https://www.cdpee.org.cn/,2026年09月17日
江苏省,宿迁市,食品加工处理,宿迁市宿城区陆小青猪肉批发经营部,江苏省·宿迁市·湖滨新区,小学,100,"视力残疾3,4级;听力残疾3,4级;肢体残疾3,4级;智力残疾4级;多重残疾3,4级;",是,见原平台,中国残联就业服务平台（动态接口）,https://www.cdpee.org.cn/,2026年09月17日
湖南省,株洲市,垃圾清运工,湖南仁仁洁国际清洁科技集团股份有限公司荷塘分公司,湖南省·株洲市·荷塘区,学历不限,1,言语残疾1级;智力残疾1级;,是,见原平台,中国残联就业服务平台（动态接口）,https://www.cdpee.org.cn/,2026年09月17日
江苏省,徐州市,江苏徐州组件工+早八晚六+包吃+五险+坐班,陕西致广人力资源有限公司,江苏省·徐州市·邳州市,学历不限,20,"视力残疾1-4级;听力残疾1-4级;言语残疾1-4级;肢体残疾1-4级;智力残疾3,4级;多重残疾1-4级;",是,见原平台,中国残联就业服务平台（动态接口）,https://www.cdpee.org.cn/,2026年09月17日
浙江省,舟山市,餐饮传菜员,舟山市普陀怡港酒店管理有限公司普陀开元大酒店,浙江省·舟山市·普陀区,,,视力残疾1-4级;听力残疾1-4级;言语残疾1-4级;肢体残疾1-4级;智力残疾1-4级;精神残疾1-4级;多重残疾1-4级;,是,见原平台,中国残联就业服务平台（动态接口）,https://www.cdpee.org.cn/,2026年04月22日
广东省,江门市,生产工,江门市霞光照明电器有限公司,广东省·江门市·蓬江区,学历不限,1,听力残疾2-4级;言语残疾2-4级;肢体残疾4级;智力残疾4级;多重残疾4级;,是,见原平台,中国残联就业服务平台（动态接口）,https://www.cdpee.org.cn/,2026年09月17日
江苏省,泰州市,推拿师傅,南通印括健康科技有限公司,江苏省·泰州市·海陵区,学历不限,,视力残疾1-4级;听力残疾1-4级;言语残疾1-4级;肢体残疾1-4级;智力残疾1-4级;精神残疾1-4级;多重残疾1-4级;,是,见原平台,中国残联就业服务平台（动态接口）,https://www.cdpee.org.cn/,2026年08月07日
吉林省,吉林市,短视频拍摄剪辑,吉林市大聪明文化传媒有限公司,吉林省·吉林市·昌邑区,学历不限,,视力残疾1-4级;听力残疾1-4级;言语残疾1-4级;肢体残疾1-4级;智力残疾1-4级;精神残疾1-4级;多重残疾1-4级;,是,见原平台,中国残联就业服务平台（动态接口）,https://www.cdpee.org.cn/,2026年07月10日
上海市,上海市,行政助理（上海闵行区）,北京易才人力资源顾问有限公司,上海市·上海市·闵行区,大专,1,视力残疾1-3级;听力残疾1-3级;言语残疾1-3级;肢体残疾1-3级;智力残疾1-3级;精神残疾1-3级;多重残疾1-3级;,是,见原平台,中国残联就业服务平台（动态接口）,https://www.cdpee.org.cn/,2026年08月17日
江苏省,南京市,HR招聘,北京易才人力资源顾问有限公司,江苏省·南京市·建邺区,大专,1,视力残疾1-3级;听力残疾1-3级;言语残疾1-3级;肢体残疾1-3级;智力残疾1-3级;精神残疾1-3级;多重残疾1-3级;,是,见原平台,中国残联就业服务平台（动态接口）,https://www.cdpee.org.cn/,2026年05月22日
四川省,成都市,成都急招（残疾人福利岗）五险一金，长白8小时，高薪技术岗,广州海仑企业服务有限公司,四川省·成都市·锦江区,学历不限,3,视力残疾1-4级;听力残疾1-4级;言语残疾1-4级;肢体残疾1-4级;智力残疾1-4级;精神残疾1-4级;多重残疾1-4级;,是,见原平台,中国残联就业服务平台（动态接口）,https://www.cdpee.org.cn/,2026年09月17日
天津市,天津市,天津档案处理员，双休，8小时，缴纳五险一金,广州海仑企业服务有限公司,天津市·天津市·河东区,学历不限,2,视力残疾1-4级;听力残疾1-4级;言语残疾1-4级;肢体残疾1-4级;智力残疾1-4级;精神残疾1-4级;多重残疾1-4级;,是,见原平台,中国残联就业服务平台（动态接口）,https://www.cdpee.org.cn/,2026年09月17日
云南省,昭通市,艾草加工，种植,云南鑫会盟艾绒制品生产有限公司,云南省·昭通市·巧家县,学历不限,100,视力残疾4级;听力残疾4级;言语残疾4级;肢体残疾4级;智力残疾4级;精神残疾4级;,是,见原平台,中国残联就业服务平台（动态接口）,https://www.cdpee.org.cn/,2026年09月17日
江苏省,宿迁市,食品加工处理,宿迁市宿城区陆小青猪肉批发经营部,江苏省·宿迁市·湖滨新区,小学,100,"视力残疾3,4级;听力残疾3,4级;肢体残疾3,4级;智力残疾4级;多重残疾3,4级;",是,见原平台,中国残联就业服务平台（动态接口）,https://www.cdpee.org.cn/,2026年09月17日
湖南省,株洲市,垃圾清运工,湖南仁仁洁国际清洁科技集团股份有限公司荷塘分公司,湖南省·株洲市·荷塘区,学历不限,1,言语残疾1级;智力残疾1级;,是,见原平台,中国残联就业服务平台（动态接口）,https://www.cdpee.org.cn/,2026年09月17日
江苏省,徐州市,江苏徐州组件工+早八晚六+包吃+五险+坐班,陕西致广人力资源有限公司,江苏省·徐州市·邳州市,学历不限,20,"视力残疾1-4级;听力残疾1-4级;言语残疾1-4级;肢体残疾1-4级;智力残疾3,4级;多重残疾1-4级;",是,见原平台,中国残联就业服务平台（动态接口）,https://www.cdpee.org.cn/,2026年09月17日
浙江省,舟山市,餐饮传菜员,舟山市普陀怡港酒店管理有限公司普陀开元大酒店,浙江省·舟山市·普陀区,,,视力残疾1-4级;听力残疾1-4级;言语残疾1-4级;肢体残疾1-4级;智力残疾1-4级;精神残疾1-4级;多重残疾1-4级;,是,见原平台,中国残联就业服务平台（动态接口）,https://www.cdpee.org.cn/,2026年04月22日
广东省,江门市,生产工,江门市霞光照明电器有限公司,广东省·江门市·蓬江区,学历不限,1,听力残疾2-4级;言语残疾2-4级;肢体残疾4级;智力残疾4级;多重残疾4级;,是,见原平台,中国残联就业服务平台（动态接口）,https://www.cdpee.org.cn/,2026年09月17日
江苏省,泰州市,推拿师傅,南通印括健康科技有限公司,江苏省·泰州市·海陵区,学历不限,,视力残疾1-4级;听力残疾1-4级;言语残疾1-4级;肢体残疾1-4级;智力残疾1-4级;精神残疾1-4级;多重残疾1-4级;,是,见原平台,中国残联就业服务平台（动态接口）,https://www.cdpee.org.cn/,2026年08月07日
吉林省,吉林市,短视频拍摄剪辑,吉林市大聪明文化传媒有限公司,吉林省·吉林市·昌邑区,学历不限,,视力残疾1-4级;听力残疾1-4级;言语残疾1-4级;肢体残疾1-4级;智力残疾1-4级;精神残疾1-4级;多重残疾1-4级;,是,见原平台,中国残联就业服务平台（动态接口）,https://www.cdpee.org.cn/,2026年07月10日
上海市,上海市,行政助理（上海闵行区）,北京易才人力资源顾问有限公司,上海市·上海市·闵行区,大专,1,视力残疾1-3级;听力残疾1-3级;言语残疾1-3级;肢体残疾1-3级;智力残疾1-3级;精神残疾1-3级;多重残疾1-3级;,是,见原平台,中国残联就业服务平台（动态接口）,https://www.cdpee.org.cn/,2026年08月17日
江苏省,南京市,HR招聘,北京易才人力资源顾问有限公司,江苏省·南京市·建邺区,大专,1,视力残疾1-3级;听力残疾1-3级;言语残疾1-3级;肢体残疾1-3级;智力残疾1-3级;精神残疾1-3级;多重残疾1-3级;,是,见原平台,中国残联就业服务平台（动态接口）,https://www.cdpee.org.cn/,2026年05月22日
四川省,成都市,成都急招（残疾人福利岗）五险一金，长白8小时，高薪技术岗,广州海仑企业服务有限公司,四川省·成都市·锦江区,学历不限,3,视力残疾1-4级;听力残疾1-4级;言语残疾1-4级;肢体残疾1-4级;智力残疾1-4级;精神残疾1-4级;多重残疾1-4级;,是,见原平台,中国残联就业服务平台（动态接口）,https://www.cdpee.org.cn/,2026年09月17日
天津市,天津市,天津档案处理员，双休，8小时，缴纳五险一金,广州海仑企业服务有限公司,天津市·天津市·河东区,学历不限,2,视力残疾1-4级;听力残疾1-4级;言语残疾1-4级;肢体残疾1-4级;智力残疾1-4级;精神残疾1-4级;多重残疾1-4级;,是,见原平台,中国残联就业服务平台（动态接口）,https://www.cdpee.org.cn/,2026年09月17日
云南省,昭通市,艾草加工，种植,云南鑫会盟艾绒制品生产有限公司,云南省·昭通市·巧家县,学历不限,100,视力残疾4级;听力残疾4级;言语残疾4级;肢体残疾4级;智力残疾4级;精神残疾4级;,是,见原平台,中国残联就业服务平台（动态接口）,https://www.cdpee.org.cn/,2026年09月17日
江苏省,宿迁市,食品加工处理,宿迁市宿城区陆小青猪肉批发经营部,江苏省·宿迁市·湖滨新区,小学,100,"视力残疾3,4级;听力残疾3,4级;肢体残疾3,4级;智力残疾4级;多重残疾3,4级;",是,见原平台,中国残联就业服务平台（动态接口）,https://www.cdpee.org.cn/,2026年09月17日
湖南省,株洲市,垃圾清运工,湖南仁仁洁国际清洁科技集团股份有限公司荷塘分公司,湖南省·株洲市·荷塘区,学历不限,1,言语残疾1级;智力残疾1级;,是,见原平台,中国残联就业服务平台（动态接口）,https://www.cdpee.org.cn/,2026年09月17日
江苏省,徐州市,江苏徐州组件工+早八晚六+包吃+五险+坐班,陕西致广人力资源有限公司,江苏省·徐州市·邳州市,学历不限,20,"视力残疾1-4级;听力残疾1-4级;言语残疾1-4级;肢体残疾1-4级;智力残疾3,4级;多重残疾1-4级;",是,见原平台,中国残联就业服务平台（动态接口）,https://www.cdpee.org.cn/,2026年09月17日
浙江省,舟山市,餐饮传菜员,舟山市普陀怡港酒店管理有限公司普陀开元大酒店,浙江省·舟山市·普陀区,,,视力残疾1-4级;听力残疾1-4级;言语残疾1-4级;肢体残疾1-4级;智力残疾1-4级;精神残疾1-4级;多重残疾1-4级;,是,见原平台,中国残联就业服务平台（动态接口）,https://www.cdpee.org.cn/,2026年04月22日
广东省,江门市,生产工,江门市霞光照明电器有限公司,广东省·江门市·蓬江区,学历不限,1,听力残疾2-4级;言语残疾2-4级;肢体残疾4级;智力残疾4级;多重残疾4级;,是,见原平台,中国残联就业服务平台（动态接口）,https://www.cdpee.org.cn/,2026年09月17日
江苏省,泰州市,推拿师傅,南通印括健康科技有限公司,江苏省·泰州市·海陵区,学历不限,,视力残疾1-4级;听力残疾1-4级;言语残疾1-4级;肢体残疾1-4级;智力残疾1-4级;精神残疾1-4级;多重残疾1-4级;,是,见原平台,中国残联就业服务平台（动态接口）,https://www.cdpee.org.cn/,2026年08月07日
吉林省,吉林市,短视频拍摄剪辑,吉林市大聪明文化传媒有限公司,吉林省·吉林市·昌邑区,学历不限,,视力残疾1-4级;听力残疾1-4级;言语残疾1-4级;肢体残疾1-4级;智力残疾1-4级;精神残疾1-4级;多重残疾1-4级;,是,见原平台,中国残联就业服务平台（动态接口）,https://www.cdpee.org.cn/,2026年07月10日
上海市,上海市,行政助理（上海闵行区）,北京易才人力资源顾问有限公司,上海市·上海市·闵行区,大专,1,视力残疾1-3级;听力残疾1-3级;言语残疾1-3级;肢体残疾1-3级;智力残疾1-3级;精神残疾1-3级;多重残疾1-3级;,是,见原平台,中国残联就业服务平台（动态接口）,https://www.cdpee.org.cn/,2026年08月17日
江苏省,南京市,HR招聘,北京易才人力资源顾问有限公司,江苏省·南京市·建邺区,大专,1,视力残疾1-3级;听力残疾1-3级;言语残疾1-3级;肢体残疾1-3级;智力残疾1-3级;精神残疾1-3级;多重残疾1-3级;,是,见原平台,中国残联就业服务平台（动态接口）,https://www.cdpee.org.cn/,2026年05月22日
四川省,成都市,成都急招（残疾人福利岗）五险一金，长白8小时，高薪技术岗,广州海仑企业服务有限公司,四川省·成都市·锦江区,学历不限,3,视力残疾1-4级;听力残疾1-4级;言语残疾1-4级;肢体残疾1-4级;智力残疾1-4级;精神残疾1-4级;多重残疾1-4级;,是,见原平台,中国残联就业服务平台（动态接口）,https://www.cdpee.org.cn/,2026年09月17日
天津市,天津市,天津档案处理员，双休，8小时，缴纳五险一金,广州海仑企业服务有限公司,天津市·天津市·河东区,学历不限,2,视力残疾1-4级;听力残疾1-4级;言语残疾1-4级;肢体残疾1-4级;智力残疾1-4级;精神残疾1-4级;多重残疾1-4级;,是,见原平台,中国残联就业服务平台（动态接口）,https://www.cdpee.org.cn/,2026年09月17日
云南省,昭通市,艾草加工，种植,云南鑫会盟艾绒制品生产有限公司,云南省·昭通市·巧家县,学历不限,100,视力残疾4级;听力残疾4级;言语残疾4级;肢体残疾4级;智力残疾4级;精神残疾4级;,是,见原平台,中国残联就业服务平台（动态接口）,https://www.cdpee.org.cn/,2026年09月17日
江苏省,宿迁市,食品加工处理,宿迁市宿城区陆小青猪肉批发经营部,江苏省·宿迁市·湖滨新区,小学,100,"视力残疾3,4级;听力残疾3,4级;肢体残疾3,4级;智力残疾4级;多重残疾3,4级;",是,见原平台,中国残联就业服务平台（动态接口）,https://www.cdpee.org.cn/,2026年09月17日
湖南省,株洲市,垃圾清运工,湖南仁仁洁国际清洁科技集团股份有限公司荷塘分公司,湖南省·株洲市·荷塘区,学历不限,1,言语残疾1级;智力残疾1级;,是,见原平台,中国残联就业服务平台（动态接口）,https://www.cdpee.org.cn/,2026年09月17日
江苏省,徐州市,江苏徐州组件工+早八晚六+包吃+五险+坐班,陕西致广人力资源有限公司,江苏省·徐州市·邳州市,学历不限,20,"视力残疾1-4级;听力残疾1-4级;言语残疾1-4级;肢体残疾1-4级;智力残疾3,4级;多重残疾1-4级;",是,见原平台,中国残联就业服务平台（动态接口）,https://www.cdpee.org.cn/,2026年09月17日
上海市,上海市,新人一周必开单/100%一手精准 数据贷款销售,上海懿狄信息科技有限公司,上海市·上海市,高中/中专,,视力残疾1-4级;听力残疾1-4级;言语残疾1-4级;肢体残疾1-4级;智力残疾1-4级;精神残疾1-4级;多重残疾1-4级;,是,见原平台,中国残联就业服务平台（动态接口）,https://www.cdpee.org.cn/,2026年08月26日
山东省,青岛市,咖啡师,瑞幸咖啡（青岛）有限公司市北区第五十四咖啡店,山东省·青岛市·市北区,,,视力残疾1-4级;听力残疾1-4级;言语残疾1-4级;肢体残疾1-4级;智力残疾1-4级;精神残疾1-4级;多重残疾1-4级;,是,见原平台,中国残联就业服务平台（动态接口）,https://www.cdpee.org.cn/,2026年04月29日
广东省,江门市,生产工,江门市霞光照明电器有限公司,广东省·江门市·蓬江区,学历不限,1,听力残疾2-4级;言语残疾2-4级;肢体残疾4级;智力残疾4级;多重残疾4级;,是,见原平台,中国残联就业服务平台（动态接口）,https://www.cdpee.org.cn/,2026年09月17日
上海市,上海市,行政助理（上海闵行区）,北京易才人力资源顾问有限公司,上海市·上海市·闵行区,大专,1,视力残疾1-3级;听力残疾1-3级;言语残疾1-3级;肢体残疾1-3级;智力残疾1-3级;精神残疾1-3级;多重残疾1-3级;,是,见原平台,中国残联就业服务平台（动态接口）,https://www.cdpee.org.cn/,2026年08月17日
江苏省,南京市,HR招聘,北京易才人力资源顾问有限公司,江苏省·南京市·建邺区,大专,1,视力残疾1-3级;听力残疾1-3级;言语残疾1-3级;肢体残疾1-3级;智力残疾1-3级;精神残疾1-3级;多重残疾1-3级;,是,见原平台,中国残联就业服务平台（动态接口）,https://www.cdpee.org.cn/,2026年05月22日
四川省,成都市,成都急招（残疾人福利岗）五险一金，长白8小时，高薪技术岗,广州海仑企业服务有限公司,四川省·成都市·锦江区,学历不限,3,视力残疾1-4级;听力残疾1-4级;言语残疾1-4级;肢体残疾1-4级;智力残疾1-4级;精神残疾1-4级;多重残疾1-4级;,是,见原平台,中国残联就业服务平台（动态接口）,https://www.cdpee.org.cn/,2026年09月17日
天津市,天津市,天津档案处理员，双休，8小时，缴纳五险一金,广州海仑企业服务有限公司,天津市·天津市·河东区,学历不限,2,视力残疾1-4级;听力残疾1-4级;言语残疾1-4级;肢体残疾1-4级;智力残疾1-4级;精神残疾1-4级;多重残疾1-4级;,是,见原平台,中国残联就业服务平台（动态接口）,https://www.cdpee.org.cn/,2026年09月17日
云南省,昭通市,艾草加工，种植,云南鑫会盟艾绒制品生产有限公司,云南省·昭通市·巧家县,学历不限,100,视力残疾4级;听力残疾4级;言语残疾4级;肢体残疾4级;智力残疾4级;精神残疾4级;,是,见原平台,中国残联就业服务平台（动态接口）,https://www.cdpee.org.cn/,2026年09月17日
湖南省,永州市,厨师,永州市冷水滩区见一面小吃店（个体工商户）,湖南省·永州市·冷水滩区,学历不限,,视力残疾1-4级;听力残疾1-4级;言语残疾1-4级;肢体残疾1-4级;智力残疾1-4级;精神残疾1-4级;多重残疾1-4级;,是,见原平台,中国残联就业服务平台（动态接口）,https://www.cdpee.org.cn/,2026年08月18日
江苏省,宿迁市,食品加工处理,宿迁市宿城区陆小青猪肉批发经营部,江苏省·宿迁市·湖滨新区,小学,100,"视力残疾3,4级;听力残疾3,4级;肢体残疾3,4级;智力残疾4级;多重残疾3,4级;",是,见原平台,中国残联就业服务平台（动态接口）,https://www.cdpee.org.cn/,2026年09月17日
湖南省,株洲市,垃圾清运工,湖南仁仁洁国际清洁科技集团股份有限公司荷塘分公司,湖南省·株洲市·荷塘区,学历不限,1,言语残疾1级;智力残疾1级;,是,见原平台,中国残联就业服务平台（动态接口）,https://www.cdpee.org.cn/,2026年09月17日
江苏省,徐州市,江苏徐州组件工+早八晚六+包吃+五险+坐班,陕西致广人力资源有限公司,江苏省·徐州市·邳州市,学历不限,20,"视力残疾1-4级;听力残疾1-4级;言语残疾1-4级;肢体残疾1-4级;智力残疾3,4级;多重残疾1-4级;",是,见原平台,中国残联就业服务平台（动态接口）,https://www.cdpee.org.cn/,2026年09月17日
上海市,上海市,新人一周必开单/100%一手精准 数据贷款销售,上海懿狄信息科技有限公司,上海市·上海市,高中/中专,,视力残疾1-4级;听力残疾1-4级;言语残疾1-4级;肢体残疾1-4级;智力残疾1-4级;精神残疾1-4级;多重残疾1-4级;,是,见原平台,中国残联就业服务平台（动态接口）,https://www.cdpee.org.cn/,2026年08月26日
山东省,青岛市,咖啡师,瑞幸咖啡（青岛）有限公司市北区第五十四咖啡店,山东省·青岛市·市北区,,,视力残疾1-4级;听力残疾1-4级;言语残疾1-4级;肢体残疾1-4级;智力残疾1-4级;精神残疾1-4级;多重残疾1-4级;,是,见原平台,中国残联就业服务平台（动态接口）,https://www.cdpee.org.cn/,2026年04月29日
广东省,江门市,生产工,江门市霞光照明电器有限公司,广东省·江门市·蓬江区,学历不限,1,听力残疾2-4级;言语残疾2-4级;肢体残疾4级;智力残疾4级;多重残疾4级;,是,见原平台,中国残联就业服务平台（动态接口）,https://www.cdpee.org.cn/,2026年09月17日
上海市,上海市,行政助理（上海闵行区）,北京易才人力资源顾问有限公司,上海市·上海市·闵行区,大专,1,视力残疾1-3级;听力残疾1-3级;言语残疾1-3级;肢体残疾1-3级;智力残疾1-3级;精神残疾1-3级;多重残疾1-3级;,是,见原平台,中国残联就业服务平台（动态接口）,https://www.cdpee.org.cn/,2026年08月17日
江苏省,南京市,HR招聘,北京易才人力资源顾问有限公司,江苏省·南京市·建邺区,大专,1,视力残疾1-3级;听力残疾1-3级;言语残疾1-3级;肢体残疾1-3级;智力残疾1-3级;精神残疾1-3级;多重残疾1-3级;,是,见原平台,中国残联就业服务平台（动态接口）,https://www.cdpee.org.cn/,2026年05月22日
四川省,成都市,成都急招（残疾人福利岗）五险一金，长白8小时，高薪技术岗,广州海仑企业服务有限公司,四川省·成都市·锦江区,学历不限,3,视力残疾1-4级;听力残疾1-4级;言语残疾1-4级;肢体残疾1-4级;智力残疾1-4级;精神残疾1-4级;多重残疾1-4级;,是,见原平台,中国残联就业服务平台（动态接口）,https://www.cdpee.org.cn/,2026年09月17日
天津市,天津市,天津档案处理员，双休，8小时，缴纳五险一金,广州海仑企业服务有限公司,天津市·天津市·河东区,学历不限,2,视力残疾1-4级;听力残疾1-4级;言语残疾1-4级;肢体残疾1-4级;智力残疾1-4级;精神残疾1-4级;多重残疾1-4级;,是,见原平台,中国残联就业服务平台（动态接口）,https://www.cdpee.org.cn/,2026年09月17日
云南省,昭通市,艾草加工，种植,云南鑫会盟艾绒制品生产有限公司,云南省·昭通市·巧家县,学历不限,100,视力残疾4级;听力残疾4级;言语残疾4级;肢体残疾4级;智力残疾4级;精神残疾4级;,是,见原平台,中国残联就业服务平台（动态接口）,https://www.cdpee.org.cn/,2026年09月17日
湖南省,永州市,厨师,永州市冷水滩区见一面小吃店（个体工商户）,湖南省·永州市·冷水滩区,学历不限,,视力残疾1-4级;听力残疾1-4级;言语残疾1-4级;肢体残疾1-4级;智力残疾1-4级;精神残疾1-4级;多重残疾1-4级;,是,见原平台,中国残联就业服务平台（动态接口）,https://www.cdpee.org.cn/,2026年08月18日
江苏省,宿迁市,食品加工处理,宿迁市宿城区陆小青猪肉批发经营部,江苏省·宿迁市·湖滨新区,小学,100,"视力残疾3,4级;听力残疾3,4级;肢体残疾3,4级;智力残疾4级;多重残疾3,4级;",是,见原平台,中国残联就业服务平台（动态接口）,https://www.cdpee.org.cn/,2026年09月17日
湖南省,株洲市,垃圾清运工,湖南仁仁洁国际清洁科技集团股份有限公司荷塘分公司,湖南省·株洲市·荷塘区,学历不限,1,言语残疾1级;智力残疾1级;,是,见原平台,中国残联就业服务平台（动态接口）,https://www.cdpee.org.cn/,2026年09月17日
江苏省,徐州市,江苏徐州组件工+早八晚六+包吃+五险+坐班,陕西致广人力资源有限公司,江苏省·徐州市·邳州市,学历不限,20,"视力残疾1-4级;听力残疾1-4级;言语残疾1-4级;肢体残疾1-4级;智力残疾3,4级;多重残疾1-4级;",是,见原平台,中国残联就业服务平台（动态接口）,https://www.cdpee.org.cn/,2026年09月17日
上海市,上海市,新人一周必开单/100%一手精准 数据贷款销售,上海懿狄信息科技有限公司,上海市·上海市,高中/中专,,视力残疾1-4级;听力残疾1-4级;言语残疾1-4级;肢体残疾1-4级;智力残疾1-4级;精神残疾1-4级;多重残疾1-4级;,是,见原平台,中国残联就业服务平台（动态接口）,https://www.cdpee.org.cn/,2026年08月26日
山东省,青岛市,咖啡师,瑞幸咖啡（青岛）有限公司市北区第五十四咖啡店,山东省·青岛市·市北区,,,视力残疾1-4级;听力残疾1-4级;言语残疾1-4级;肢体残疾1-4级;智力残疾1-4级;精神残疾1-4级;多重残疾1-4级;,是,见原平台,中国残联就业服务平台（动态接口）,https://www.cdpee.org.cn/,2026年04月29日
广东省,江门市,生产工,江门市霞光照明电器有限公司,广东省·江门市·蓬江区,学历不限,1,听力残疾2-4级;言语残疾2-4级;肢体残疾4级;智力残疾4级;多重残疾4级;,是,见原平台,中国残联就业服务平台（动态接口）,https://www.cdpee.org.cn/,2026年09月17日
上海市,上海市,行政助理（上海闵行区）,北京易才人力资源顾问有限公司,上海市·上海市·闵行区,大专,1,视力残疾1-3级;听力残疾1-3级;言语残疾1-3级;肢体残疾1-3级;智力残疾1-3级;精神残疾1-3级;多重残疾1-3级;,是,见原平台,中国残联就业服务平台（动态接口）,https://www.cdpee.org.cn/,2026年08月17日
江苏省,南京市,HR招聘,北京易才人力资源顾问有限公司,江苏省·南京市·建邺区,大专,1,视力残疾1-3级;听力残疾1-3级;言语残疾1-3级;肢体残疾1-3级;智力残疾1-3级;精神残疾1-3级;多重残疾1-3级;,是,见原平台,中国残联就业服务平台（动态接口）,https://www.cdpee.org.cn/,2026年05月22日
四川省,成都市,成都急招（残疾人福利岗）五险一金，长白8小时，高薪技术岗,广州海仑企业服务有限公司,四川省·成都市·锦江区,学历不限,3,视力残疾1-4级;听力残疾1-4级;言语残疾1-4级;肢体残疾1-4级;智力残疾1-4级;精神残疾1-4级;多重残疾1-4级;,是,见原平台,中国残联就业服务平台（动态接口）,https://www.cdpee.org.cn/,2026年09月17日
天津市,天津市,天津档案处理员，双休，8小时，缴纳五险一金,广州海仑企业服务有限公司,天津市·天津市·河东区,学历不限,2,视力残疾1-4级;听力残疾1-4级;言语残疾1-4级;肢体残疾1-4级;智力残疾1-4级;精神残疾1-4级;多重残疾1-4级;,是,见原平台,中国残联就业服务平台（动态接口）,https://www.cdpee.org.cn/,2026年09月17日
云南省,昭通市,艾草加工，种植,云南鑫会盟艾绒制品生产有限公司,云南省·昭通市·巧家县,学历不限,100,视力残疾4级;听力残疾4级;言语残疾4级;肢体残疾4级;智力残疾4级;精神残疾4级;,是,见原平台,中国残联就业服务平台（动态接口）,https://www.cdpee.org.cn/,2026年09月17日
湖南省,永州市,厨师,永州市冷水滩区见一面小吃店（个体工商户）,湖南省·永州市·冷水滩区,学历不限,,视力残疾1-4级;听力残疾1-4级;言语残疾1-4级;肢体残疾1-4级;智力残疾1-4级;精神残疾1-4级;多重残疾1-4级;,是,见原平台,中国残联就业服务平台（动态接口）,https://www.cdpee.org.cn/,2026年08月18日
江苏省,宿迁市,食品加工处理,宿迁市宿城区陆小青猪肉批发经营部,江苏省·宿迁市·湖滨新区,小学,100,"视力残疾3,4级;听力残疾3,4级;肢体残疾3,4级;智力残疾4级;多重残疾3,4级;",是,见原平台,中国残联就业服务平台（动态接口）,https://www.cdpee.org.cn/,2026年09月17日
湖南省,株洲市,垃圾清运工,湖南仁仁洁国际清洁科技集团股份有限公司荷塘分公司,湖南省·株洲市·荷塘区,学历不限,1,言语残疾1级;智力残疾1级;,是,见原平台,中国残联就业服务平台（动态接口）,https://www.cdpee.org.cn/,2026年09月17日
江苏省,徐州市,江苏徐州组件工+早八晚六+包吃+五险+坐班,陕西致广人力资源有限公司,江苏省·徐州市·邳州市,学历不限,20,"视力残疾1-4级;听力残疾1-4级;言语残疾1-4级;肢体残疾1-4级;智力残疾3,4级;多重残疾1-4级;",是,见原平台,中国残联就业服务平台（动态接口）,https://www.cdpee.org.cn/,2026年09月17日
上海市,上海市,新人一周必开单/100%一手精准 数据贷款销售,上海懿狄信息科技有限公司,上海市·上海市,高中/中专,,视力残疾1-4级;听力残疾1-4级;言语残疾1-4级;肢体残疾1-4级;智力残疾1-4级;精神残疾1-4级;多重残疾1-4级;,是,见原平台,中国残联就业服务平台（动态接口）,https://www.cdpee.org.cn/,2026年08月26日
山东省,青岛市,咖啡师,瑞幸咖啡（青岛）有限公司市北区第五十四咖啡店,山东省·青岛市·市北区,,,视力残疾1-4级;听力残疾1-4级;言语残疾1-4级;肢体残疾1-4级;智力残疾1-4级;精神残疾1-4级;多重残疾1-4级;,是,见原平台,中国残联就业服务平台（动态接口）,https://www.cdpee.org.cn/,2026年04月29日
广东省,江门市,生产工,江门市霞光照明电器有限公司,广东省·江门市·蓬江区,学历不限,1,听力残疾2-4级;言语残疾2-4级;肢体残疾4级;智力残疾4级;多重残疾4级;,是,见原平台,中国残联就业服务平台（动态接口）,https://www.cdpee.org.cn/,2026年09月17日
上海市,上海市,行政助理（上海闵行区）,北京易才人力资源顾问有限公司,上海市·上海市·闵行区,大专,1,视力残疾1-3级;听力残疾1-3级;言语残疾1-3级;肢体残疾1-3级;智力残疾1-3级;精神残疾1-3级;多重残疾1-3级;,是,见原平台,中国残联就业服务平台（动态接口）,https://www.cdpee.org.cn/,2026年08月17日
江苏省,南京市,HR招聘,北京易才人力资源顾问有限公司,江苏省·南京市·建邺区,大专,1,视力残疾1-3级;听力残疾1-3级;言语残疾1-3级;肢体残疾1-3级;智力残疾1-3级;精神残疾1-3级;多重残疾1-3级;,是,见原平台,中国残联就业服务平台（动态接口）,https://www.cdpee.org.cn/,2026年05月22日
四川省,成都市,成都急招（残疾人福利岗）五险一金，长白8小时，高薪技术岗,广州海仑企业服务有限公司,四川省·成都市·锦江区,学历不限,3,视力残疾1-4级;听力残疾1-4级;言语残疾1-4级;肢体残疾1-4级;智力残疾1-4级;精神残疾1-4级;多重残疾1-4级;,是,见原平台,中国残联就业服务平台（动态接口）,https://www.cdpee.org.cn/,2026年09月17日
天津市,天津市,天津档案处理员，双休，8小时，缴纳五险一金,广州海仑企业服务有限公司,天津市·天津市·河东区,学历不限,2,视力残疾1-4级;听力残疾1-4级;言语残疾1-4级;肢体残疾1-4级;智力残疾1-4级;精神残疾1-4级;多重残疾1-4级;,是,见原平台,中国残联就业服务平台（动态接口）,https://www.cdpee.org.cn/,2026年09月17日
云南省,昭通市,艾草加工，种植,云南鑫会盟艾绒制品生产有限公司,云南省·昭通市·巧家县,学历不限,100,视力残疾4级;听力残疾4级;言语残疾4级;肢体残疾4级;智力残疾4级;精神残疾4级;,是,见原平台,中国残联就业服务平台（动态接口）,https://www.cdpee.org.cn/,2026年09月17日
湖南省,永州市,厨师,永州市冷水滩区见一面小吃店（个体工商户）,湖南省·永州市·冷水滩区,学历不限,,视力残疾1-4级;听力残疾1-4级;言语残疾1-4级;肢体残疾1-4级;智力残疾1-4级;精神残疾1-4级;多重残疾1-4级;,是,见原平台,中国残联就业服务平台（动态接口）,https://www.cdpee.org.cn/,2026年08月18日
江苏省,宿迁市,食品加工处理,宿迁市宿城区陆小青猪肉批发经营部,江苏省·宿迁市·湖滨新区,小学,100,"视力残疾3,4级;听力残疾3,4级;肢体残疾3,4级;智力残疾4级;多重残疾3,4级;",是,见原平台,中国残联就业服务平台（动态接口）,https://www.cdpee.org.cn/,2026年09月17日
湖南省,株洲市,垃圾清运工,湖南仁仁洁国际清洁科技集团股份有限公司荷塘分公司,湖南省·株洲市·荷塘区,学历不限,1,言语残疾1级;智力残疾1级;,是,见原平台,中国残联就业服务平台（动态接口）,https://www.cdpee.org.cn/,2026年09月17日
江苏省,徐州市,江苏徐州组件工+早八晚六+包吃+五险+坐班,陕西致广人力资源有限公司,江苏省·徐州市·邳州市,学历不限,20,"视力残疾1-4级;听力残疾1-4级;言语残疾1-4级;肢体残疾1-4级;智力残疾3,4级;多重残疾1-4级;",是,见原平台,中国残联就业服务平台（动态接口）,https://www.cdpee.org.cn/,2026年09月17日
上海市,上海市,新人一周必开单/100%一手精准 数据贷款销售,上海懿狄信息科技有限公司,上海市·上海市,高中/中专,,视力残疾1-4级;听力残疾1-4级;言语残疾1-4级;肢体残疾1-4级;智力残疾1-4级;精神残疾1-4级;多重残疾1-4级;,是,见原平台,中国残联就业服务平台（动态接口）,https://www.cdpee.org.cn/,2026年08月26日
山东省,青岛市,咖啡师,瑞幸咖啡（青岛）有限公司市北区第五十四咖啡店,山东省·青岛市·市北区,,,视力残疾1-4级;听力残疾1-4级;言语残疾1-4级;肢体残疾1-4级;智力残疾1-4级;精神残疾1-4级;多重残疾1-4级;,是,见原平台,中国残联就业服务平台（动态接口）,https://www.cdpee.org.cn/,2026年04月29日
广东省,江门市,生产工,江门市霞光照明电器有限公司,广东省·江门市·蓬江区,学历不限,1,听力残疾2-4级;言语残疾2-4级;肢体残疾4级;智力残疾4级;多重残疾4级;,是,见原平台,中国残联就业服务平台（动态接口）,https://www.cdpee.org.cn/,2026年09月17日
上海市,上海市,行政助理（上海闵行区）,北京易才人力资源顾问有限公司,上海市·上海市·闵行区,大专,1,视力残疾1-3级;听力残疾1-3级;言语残疾1-3级;肢体残疾1-3级;智力残疾1-3级;精神残疾1-3级;多重残疾1-3级;,是,见原平台,中国残联就业服务平台（动态接口）,https://www.cdpee.org.cn/,2026年08月17日
江苏省,南京市,HR招聘,北京易才人力资源顾问有限公司,江苏省·南京市·建邺区,大专,1,视力残疾1-3级;听力残疾1-3级;言语残疾1-3级;肢体残疾1-3级;智力残疾1-3级;精神残疾1-3级;多重残疾1-3级;,是,见原平台,中国残联就业服务平台（动态接口）,https://www.cdpee.org.cn/,2026年05月22日
四川省,成都市,成都急招（残疾人福利岗）五险一金，长白8小时，高薪技术岗,广州海仑企业服务有限公司,四川省·成都市·锦江区,学历不限,3,视力残疾1-4级;听力残疾1-4级;言语残疾1-4级;肢体残疾1-4级;智力残疾1-4级;精神残疾1-4级;多重残疾1-4级;,是,见原平台,中国残联就业服务平台（动态接口）,https://www.cdpee.org.cn/,2026年09月17日
天津市,天津市,天津档案处理员，双休，8小时，缴纳五险一金,广州海仑企业服务有限公司,天津市·天津市·河东区,学历不限,2,视力残疾1-4级;听力残疾1-4级;言语残疾1-4级;肢体残疾1-4级;智力残疾1-4级;精神残疾1-4级;多重残疾1-4级;,是,见原平台,中国残联就业服务平台（动态接口）,https://www.cdpee.org.cn/,2026年09月17日
云南省,昭通市,艾草加工，种植,云南鑫会盟艾绒制品生产有限公司,云南省·昭通市·巧家县,学历不限,100,视力残疾4级;听力残疾4级;言语残疾4级;肢体残疾4级;智力残疾4级;精神残疾4级;,是,见原平台,中国残联就业服务平台（动态接口）,https://www.cdpee.org.cn/,2026年09月17日
湖南省,永州市,厨师,永州市冷水滩区见一面小吃店（个体工商户）,湖南省·永州市·冷水滩区,学历不限,,视力残疾1-4级;听力残疾1-4级;言语残疾1-4级;肢体残疾1-4级;智力残疾1-4级;精神残疾1-4级;多重残疾1-4级;,是,见原平台,中国残联就业服务平台（动态接口）,https://www.cdpee.org.cn/,2026年08月18日
江苏省,宿迁市,食品加工处理,宿迁市宿城区陆小青猪肉批发经营部,江苏省·宿迁市·湖滨新区,小学,100,"视力残疾3,4级;听力残疾3,4级;肢体残疾3,4级;智力残疾4级;多重残疾3,4级;",是,见原平台,中国残联就业服务平台（动态接口）,https://www.cdpee.org.cn/,2026年09月17日
湖南省,株洲市,垃圾清运工,湖南仁仁洁国际清洁科技集团股份有限公司荷塘分公司,湖南省·株洲市·荷塘区,学历不限,1,言语残疾1级;智力残疾1级;,是,见原平台,中国残联就业服务平台（动态接口）,https://www.cdpee.org.cn/,2026年09月17日
江苏省,徐州市,江苏徐州组件工+早八晚六+包吃+五险+坐班,陕西致广人力资源有限公司,江苏省·徐州市·邳州市,学历不限,20,"视力残疾1-4级;听力残疾1-4级;言语残疾1-4级;肢体残疾1-4级;智力残疾3,4级;多重残疾1-4级;",是,见原平台,中国残联就业服务平台（动态接口）,https://www.cdpee.org.cn/,2026年09月17日
上海市,上海市,新人一周必开单/100%一手精准 数据贷款销售,上海懿狄信息科技有限公司,上海市·上海市,高中/中专,,视力残疾1-4级;听力残疾1-4级;言语残疾1-4级;肢体残疾1-4级;智力残疾1-4级;精神残疾1-4级;多重残疾1-4级;,是,见原平台,中国残联就业服务平台（动态接口）,https://www.cdpee.org.cn/,2026年08月26日
山东省,青岛市,咖啡师,瑞幸咖啡（青岛）有限公司市北区第五十四咖啡店,山东省·青岛市·市北区,,,视力残疾1-4级;听力残疾1-4级;言语残疾1-4级;肢体残疾1-4级;智力残疾1-4级;精神残疾1-4级;多重残疾1-4级;,是,见原平台,中国残联就业服务平台（动态接口）,https://www.cdpee.org.cn/,2026年04月29日
广东省,江门市,生产工,江门市霞光照明电器有限公司,广东省·江门市·蓬江区,学历不限,1,听力残疾2-4级;言语残疾2-4级;肢体残疾4级;智力残疾4级;多重残疾4级;,是,见原平台,中国残联就业服务平台（动态接口）,https://www.cdpee.org.cn/,2026年09月17日
上海市,上海市,行政助理（上海闵行区）,北京易才人力资源顾问有限公司,上海市·上海市·闵行区,大专,1,视力残疾1-3级;听力残疾1-3级;言语残疾1-3级;肢体残疾1-3级;智力残疾1-3级;精神残疾1-3级;多重残疾1-3级;,是,见原平台,中国残联就业服务平台（动态接口）,https://www.cdpee.org.cn/,2026年08月17日
江苏省,南京市,HR招聘,北京易才人力资源顾问有限公司,江苏省·南京市·建邺区,大专,1,视力残疾1-3级;听力残疾1-3级;言语残疾1-3级;肢体残疾1-3级;智力残疾1-3级;精神残疾1-3级;多重残疾1-3级;,是,见原平台,中国残联就业服务平台（动态接口）,https://www.cdpee.org.cn/,2026年05月22日
四川省,成都市,成都急招（残疾人福利岗）五险一金，长白8小时，高薪技术岗,广州海仑企业服务有限公司,四川省·成都市·锦江区,学历不限,3,视力残疾1-4级;听力残疾1-4级;言语残疾1-4级;肢体残疾1-4级;智力残疾1-4级;精神残疾1-4级;多重残疾1-4级;,是,见原平台,中国残联就业服务平台（动态接口）,https://www.cdpee.org.cn/,2026年09月17日
天津市,天津市,天津档案处理员，双休，8小时，缴纳五险一金,广州海仑企业服务有限公司,天津市·天津市·河东区,学历不限,2,视力残疾1-4级;听力残疾1-4级;言语残疾1-4级;肢体残疾1-4级;智力残疾1-4级;精神残疾1-4级;多重残疾1-4级;,是,见原平台,中国残联就业服务平台（动态接口）,https://www.cdpee.org.cn/,2026年09月17日
云南省,昭通市,艾草加工，种植,云南鑫会盟艾绒制品生产有限公司,云南省·昭通市·巧家县,学历不限,100,视力残疾4级;听力残疾4级;言语残疾4级;肢体残疾4级;智力残疾4级;精神残疾4级;,是,见原平台,中国残联就业服务平台（动态接口）,https://www.cdpee.org.cn/,2026年09月17日
湖南省,永州市,厨师,永州市冷水滩区见一面小吃店（个体工商户）,湖南省·永州市·冷水滩区,学历不限,,视力残疾1-4级;听力残疾1-4级;言语残疾1-4级;肢体残疾1-4级;智力残疾1-4级;精神残疾1-4级;多重残疾1-4级;,是,见原平台,中国残联就业服务平台（动态接口）,https://www.cdpee.org.cn/,2026年08月18日
江苏省,宿迁市,食品加工处理,宿迁市宿城区陆小青猪肉批发经营部,江苏省·宿迁市·湖滨新区,小学,100,"视力残疾3,4级;听力残疾3,4级;肢体残疾3,4级;智力残疾4级;多重残疾3,4级;",是,见原平台,中国残联就业服务平台（动态接口）,https://www.cdpee.org.cn/,2026年09月17日
湖南省,株洲市,垃圾清运工,湖南仁仁洁国际清洁科技集团股份有限公司荷塘分公司,湖南省·株洲市·荷塘区,学历不限,1,言语残疾1级;智力残疾1级;,是,见原平台,中国残联就业服务平台（动态接口）,https://www.cdpee.org.cn/,2026年09月17日
江苏省,徐州市,江苏徐州组件工+早八晚六+包吃+五险+坐班,陕西致广人力资源有限公司,江苏省·徐州市·邳州市,学历不限,20,"视力残疾1-4级;听力残疾1-4级;言语残疾1-4级;肢体残疾1-4级;智力残疾3,4级;多重残疾1-4级;",是,见原平台,中国残联就业服务平台（动态接口）,https://www.cdpee.org.cn/,2026年09月17日
上海市,上海市,新人一周必开单/100%一手精准 数据贷款销售,上海懿狄信息科技有限公司,上海市·上海市,高中/中专,,视力残疾1-4级;听力残疾1-4级;言语残疾1-4级;肢体残疾1-4级;智力残疾1-4级;精神残疾1-4级;多重残疾1-4级;,是,见原平台,中国残联就业服务平台（动态接口）,https://www.cdpee.org.cn/,2026年08月26日
山东省,青岛市,咖啡师,瑞幸咖啡（青岛）有限公司市北区第五十四咖啡店,山东省·青岛市·市北区,,,视力残疾1-4级;听力残疾1-4级;言语残疾1-4级;肢体残疾1-4级;智力残疾1-4级;精神残疾1-4级;多重残疾1-4级;,是,见原平台,中国残联就业服务平台（动态接口）,https://www.cdpee.org.cn/,2026年04月29日
广东省,江门市,生产工,江门市霞光照明电器有限公司,广东省·江门市·蓬江区,学历不限,1,听力残疾2-4级;言语残疾2-4级;肢体残疾4级;智力残疾4级;多重残疾4级;,是,见原平台,中国残联就业服务平台（动态接口）,https://www.cdpee.org.cn/,2026年09月17日
上海市,上海市,行政助理（上海闵行区）,北京易才人力资源顾问有限公司,上海市·上海市·闵行区,大专,1,视力残疾1-3级;听力残疾1-3级;言语残疾1-3级;肢体残疾1-3级;智力残疾1-3级;精神残疾1-3级;多重残疾1-3级;,是,见原平台,中国残联就业服务平台（动态接口）,https://www.cdpee.org.cn/,2026年08月17日
江苏省,南京市,HR招聘,北京易才人力资源顾问有限公司,江苏省·南京市·建邺区,大专,1,视力残疾1-3级;听力残疾1-3级;言语残疾1-3级;肢体残疾1-3级;智力残疾1-3级;精神残疾1-3级;多重残疾1-3级;,是,见原平台,中国残联就业服务平台（动态接口）,https://www.cdpee.org.cn/,2026年05月22日
四川省,成都市,成都急招（残疾人福利岗）五险一金，长白8小时，高薪技术岗,广州海仑企业服务有限公司,四川省·成都市·锦江区,学历不限,3,视力残疾1-4级;听力残疾1-4级;言语残疾1-4级;肢体残疾1-4级;智力残疾1-4级;精神残疾1-4级;多重残疾1-4级;,是,见原平台,中国残联就业服务平台（动态接口）,https://www.cdpee.org.cn/,2026年09月17日
天津市,天津市,天津档案处理员，双休，8小时，缴纳五险一金,广州海仑企业服务有限公司,天津市·天津市·河东区,学历不限,2,视力残疾1-4级;听力残疾1-4级;言语残疾1-4级;肢体残疾1-4级;智力残疾1-4级;精神残疾1-4级;多重残疾1-4级;,是,见原平台,中国残联就业服务平台（动态接口）,https://www.cdpee.org.cn/,2026年09月17日
云南省,昭通市,艾草加工，种植,云南鑫会盟艾绒制品生产有限公司,云南省·昭通市·巧家县,学历不限,100,视力残疾4级;听力残疾4级;言语残疾4级;肢体残疾4级;智力残疾4级;精神残疾4级;,是,见原平台,中国残联就业服务平台（动态接口）,https://www.cdpee.org.cn/,2026年09月17日
湖南省,永州市,厨师,永州市冷水滩区见一面小吃店（个体工商户）,湖南省·永州市·冷水滩区,学历不限,,视力残疾1-4级;听力残疾1-4级;言语残疾1-4级;肢体残疾1-4级;智力残疾1-4级;精神残疾1-4级;多重残疾1-4级;,是,见原平台,中国残联就业服务平台（动态接口）,https://www.cdpee.org.cn/,2026年08月18日
江苏省,宿迁市,食品加工处理,宿迁市宿城区陆小青猪肉批发经营部,江苏省·宿迁市·湖滨新区,小学,100,"视力残疾3,4级;听力残疾3,4级;肢体残疾3,4级;智力残疾4级;多重残疾3,4级;",是,见原平台,中国残联就业服务平台（动态接口）,https://www.cdpee.org.cn/,2026年09月17日
湖南省,株洲市,垃圾清运工,湖南仁仁洁国际清洁科技集团股份有限公司荷塘分公司,湖南省·株洲市·荷塘区,学历不限,1,言语残疾1级;智力残疾1级;,是,见原平台,中国残联就业服务平台（动态接口）,https://www.cdpee.org.cn/,2026年09月17日
江苏省,徐州市,江苏徐州组件工+早八晚六+包吃+五险+坐班,陕西致广人力资源有限公司,江苏省·徐州市·邳州市,学历不限,20,"视力残疾1-4级;听力残疾1-4级;言语残疾1-4级;肢体残疾1-4级;智力残疾3,4级;多重残疾1-4级;",是,见原平台,中国残联就业服务平台（动态接口）,https://www.cdpee.org.cn/,2026年09月17日
上海市,上海市,新人一周必开单/100%一手精准 数据贷款销售,上海懿狄信息科技有限公司,上海市·上海市,高中/中专,,视力残疾1-4级;听力残疾1-4级;言语残疾1-4级;肢体残疾1-4级;智力残疾1-4级;精神残疾1-4级;多重残疾1-4级;,是,见原平台,中国残联就业服务平台（动态接口）,https://www.cdpee.org.cn/,2026年08月26日
山东省,青岛市,咖啡师,瑞幸咖啡（青岛）有限公司市北区第五十四咖啡店,山东省·青岛市·市北区,,,视力残疾1-4级;听力残疾1-4级;言语残疾1-4级;肢体残疾1-4级;智力残疾1-4级;精神残疾1-4级;多重残疾1-4级;,是,见原平台,中国残联就业服务平台（动态接口）,https://www.cdpee.org.cn/,2026年04月29日
广东省,江门市,生产工,江门市霞光照明电器有限公司,广东省·江门市·蓬江区,学历不限,1,听力残疾2-4级;言语残疾2-4级;肢体残疾4级;智力残疾4级;多重残疾4级;,是,见原平台,中国残联就业服务平台（动态接口）,https://www.cdpee.org.cn/,2026年09月17日
上海市,上海市,行政助理（上海闵行区）,北京易才人力资源顾问有限公司,上海市·上海市·闵行区,大专,1,视力残疾1-3级;听力残疾1-3级;言语残疾1-3级;肢体残疾1-3级;智力残疾1-3级;精神残疾1-3级;多重残疾1-3级;,是,见原平台,中国残联就业服务平台（动态接口）,https://www.cdpee.org.cn/,2026年08月17日
江苏省,南京市,HR招聘,北京易才人力资源顾问有限公司,江苏省·南京市·建邺区,大专,1,视力残疾1-3级;听力残疾1-3级;言语残疾1-3级;肢体残疾1-3级;智力残疾1-3级;精神残疾1-3级;多重残疾1-3级;,是,见原平台,中国残联就业服务平台（动态接口）,https://www.cdpee.org.cn/,2026年05月22日
四川省,成都市,成都急招（残疾人福利岗）五险一金，长白8小时，高薪技术岗,广州海仑企业服务有限公司,四川省·成都市·锦江区,学历不限,3,视力残疾1-4级;听力残疾1-4级;言语残疾1-4级;肢体残疾1-4级;智力残疾1-4级;精神残疾1-4级;多重残疾1-4级;,是,见原平台,中国残联就业服务平台（动态接口）,https://www.cdpee.org.cn/,2026年09月17日
天津市,天津市,天津档案处理员，双休，8小时，缴纳五险一金,广州海仑企业服务有限公司,天津市·天津市·河东区,学历不限,2,视力残疾1-4级;听力残疾1-4级;言语残疾1-4级;肢体残疾1-4级;智力残疾1-4级;精神残疾1-4级;多重残疾1-4级;,是,见原平台,中国残联就业服务平台（动态接口）,https://www.cdpee.org.cn/,2026年09月17日
云南省,昭通市,艾草加工，种植,云南鑫会盟艾绒制品生产有限公司,云南省·昭通市·巧家县,学历不限,100,视力残疾4级;听力残疾4级;言语残疾4级;肢体残疾4级;智力残疾4级;精神残疾4级;,是,见原平台,中国残联就业服务平台（动态接口）,https://www.cdpee.org.cn/,2026年09月17日
湖南省,永州市,厨师,永州市冷水滩区见一面小吃店（个体工商户）,湖南省·永州市·冷水滩区,学历不限,,视力残疾1-4级;听力残疾1-4级;言语残疾1-4级;肢体残疾1-4级;智力残疾1-4级;精神残疾1-4级;多重残疾1-4级;,是,见原平台,中国残联就业服务平台（动态接口）,https://www.cdpee.org.cn/,2026年08月18日
江苏省,宿迁市,食品加工处理,宿迁市宿城区陆小青猪肉批发经营部,江苏省·宿迁市·湖滨新区,小学,100,"视力残疾3,4级;听力残疾3,4级;肢体残疾3,4级;智力残疾4级;多重残疾3,4级;",是,见原平台,中国残联就业服务平台（动态接口）,https://www.cdpee.org.cn/,2026年09月17日
湖南省,株洲市,垃圾清运工,湖南仁仁洁国际清洁科技集团股份有限公司荷塘分公司,湖南省·株洲市·荷塘区,学历不限,1,言语残疾1级;智力残疾1级;,是,见原平台,中国残联就业服务平台（动态接口）,https://www.cdpee.org.cn/,2026年09月17日
江苏省,徐州市,江苏徐州组件工+早八晚六+包吃+五险+坐班,陕西致广人力资源有限公司,江苏省·徐州市·邳州市,学历不限,20,"视力残疾1-4级;听力残疾1-4级;言语残疾1-4级;肢体残疾1-4级;智力残疾3,4级;多重残疾1-4级;",是,见原平台,中国残联就业服务平台（动态接口）,https://www.cdpee.org.cn/,2026年09月17日
上海市,上海市,新人一周必开单/100%一手精准 数据贷款销售,上海懿狄信息科技有限公司,上海市·上海市,高中/中专,,视力残疾1-4级;听力残疾1-4级;言语残疾1-4级;肢体残疾1-4级;智力残疾1-4级;精神残疾1-4级;多重残疾1-4级;,是,见原平台,中国残联就业服务平台（动态接口）,https://www.cdpee.org.cn/,2026年08月26日
山东省,青岛市,咖啡师,瑞幸咖啡（青岛）有限公司市北区第五十四咖啡店,山东省·青岛市·市北区,,,视力残疾1-4级;听力残疾1-4级;言语残疾1-4级;肢体残疾1-4级;智力残疾1-4级;精神残疾1-4级;多重残疾1-4级;,是,见原平台,中国残联就业服务平台（动态接口）,https://www.cdpee.org.cn/,2026年04月29日
广东省,江门市,生产工,江门市霞光照明电器有限公司,广东省·江门市·蓬江区,学历不限,1,听力残疾2-4级;言语残疾2-4级;肢体残疾4级;智力残疾4级;多重残疾4级;,是,见原平台,中国残联就业服务平台（动态接口）,https://www.cdpee.org.cn/,2026年09月17日
上海市,上海市,行政助理（上海闵行区）,北京易才人力资源顾问有限公司,上海市·上海市·闵行区,大专,1,视力残疾1-3级;听力残疾1-3级;言语残疾1-3级;肢体残疾1-3级;智力残疾1-3级;精神残疾1-3级;多重残疾1-3级;,是,见原平台,中国残联就业服务平台（动态接口）,https://www.cdpee.org.cn/,2026年08月17日
江苏省,南京市,HR招聘,北京易才人力资源顾问有限公司,江苏省·南京市·建邺区,大专,1,视力残疾1-3级;听力残疾1-3级;言语残疾1-3级;肢体残疾1-3级;智力残疾1-3级;精神残疾1-3级;多重残疾1-3级;,是,见原平台,中国残联就业服务平台（动态接口）,https://www.cdpee.org.cn/,2026年05月22日
四川省,成都市,成都急招（残疾人福利岗）五险一金，长白8小时，高薪技术岗,广州海仑企业服务有限公司,四川省·成都市·锦江区,学历不限,3,视力残疾1-4级;听力残疾1-4级;言语残疾1-4级;肢体残疾1-4级;智力残疾1-4级;精神残疾1-4级;多重残疾1-4级;,是,见原平台,中国残联就业服务平台（动态接口）,https://www.cdpee.org.cn/,2026年09月17日
天津市,天津市,天津档案处理员，双休，8小时，缴纳五险一金,广州海仑企业服务有限公司,天津市·天津市·河东区,学历不限,2,视力残疾1-4级;听力残疾1-4级;言语残疾1-4级;肢体残疾1-4级;智力残疾1-4级;精神残疾1-4级;多重残疾1-4级;,是,见原平台,中国残联就业服务平台（动态接口）,https://www.cdpee.org.cn/,2026年09月17日
云南省,昭通市,艾草加工，种植,云南鑫会盟艾绒制品生产有限公司,云南省·昭通市·巧家县,学历不限,100,视力残疾4级;听力残疾4级;言语残疾4级;肢体残疾4级;智力残疾4级;精神残疾4级;,是,见原平台,中国残联就业服务平台（动态接口）,https://www.cdpee.org.cn/,2026年09月17日
湖南省,永州市,厨师,永州市冷水滩区见一面小吃店（个体工商户）,湖南省·永州市·冷水滩区,学历不限,,视力残疾1-4级;听力残疾1-4级;言语残疾1-4级;肢体残疾1-4级;智力残疾1-4级;精神残疾1-4级;多重残疾1-4级;,是,见原平台,中国残联就业服务平台（动态接口）,https://www.cdpee.org.cn/,2026年08月18日
江苏省,宿迁市,食品加工处理,宿迁市宿城区陆小青猪肉批发经营部,江苏省·宿迁市·湖滨新区,小学,100,"视力残疾3,4级;听力残疾3,4级;肢体残疾3,4级;智力残疾4级;多重残疾3,4级;",是,见原平台,中国残联就业服务平台（动态接口）,https://www.cdpee.org.cn/,2026年09月17日
湖南省,株洲市,垃圾清运工,湖南仁仁洁国际清洁科技集团股份有限公司荷塘分公司,湖南省·株洲市·荷塘区,学历不限,1,言语残疾1级;智力残疾1级;,是,见原平台,中国残联就业服务平台（动态接口）,https://www.cdpee.org.cn/,2026年09月17日
江苏省,徐州市,江苏徐州组件工+早八晚六+包吃+五险+坐班,陕西致广人力资源有限公司,江苏省·徐州市·邳州市,学历不限,20,"视力残疾1-4级;听力残疾1-4级;言语残疾1-4级;肢体残疾1-4级;智力残疾3,4级;多重残疾1-4级;",是,见原平台,中国残联就业服务平台（动态接口）,https://www.cdpee.org.cn/,2026年09月17日
上海市,上海市,新人一周必开单/100%一手精准 数据贷款销售,上海懿狄信息科技有限公司,上海市·上海市,高中/中专,,视力残疾1-4级;听力残疾1-4级;言语残疾1-4级;肢体残疾1-4级;智力残疾1-4级;精神残疾1-4级;多重残疾1-4级;,是,见原平台,中国残联就业服务平台（动态接口）,https://www.cdpee.org.cn/,2026年08月26日
山东省,青岛市,咖啡师,瑞幸咖啡（青岛）有限公司市北区第五十四咖啡店,山东省·青岛市·市北区,,,视力残疾1-4级;听力残疾1-4级;言语残疾1-4级;肢体残疾1-4级;智力残疾1-4级;精神残疾1-4级;多重残疾1-4级;,是,见原平台,中国残联就业服务平台（动态接口）,https://www.cdpee.org.cn/,2026年04月29日
广东省,江门市,生产工,江门市霞光照明电器有限公司,广东省·江门市·蓬江区,学历不限,1,听力残疾2-4级;言语残疾2-4级;肢体残疾4级;智力残疾4级;多重残疾4级;,是,见原平台,中国残联就业服务平台（动态接口）,https://www.cdpee.org.cn/,2026年09月17日
上海市,上海市,行政助理（上海闵行区）,北京易才人力资源顾问有限公司,上海市·上海市·闵行区,大专,1,视力残疾1-3级;听力残疾1-3级;言语残疾1-3级;肢体残疾1-3级;智力残疾1-3级;精神残疾1-3级;多重残疾1-3级;,是,见原平台,中国残联就业服务平台（动态接口）,https://www.cdpee.org.cn/,2026年08月17日
江苏省,南京市,HR招聘,北京易才人力资源顾问有限公司,江苏省·南京市·建邺区,大专,1,视力残疾1-3级;听力残疾1-3级;言语残疾1-3级;肢体残疾1-3级;智力残疾1-3级;精神残疾1-3级;多重残疾1-3级;,是,见原平台,中国残联就业服务平台（动态接口）,https://www.cdpee.org.cn/,2026年05月22日
四川省,成都市,成都急招（残疾人福利岗）五险一金，长白8小时，高薪技术岗,广州海仑企业服务有限公司,四川省·成都市·锦江区,学历不限,3,视力残疾1-4级;听力残疾1-4级;言语残疾1-4级;肢体残疾1-4级;智力残疾1-4级;精神残疾1-4级;多重残疾1-4级;,是,见原平台,中国残联就业服务平台（动态接口）,https://www.cdpee.org.cn/,2026年09月17日
天津市,天津市,天津档案处理员，双休，8小时，缴纳五险一金,广州海仑企业服务有限公司,天津市·天津市·河东区,学历不限,2,视力残疾1-4级;听力残疾1-4级;言语残疾1-4级;肢体残疾1-4级;智力残疾1-4级;精神残疾1-4级;多重残疾1-4级;,是,见原平台,中国残联就业服务平台（动态接口）,https://www.cdpee.org.cn/,2026年09月17日
云南省,昭通市,艾草加工，种植,云南鑫会盟艾绒制品生产有限公司,云南省·昭通市·巧家县,学历不限,100,视力残疾4级;听力残疾4级;言语残疾4级;肢体残疾4级;智力残疾4级;精神残疾4级;,是,见原平台,中国残联就业服务平台（动态接口）,https://www.cdpee.org.cn/,2026年09月17日
湖南省,永州市,厨师,永州市冷水滩区见一面小吃店（个体工商户）,湖南省·永州市·冷水滩区,学历不限,,视力残疾1-4级;听力残疾1-4级;言语残疾1-4级;肢体残疾1-4级;智力残疾1-4级;精神残疾1-4级;多重残疾1-4级;,是,见原平台,中国残联就业服务平台（动态接口）,https://www.cdpee.org.cn/,2026年08月18日
江苏省,宿迁市,食品加工处理,宿迁市宿城区陆小青猪肉批发经营部,江苏省·宿迁市·湖滨新区,小学,100,"视力残疾3,4级;听力残疾3,4级;肢体残疾3,4级;智力残疾4级;多重残疾3,4级;",是,见原平台,中国残联就业服务平台（动态接口）,https://www.cdpee.org.cn/,2026年09月17日
湖南省,株洲市,垃圾清运工,湖南仁仁洁国际清洁科技集团股份有限公司荷塘分公司,湖南省·株洲市·荷塘区,学历不限,1,言语残疾1级;智力残疾1级;,是,见原平台,中国残联就业服务平台（动态接口）,https://www.cdpee.org.cn/,2026年09月17日
江苏省,徐州市,江苏徐州组件工+早八晚六+包吃+五险+坐班,陕西致广人力资源有限公司,江苏省·徐州市·邳州市,学历不限,20,"视力残疾1-4级;听力残疾1-4级;言语残疾1-4级;肢体残疾1-4级;智力残疾3,4级;多重残疾1-4级;",是,见原平台,中国残联就业服务平台（动态接口）,https://www.cdpee.org.cn/,2026年09月17日
上海市,上海市,新人一周必开单/100%一手精准 数据贷款销售,上海懿狄信息科技有限公司,上海市·上海市,高中/中专,,视力残疾1-4级;听力残疾1-4级;言语残疾1-4级;肢体残疾1-4级;智力残疾1-4级;精神残疾1-4级;多重残疾1-4级;,是,见原平台,中国残联就业服务平台（动态接口）,https://www.cdpee.org.cn/,2026年08月26日
山东省,青岛市,咖啡师,瑞幸咖啡（青岛）有限公司市北区第五十四咖啡店,山东省·青岛市·市北区,,,视力残疾1-4级;听力残疾1-4级;言语残疾1-4级;肢体残疾1-4级;智力残疾1-4级;精神残疾1-4级;多重残疾1-4级;,是,见原平台,中国残联就业服务平台（动态接口）,https://www.cdpee.org.cn/,2026年04月29日
广东省,江门市,生产工,江门市霞光照明电器有限公司,广东省·江门市·蓬江区,学历不限,1,听力残疾2-4级;言语残疾2-4级;肢体残疾4级;智力残疾4级;多重残疾4级;,是,见原平台,中国残联就业服务平台（动态接口）,https://www.cdpee.org.cn/,2026年09月17日
上海市,上海市,行政助理（上海闵行区）,北京易才人力资源顾问有限公司,上海市·上海市·闵行区,大专,1,视力残疾1-3级;听力残疾1-3级;言语残疾1-3级;肢体残疾1-3级;智力残疾1-3级;精神残疾1-3级;多重残疾1-3级;,是,见原平台,中国残联就业服务平台（动态接口）,https://www.cdpee.org.cn/,2026年08月17日
江苏省,南京市,HR招聘,北京易才人力资源顾问有限公司,江苏省·南京市·建邺区,大专,1,视力残疾1-3级;听力残疾1-3级;言语残疾1-3级;肢体残疾1-3级;智力残疾1-3级;精神残疾1-3级;多重残疾1-3级;,是,见原平台,中国残联就业服务平台（动态接口）,https://www.cdpee.org.cn/,2026年05月22日
四川省,成都市,成都急招（残疾人福利岗）五险一金，长白8小时，高薪技术岗,广州海仑企业服务有限公司,四川省·成都市·锦江区,学历不限,3,视力残疾1-4级;听力残疾1-4级;言语残疾1-4级;肢体残疾1-4级;智力残疾1-4级;精神残疾1-4级;多重残疾1-4级;,是,见原平台,中国残联就业服务平台（动态接口）,https://www.cdpee.org.cn/,2026年09月17日
天津市,天津市,天津档案处理员，双休，8小时，缴纳五险一金,广州海仑企业服务有限公司,天津市·天津市·河东区,学历不限,2,视力残疾1-4级;听力残疾1-4级;言语残疾1-4级;肢体残疾1-4级;智力残疾1-4级;精神残疾1-4级;多重残疾1-4级;,是,见原平台,中国残联就业服务平台（动态接口）,https://www.cdpee.org.cn/,2026年09月17日
云南省,昭通市,艾草加工，种植,云南鑫会盟艾绒制品生产有限公司,云南省·昭通市·巧家县,学历不限,100,视力残疾4级;听力残疾4级;言语残疾4级;肢体残疾4级;智力残疾4级;精神残疾4级;,是,见原平台,中国残联就业服务平台（动态接口）,https://www.cdpee.org.cn/,2026年09月17日
湖南省,永州市,厨师,永州市冷水滩区见一面小吃店（个体工商户）,湖南省·永州市·冷水滩区,学历不限,,视力残疾1-4级;听力残疾1-4级;言语残疾1-4级;肢体残疾1-4级;智力残疾1-4级;精神残疾1-4级;多重残疾1-4级;,是,见原平台,中国残联就业服务平台（动态接口）,https://www.cdpee.org.cn/,2026年08月18日
江苏省,宿迁市,食品加工处理,宿迁市宿城区陆小青猪肉批发经营部,江苏省·宿迁市·湖滨新区,小学,100,"视力残疾3,4级;听力残疾3,4级;肢体残疾3,4级;智力残疾4级;多重残疾3,4级;",是,见原平台,中国残联就业服务平台（动态接口）,https://www.cdpee.org.cn/,2026年09月17日
湖南省,株洲市,垃圾清运工,湖南仁仁洁国际清洁科技集团股份有限公司荷塘分公司,湖南省·株洲市·荷塘区,学历不限,1,言语残疾1级;智力残疾1级;,是,见原平台,中国残联就业服务平台（动态接口）,https://www.cdpee.org.cn/,2026年09月17日
江苏省,徐州市,江苏徐州组件工+早八晚六+包吃+五险+坐班,陕西致广人力资源有限公司,江苏省·徐州市·邳州市,学历不限,20,"视力残疾1-4级;听力残疾1-4级;言语残疾1-4级;肢体残疾1-4级;智力残疾3,4级;多重残疾1-4级;",是,见原平台,中国残联就业服务平台（动态接口）,https://www.cdpee.org.cn/,2026年09月17日
广东省,江门市,生产工,江门市霞光照明电器有限公司,广东省·江门市·蓬江区,学历不限,1,听力残疾2-4级;言语残疾2-4级;肢体残疾4级;智力残疾4级;多重残疾4级;,是,见原平台,中国残联就业服务平台（动态接口）,https://www.cdpee.org.cn/,2026年09月17日
上海市,上海市,行政助理（上海闵行区）,北京易才人力资源顾问有限公司,上海市·上海市·闵行区,大专,1,视力残疾1-3级;听力残疾1-3级;言语残疾1-3级;肢体残疾1-3级;智力残疾1-3级;精神残疾1-3级;多重残疾1-3级;,是,见原平台,中国残联就业服务平台（动态接口）,https://www.cdpee.org.cn/,2026年08月17日
江苏省,南京市,HR招聘,北京易才人力资源顾问有限公司,江苏省·南京市·建邺区,大专,1,视力残疾1-3级;听力残疾1-3级;言语残疾1-3级;肢体残疾1-3级;智力残疾1-3级;精神残疾1-3级;多重残疾1-3级;,是,见原平台,中国残联就业服务平台（动态接口）,https://www.cdpee.org.cn/,2026年05月22日
四川省,成都市,成都急招（残疾人福利岗）五险一金，长白8小时，高薪技术岗,广州海仑企业服务有限公司,四川省·成都市·锦江区,学历不限,3,视力残疾1-4级;听力残疾1-4级;言语残疾1-4级;肢体残疾1-4级;智力残疾1-4级;精神残疾1-4级;多重残疾1-4级;,是,见原平台,中国残联就业服务平台（动态接口）,https://www.cdpee.org.cn/,2026年09月17日
天津市,天津市,天津档案处理员，双休，8小时，缴纳五险一金,广州海仑企业服务有限公司,天津市·天津市·河东区,学历不限,2,视力残疾1-4级;听力残疾1-4级;言语残疾1-4级;肢体残疾1-4级;智力残疾1-4级;精神残疾1-4级;多重残疾1-4级;,是,见原平台,中国残联就业服务平台（动态接口）,https://www.cdpee.org.cn/,2026年09月17日
浙江省,宁波市,小象超市-自营直招配送,深圳三快信息科技有限公司,浙江省·宁波市·鄞州区,学历不限,,视力残疾1-4级;听力残疾1-4级;言语残疾1-4级;肢体残疾1-4级;智力残疾1-4级;精神残疾1-4级;多重残疾1-4级;,是,见原平台,中国残联就业服务平台（动态接口）,https://www.cdpee.org.cn/,2026年08月27日
云南省,昭通市,艾草加工，种植,云南鑫会盟艾绒制品生产有限公司,云南省·昭通市·巧家县,学历不限,100,视力残疾4级;听力残疾4级;言语残疾4级;肢体残疾4级;智力残疾4级;精神残疾4级;,是,见原平台,中国残联就业服务平台（动态接口）,https://www.cdpee.org.cn/,2026年09月17日
山东省,青岛市,电商财税顾问,中商云企（青岛）产业园区运营管理有限公司,山东省·青岛市,本科,,视力残疾1-4级;听力残疾1-4级;言语残疾1-4级;肢体残疾1-4级;智力残疾1-4级;精神残疾1-4级;多重残疾1-4级;,是,见原平台,中国残联就业服务平台（动态接口）,https://www.cdpee.org.cn/,2026年04月22日
河南省,洛阳市,招日结主播/无责保底5800/不卡颜/小白可做,洛阳市天爵传媒有限公司,河南省·洛阳市·涧西区,学历不限,,视力残疾1-4级;听力残疾1-4级;言语残疾1-4级;肢体残疾1-4级;智力残疾1-4级;精神残疾1-4级;多重残疾1-4级;,是,见原平台,中国残联就业服务平台（动态接口）,https://www.cdpee.org.cn/,2026年07月15日
江苏省,宿迁市,食品加工处理,宿迁市宿城区陆小青猪肉批发经营部,江苏省·宿迁市·湖滨新区,小学,100,"视力残疾3,4级;听力残疾3,4级;肢体残疾3,4级;智力残疾4级;多重残疾3,4级;",是,见原平台,中国残联就业服务平台（动态接口）,https://www.cdpee.org.cn/,2026年09月17日
湖南省,株洲市,垃圾清运工,湖南仁仁洁国际清洁科技集团股份有限公司荷塘分公司,湖南省·株洲市·荷塘区,学历不限,1,言语残疾1级;智力残疾1级;,是,见原平台,中国残联就业服务平台（动态接口）,https://www.cdpee.org.cn/,2026年09月17日
江苏省,徐州市,江苏徐州组件工+早八晚六+包吃+五险+坐班,陕西致广人力资源有限公司,江苏省·徐州市·邳州市,学历不限,20,"视力残疾1-4级;听力残疾1-4级;言语残疾1-4级;肢体残疾1-4级;智力残疾3,4级;多重残疾1-4级;",是,见原平台,中国残联就业服务平台（动态接口）,https://www.cdpee.org.cn/,2026年09月17日
广东省,江门市,生产工,江门市霞光照明电器有限公司,广东省·江门市·蓬江区,学历不限,1,听力残疾2-4级;言语残疾2-4级;肢体残疾4级;智力残疾4级;多重残疾4级;,是,见原平台,中国残联就业服务平台（动态接口）,https://www.cdpee.org.cn/,2026年09月17日
上海市,上海市,行政助理（上海闵行区）,北京易才人力资源顾问有限公司,上海市·上海市·闵行区,大专,1,视力残疾1-3级;听力残疾1-3级;言语残疾1-3级;肢体残疾1-3级;智力残疾1-3级;精神残疾1-3级;多重残疾1-3级;,是,见原平台,中国残联就业服务平台（动态接口）,https://www.cdpee.org.cn/,2026年08月17日
江苏省,南京市,HR招聘,北京易才人力资源顾问有限公司,江苏省·南京市·建邺区,大专,1,视力残疾1-3级;听力残疾1-3级;言语残疾1-3级;肢体残疾1-3级;智力残疾1-3级;精神残疾1-3级;多重残疾1-3级;,是,见原平台,中国残联就业服务平台（动态接口）,https://www.cdpee.org.cn/,2026年05月22日
四川省,成都市,成都急招（残疾人福利岗）五险一金，长白8小时，高薪技术岗,广州海仑企业服务有限公司,四川省·成都市·锦江区,学历不限,3,视力残疾1-4级;听力残疾1-4级;言语残疾1-4级;肢体残疾1-4级;智力残疾1-4级;精神残疾1-4级;多重残疾1-4级;,是,见原平台,中国残联就业服务平台（动态接口）,https://www.cdpee.org.cn/,2026年09月17日
天津市,天津市,天津档案处理员，双休，8小时，缴纳五险一金,广州海仑企业服务有限公司,天津市·天津市·河东区,学历不限,2,视力残疾1-4级;听力残疾1-4级;言语残疾1-4级;肢体残疾1-4级;智力残疾1-4级;精神残疾1-4级;多重残疾1-4级;,是,见原平台,中国残联就业服务平台（动态接口）,https://www.cdpee.org.cn/,2026年09月17日
浙江省,宁波市,小象超市-自营直招配送,深圳三快信息科技有限公司,浙江省·宁波市·鄞州区,学历不限,,视力残疾1-4级;听力残疾1-4级;言语残疾1-4级;肢体残疾1-4级;智力残疾1-4级;精神残疾1-4级;多重残疾1-4级;,是,见原平台,中国残联就业服务平台（动态接口）,https://www.cdpee.org.cn/,2026年08月27日
云南省,昭通市,艾草加工，种植,云南鑫会盟艾绒制品生产有限公司,云南省·昭通市·巧家县,学历不限,100,视力残疾4级;听力残疾4级;言语残疾4级;肢体残疾4级;智力残疾4级;精神残疾4级;,是,见原平台,中国残联就业服务平台（动态接口）,https://www.cdpee.org.cn/,2026年09月17日
山东省,青岛市,电商财税顾问,中商云企（青岛）产业园区运营管理有限公司,山东省·青岛市,本科,,视力残疾1-4级;听力残疾1-4级;言语残疾1-4级;肢体残疾1-4级;智力残疾1-4级;精神残疾1-4级;多重残疾1-4级;,是,见原平台,中国残联就业服务平台（动态接口）,https://www.cdpee.org.cn/,2026年04月22日
河南省,洛阳市,招日结主播/无责保底5800/不卡颜/小白可做,洛阳市天爵传媒有限公司,河南省·洛阳市·涧西区,学历不限,,视力残疾1-4级;听力残疾1-4级;言语残疾1-4级;肢体残疾1-4级;智力残疾1-4级;精神残疾1-4级;多重残疾1-4级;,是,见原平台,中国残联就业服务平台（动态接口）,https://www.cdpee.org.cn/,2026年07月15日
江苏省,宿迁市,食品加工处理,宿迁市宿城区陆小青猪肉批发经营部,江苏省·宿迁市·湖滨新区,小学,100,"视力残疾3,4级;听力残疾3,4级;肢体残疾3,4级;智力残疾4级;多重残疾3,4级;",是,见原平台,中国残联就业服务平台（动态接口）,https://www.cdpee.org.cn/,2026年09月17日
湖南省,株洲市,垃圾清运工,湖南仁仁洁国际清洁科技集团股份有限公司荷塘分公司,湖南省·株洲市·荷塘区,学历不限,1,言语残疾1级;智力残疾1级;,是,见原平台,中国残联就业服务平台（动态接口）,https://www.cdpee.org.cn/,2026年09月17日
江苏省,徐州市,江苏徐州组件工+早八晚六+包吃+五险+坐班,陕西致广人力资源有限公司,江苏省·徐州市·邳州市,学历不限,20,"视力残疾1-4级;听力残疾1-4级;言语残疾1-4级;肢体残疾1-4级;智力残疾3,4级;多重残疾1-4级;",是,见原平台,中国残联就业服务平台（动态接口）,https://www.cdpee.org.cn/,2026年09月17日
广东省,江门市,生产工,江门市霞光照明电器有限公司,广东省·江门市·蓬江区,学历不限,1,听力残疾2-4级;言语残疾2-4级;肢体残疾4级;智力残疾4级;多重残疾4级;,是,见原平台,中国残联就业服务平台（动态接口）,https://www.cdpee.org.cn/,2026年09月17日
上海市,上海市,行政助理（上海闵行区）,北京易才人力资源顾问有限公司,上海市·上海市·闵行区,大专,1,视力残疾1-3级;听力残疾1-3级;言语残疾1-3级;肢体残疾1-3级;智力残疾1-3级;精神残疾1-3级;多重残疾1-3级;,是,见原平台,中国残联就业服务平台（动态接口）,https://www.cdpee.org.cn/,2026年08月17日
江苏省,南京市,HR招聘,北京易才人力资源顾问有限公司,江苏省·南京市·建邺区,大专,1,视力残疾1-3级;听力残疾1-3级;言语残疾1-3级;肢体残疾1-3级;智力残疾1-3级;精神残疾1-3级;多重残疾1-3级;,是,见原平台,中国残联就业服务平台（动态接口）,https://www.cdpee.org.cn/,2026年05月22日
四川省,成都市,成都急招（残疾人福利岗）五险一金，长白8小时，高薪技术岗,广州海仑企业服务有限公司,四川省·成都市·锦江区,学历不限,3,视力残疾1-4级;听力残疾1-4级;言语残疾1-4级;肢体残疾1-4级;智力残疾1-4级;精神残疾1-4级;多重残疾1-4级;,是,见原平台,中国残联就业服务平台（动态接口）,https://www.cdpee.org.cn/,2026年09月17日
天津市,天津市,天津档案处理员，双休，8小时，缴纳五险一金,广州海仑企业服务有限公司,天津市·天津市·河东区,学历不限,2,视力残疾1-4级;听力残疾1-4级;言语残疾1-4级;肢体残疾1-4级;智力残疾1-4级;精神残疾1-4级;多重残疾1-4级;,是,见原平台,中国残联就业服务平台（动态接口）,https://www.cdpee.org.cn/,2026年09月17日
浙江省,宁波市,小象超市-自营直招配送,深圳三快信息科技有限公司,浙江省·宁波市·鄞州区,学历不限,,视力残疾1-4级;听力残疾1-4级;言语残疾1-4级;肢体残疾1-4级;智力残疾1-4级;精神残疾1-4级;多重残疾1-4级;,是,见原平台,中国残联就业服务平台（动态接口）,https://www.cdpee.org.cn/,2026年08月27日
云南省,昭通市,艾草加工，种植,云南鑫会盟艾绒制品生产有限公司,云南省·昭通市·巧家县,学历不限,100,视力残疾4级;听力残疾4级;言语残疾4级;肢体残疾4级;智力残疾4级;精神残疾4级;,是,见原平台,中国残联就业服务平台（动态接口）,https://www.cdpee.org.cn/,2026年09月17日
山东省,青岛市,电商财税顾问,中商云企（青岛）产业园区运营管理有限公司,山东省·青岛市,本科,,视力残疾1-4级;听力残疾1-4级;言语残疾1-4级;肢体残疾1-4级;智力残疾1-4级;精神残疾1-4级;多重残疾1-4级;,是,见原平台,中国残联就业服务平台（动态接口）,https://www.cdpee.org.cn/,2026年04月22日
河南省,洛阳市,招日结主播/无责保底5800/不卡颜/小白可做,洛阳市天爵传媒有限公司,河南省·洛阳市·涧西区,学历不限,,视力残疾1-4级;听力残疾1-4级;言语残疾1-4级;肢体残疾1-4级;智力残疾1-4级;精神残疾1-4级;多重残疾1-4级;,是,见原平台,中国残联就业服务平台（动态接口）,https://www.cdpee.org.cn/,2026年07月15日
江苏省,宿迁市,食品加工处理,宿迁市宿城区陆小青猪肉批发经营部,江苏省·宿迁市·湖滨新区,小学,100,"视力残疾3,4级;听力残疾3,4级;肢体残疾3,4级;智力残疾4级;多重残疾3,4级;",是,见原平台,中国残联就业服务平台（动态接口）,https://www.cdpee.org.cn/,2026年09月17日
湖南省,株洲市,垃圾清运工,湖南仁仁洁国际清洁科技集团股份有限公司荷塘分公司,湖南省·株洲市·荷塘区,学历不限,1,言语残疾1级;智力残疾1级;,是,见原平台,中国残联就业服务平台（动态接口）,https://www.cdpee.org.cn/,2026年09月17日
江苏省,徐州市,江苏徐州组件工+早八晚六+包吃+五险+坐班,陕西致广人力资源有限公司,江苏省·徐州市·邳州市,学历不限,20,"视力残疾1-4级;听力残疾1-4级;言语残疾1-4级;肢体残疾1-4级;智力残疾3,4级;多重残疾1-4级;",是,见原平台,中国残联就业服务平台（动态接口）,https://www.cdpee.org.cn/,2026年09月17日
广东省,江门市,生产工,江门市霞光照明电器有限公司,广东省·江门市·蓬江区,学历不限,1,听力残疾2-4级;言语残疾2-4级;肢体残疾4级;智力残疾4级;多重残疾4级;,是,见原平台,中国残联就业服务平台（动态接口）,https://www.cdpee.org.cn/,2026年09月17日
上海市,上海市,行政助理（上海闵行区）,北京易才人力资源顾问有限公司,上海市·上海市·闵行区,大专,1,视力残疾1-3级;听力残疾1-3级;言语残疾1-3级;肢体残疾1-3级;智力残疾1-3级;精神残疾1-3级;多重残疾1-3级;,是,见原平台,中国残联就业服务平台（动态接口）,https://www.cdpee.org.cn/,2026年08月17日
江苏省,南京市,HR招聘,北京易才人力资源顾问有限公司,江苏省·南京市·建邺区,大专,1,视力残疾1-3级;听力残疾1-3级;言语残疾1-3级;肢体残疾1-3级;智力残疾1-3级;精神残疾1-3级;多重残疾1-3级;,是,见原平台,中国残联就业服务平台（动态接口）,https://www.cdpee.org.cn/,2026年05月22日
四川省,成都市,成都急招（残疾人福利岗）五险一金，长白8小时，高薪技术岗,广州海仑企业服务有限公司,四川省·成都市·锦江区,学历不限,3,视力残疾1-4级;听力残疾1-4级;言语残疾1-4级;肢体残疾1-4级;智力残疾1-4级;精神残疾1-4级;多重残疾1-4级;,是,见原平台,中国残联就业服务平台（动态接口）,https://www.cdpee.org.cn/,2026年09月17日
天津市,天津市,天津档案处理员，双休，8小时，缴纳五险一金,广州海仑企业服务有限公司,天津市·天津市·河东区,学历不限,2,视力残疾1-4级;听力残疾1-4级;言语残疾1-4级;肢体残疾1-4级;智力残疾1-4级;精神残疾1-4级;多重残疾1-4级;,是,见原平台,中国残联就业服务平台（动态接口）,https://www.cdpee.org.cn/,2026年09月17日
浙江省,宁波市,小象超市-自营直招配送,深圳三快信息科技有限公司,浙江省·宁波市·鄞州区,学历不限,,视力残疾1-4级;听力残疾1-4级;言语残疾1-4级;肢体残疾1-4级;智力残疾1-4级;精神残疾1-4级;多重残疾1-4级;,是,见原平台,中国残联就业服务平台（动态接口）,https://www.cdpee.org.cn/,2026年08月27日
云南省,昭通市,艾草加工，种植,云南鑫会盟艾绒制品生产有限公司,云南省·昭通市·巧家县,学历不限,100,视力残疾4级;听力残疾4级;言语残疾4级;肢体残疾4级;智力残疾4级;精神残疾4级;,是,见原平台,中国残联就业服务平台（动态接口）,https://www.cdpee.org.cn/,2026年09月17日
山东省,青岛市,电商财税顾问,中商云企（青岛）产业园区运营管理有限公司,山东省·青岛市,本科,,视力残疾1-4级;听力残疾1-4级;言语残疾1-4级;肢体残疾1-4级;智力残疾1-4级;精神残疾1-4级;多重残疾1-4级;,是,见原平台,中国残联就业服务平台（动态接口）,https://www.cdpee.org.cn/,2026年04月22日
河南省,洛阳市,招日结主播/无责保底5800/不卡颜/小白可做,洛阳市天爵传媒有限公司,河南省·洛阳市·涧西区,学历不限,,视力残疾1-4级;听力残疾1-4级;言语残疾1-4级;肢体残疾1-4级;智力残疾1-4级;精神残疾1-4级;多重残疾1-4级;,是,见原平台,中国残联就业服务平台（动态接口）,https://www.cdpee.org.cn/,2026年07月15日
江苏省,宿迁市,食品加工处理,宿迁市宿城区陆小青猪肉批发经营部,江苏省·宿迁市·湖滨新区,小学,100,"视力残疾3,4级;听力残疾3,4级;肢体残疾3,4级;智力残疾4级;多重残疾3,4级;",是,见原平台,中国残联就业服务平台（动态接口）,https://www.cdpee.org.cn/,2026年09月17日
湖南省,株洲市,垃圾清运工,湖南仁仁洁国际清洁科技集团股份有限公司荷塘分公司,湖南省·株洲市·荷塘区,学历不限,1,言语残疾1级;智力残疾1级;,是,见原平台,中国残联就业服务平台（动态接口）,https://www.cdpee.org.cn/,2026年09月17日
江苏省,徐州市,江苏徐州组件工+早八晚六+包吃+五险+坐班,陕西致广人力资源有限公司,江苏省·徐州市·邳州市,学历不限,20,"视力残疾1-4级;听力残疾1-4级;言语残疾1-4级;肢体残疾1-4级;智力残疾3,4级;多重残疾1-4级;",是,见原平台,中国残联就业服务平台（动态接口）,https://www.cdpee.org.cn/,2026年09月17日
广东省,江门市,生产工,江门市霞光照明电器有限公司,广东省·江门市·蓬江区,学历不限,1,听力残疾2-4级;言语残疾2-4级;肢体残疾4级;智力残疾4级;多重残疾4级;,是,见原平台,中国残联就业服务平台（动态接口）,https://www.cdpee.org.cn/,2026年09月17日
上海市,上海市,行政助理（上海闵行区）,北京易才人力资源顾问有限公司,上海市·上海市·闵行区,大专,1,视力残疾1-3级;听力残疾1-3级;言语残疾1-3级;肢体残疾1-3级;智力残疾1-3级;精神残疾1-3级;多重残疾1-3级;,是,见原平台,中国残联就业服务平台（动态接口）,https://www.cdpee.org.cn/,2026年08月17日
江苏省,南京市,HR招聘,北京易才人力资源顾问有限公司,江苏省·南京市·建邺区,大专,1,视力残疾1-3级;听力残疾1-3级;言语残疾1-3级;肢体残疾1-3级;智力残疾1-3级;精神残疾1-3级;多重残疾1-3级;,是,见原平台,中国残联就业服务平台（动态接口）,https://www.cdpee.org.cn/,2026年05月22日
四川省,成都市,成都急招（残疾人福利岗）五险一金，长白8小时，高薪技术岗,广州海仑企业服务有限公司,四川省·成都市·锦江区,学历不限,3,视力残疾1-4级;听力残疾1-4级;言语残疾1-4级;肢体残疾1-4级;智力残疾1-4级;精神残疾1-4级;多重残疾1-4级;,是,见原平台,中国残联就业服务平台（动态接口）,https://www.cdpee.org.cn/,2026年09月17日
天津市,天津市,天津档案处理员，双休，8小时，缴纳五险一金,广州海仑企业服务有限公司,天津市·天津市·河东区,学历不限,2,视力残疾1-4级;听力残疾1-4级;言语残疾1-4级;肢体残疾1-4级;智力残疾1-4级;精神残疾1-4级;多重残疾1-4级;,是,见原平台,中国残联就业服务平台（动态接口）,https://www.cdpee.org.cn/,2026年09月17日
浙江省,宁波市,小象超市-自营直招配送,深圳三快信息科技有限公司,浙江省·宁波市·鄞州区,学历不限,,视力残疾1-4级;听力残疾1-4级;言语残疾1-4级;肢体残疾1-4级;智力残疾1-4级;精神残疾1-4级;多重残疾1-4级;,是,见原平台,中国残联就业服务平台（动态接口）,https://www.cdpee.org.cn/,2026年08月27日
云南省,昭通市,艾草加工，种植,云南鑫会盟艾绒制品生产有限公司,云南省·昭通市·巧家县,学历不限,100,视力残疾4级;听力残疾4级;言语残疾4级;肢体残疾4级;智力残疾4级;精神残疾4级;,是,见原平台,中国残联就业服务平台（动态接口）,https://www.cdpee.org.cn/,2026年09月17日
山东省,青岛市,电商财税顾问,中商云企（青岛）产业园区运营管理有限公司,山东省·青岛市,本科,,视力残疾1-4级;听力残疾1-4级;言语残疾1-4级;肢体残疾1-4级;智力残疾1-4级;精神残疾1-4级;多重残疾1-4级;,是,见原平台,中国残联就业服务平台（动态接口）,https://www.cdpee.org.cn/,2026年04月22日
河南省,洛阳市,招日结主播/无责保底5800/不卡颜/小白可做,洛阳市天爵传媒有限公司,河南省·洛阳市·涧西区,学历不限,,视力残疾1-4级;听力残疾1-4级;言语残疾1-4级;肢体残疾1-4级;智力残疾1-4级;精神残疾1-4级;多重残疾1-4级;,是,见原平台,中国残联就业服务平台（动态接口）,https://www.cdpee.org.cn/,2026年07月15日
江苏省,宿迁市,食品加工处理,宿迁市宿城区陆小青猪肉批发经营部,江苏省·宿迁市·湖滨新区,小学,100,"视力残疾3,4级;听力残疾3,4级;肢体残疾3,4级;智力残疾4级;多重残疾3,4级;",是,见原平台,中国残联就业服务平台（动态接口）,https://www.cdpee.org.cn/,2026年09月17日
湖南省,株洲市,垃圾清运工,湖南仁仁洁国际清洁科技集团股份有限公司荷塘分公司,湖南省·株洲市·荷塘区,学历不限,1,言语残疾1级;智力残疾1级;,是,见原平台,中国残联就业服务平台（动态接口）,https://www.cdpee.org.cn/,2026年09月17日
江苏省,徐州市,江苏徐州组件工+早八晚六+包吃+五险+坐班,陕西致广人力资源有限公司,江苏省·徐州市·邳州市,学历不限,20,"视力残疾1-4级;听力残疾1-4级;言语残疾1-4级;肢体残疾1-4级;智力残疾3,4级;多重残疾1-4级;",是,见原平台,中国残联就业服务平台（动态接口）,https://www.cdpee.org.cn/,2026年09月17日
广东省,江门市,生产工,江门市霞光照明电器有限公司,广东省·江门市·蓬江区,学历不限,1,听力残疾2-4级;言语残疾2-4级;肢体残疾4级;智力残疾4级;多重残疾4级;,是,见原平台,中国残联就业服务平台（动态接口）,https://www.cdpee.org.cn/,2026年09月17日
上海市,上海市,行政助理（上海闵行区）,北京易才人力资源顾问有限公司,上海市·上海市·闵行区,大专,1,视力残疾1-3级;听力残疾1-3级;言语残疾1-3级;肢体残疾1-3级;智力残疾1-3级;精神残疾1-3级;多重残疾1-3级;,是,见原平台,中国残联就业服务平台（动态接口）,https://www.cdpee.org.cn/,2026年08月17日
江苏省,南京市,HR招聘,北京易才人力资源顾问有限公司,江苏省·南京市·建邺区,大专,1,视力残疾1-3级;听力残疾1-3级;言语残疾1-3级;肢体残疾1-3级;智力残疾1-3级;精神残疾1-3级;多重残疾1-3级;,是,见原平台,中国残联就业服务平台（动态接口）,https://www.cdpee.org.cn/,2026年05月22日
四川省,成都市,成都急招（残疾人福利岗）五险一金，长白8小时，高薪技术岗,广州海仑企业服务有限公司,四川省·成都市·锦江区,学历不限,3,视力残疾1-4级;听力残疾1-4级;言语残疾1-4级;肢体残疾1-4级;智力残疾1-4级;精神残疾1-4级;多重残疾1-4级;,是,见原平台,中国残联就业服务平台（动态接口）,https://www.cdpee.org.cn/,2026年09月17日
天津市,天津市,天津档案处理员，双休，8小时，缴纳五险一金,广州海仑企业服务有限公司,天津市·天津市·河东区,学历不限,2,视力残疾1-4级;听力残疾1-4级;言语残疾1-4级;肢体残疾1-4级;智力残疾1-4级;精神残疾1-4级;多重残疾1-4级;,是,见原平台,中国残联就业服务平台（动态接口）,https://www.cdpee.org.cn/,2026年09月17日
浙江省,宁波市,小象超市-自营直招配送,深圳三快信息科技有限公司,浙江省·宁波市·鄞州区,学历不限,,视力残疾1-4级;听力残疾1-4级;言语残疾1-4级;肢体残疾1-4级;智力残疾1-4级;精神残疾1-4级;多重残疾1-4级;,是,见原平台,中国残联就业服务平台（动态接口）,https://www.cdpee.org.cn/,2026年08月27日
云南省,昭通市,艾草加工，种植,云南鑫会盟艾绒制品生产有限公司,云南省·昭通市·巧家县,学历不限,100,视力残疾4级;听力残疾4级;言语残疾4级;肢体残疾4级;智力残疾4级;精神残疾4级;,是,见原平台,中国残联就业服务平台（动态接口）,https://www.cdpee.org.cn/,2026年09月17日
山东省,青岛市,电商财税顾问,中商云企（青岛）产业园区运营管理有限公司,山东省·青岛市,本科,,视力残疾1-4级;听力残疾1-4级;言语残疾1-4级;肢体残疾1-4级;智力残疾1-4级;精神残疾1-4级;多重残疾1-4级;,是,见原平台,中国残联就业服务平台（动态接口）,https://www.cdpee.org.cn/,2026年04月22日
河南省,洛阳市,招日结主播/无责保底5800/不卡颜/小白可做,洛阳市天爵传媒有限公司,河南省·洛阳市·涧西区,学历不限,,视力残疾1-4级;听力残疾1-4级;言语残疾1-4级;肢体残疾1-4级;智力残疾1-4级;精神残疾1-4级;多重残疾1-4级;,是,见原平台,中国残联就业服务平台（动态接口）,https://www.cdpee.org.cn/,2026年07月15日
江苏省,宿迁市,食品加工处理,宿迁市宿城区陆小青猪肉批发经营部,江苏省·宿迁市·湖滨新区,小学,100,"视力残疾3,4级;听力残疾3,4级;肢体残疾3,4级;智力残疾4级;多重残疾3,4级;",是,见原平台,中国残联就业服务平台（动态接口）,https://www.cdpee.org.cn/,2026年09月17日
湖南省,株洲市,垃圾清运工,湖南仁仁洁国际清洁科技集团股份有限公司荷塘分公司,湖南省·株洲市·荷塘区,学历不限,1,言语残疾1级;智力残疾1级;,是,见原平台,中国残联就业服务平台（动态接口）,https://www.cdpee.org.cn/,2026年09月17日
江苏省,徐州市,江苏徐州组件工+早八晚六+包吃+五险+坐班,陕西致广人力资源有限公司,江苏省·徐州市·邳州市,学历不限,20,"视力残疾1-4级;听力残疾1-4级;言语残疾1-4级;肢体残疾1-4级;智力残疾3,4级;多重残疾1-4级;",是,见原平台,中国残联就业服务平台（动态接口）,https://www.cdpee.org.cn/,2026年09月17日
广东省,江门市,生产工,江门市霞光照明电器有限公司,广东省·江门市·蓬江区,学历不限,1,听力残疾2-4级;言语残疾2-4级;肢体残疾4级;智力残疾4级;多重残疾4级;,是,见原平台,中国残联就业服务平台（动态接口）,https://www.cdpee.org.cn/,2026年09月17日
上海市,上海市,行政助理（上海闵行区）,北京易才人力资源顾问有限公司,上海市·上海市·闵行区,大专,1,视力残疾1-3级;听力残疾1-3级;言语残疾1-3级;肢体残疾1-3级;智力残疾1-3级;精神残疾1-3级;多重残疾1-3级;,是,见原平台,中国残联就业服务平台（动态接口）,https://www.cdpee.org.cn/,2026年08月17日
江苏省,南京市,HR招聘,北京易才人力资源顾问有限公司,江苏省·南京市·建邺区,大专,1,视力残疾1-3级;听力残疾1-3级;言语残疾1-3级;肢体残疾1-3级;智力残疾1-3级;精神残疾1-3级;多重残疾1-3级;,是,见原平台,中国残联就业服务平台（动态接口）,https://www.cdpee.org.cn/,2026年05月22日
四川省,成都市,成都急招（残疾人福利岗）五险一金，长白8小时，高薪技术岗,广州海仑企业服务有限公司,四川省·成都市·锦江区,学历不限,3,视力残疾1-4级;听力残疾1-4级;言语残疾1-4级;肢体残疾1-4级;智力残疾1-4级;精神残疾1-4级;多重残疾1-4级;,是,见原平台,中国残联就业服务平台（动态接口）,https://www.cdpee.org.cn/,2026年09月17日
天津市,天津市,天津档案处理员，双休，8小时，缴纳五险一金,广州海仑企业服务有限公司,天津市·天津市·河东区,学历不限,2,视力残疾1-4级;听力残疾1-4级;言语残疾1-4级;肢体残疾1-4级;智力残疾1-4级;精神残疾1-4级;多重残疾1-4级;,是,见原平台,中国残联就业服务平台（动态接口）,https://www.cdpee.org.cn/,2026年09月17日
浙江省,宁波市,小象超市-自营直招配送,深圳三快信息科技有限公司,浙江省·宁波市·鄞州区,学历不限,,视力残疾1-4级;听力残疾1-4级;言语残疾1-4级;肢体残疾1-4级;智力残疾1-4级;精神残疾1-4级;多重残疾1-4级;,是,见原平台,中国残联就业服务平台（动态接口）,https://www.cdpee.org.cn/,2026年08月27日
云南省,昭通市,艾草加工，种植,云南鑫会盟艾绒制品生产有限公司,云南省·昭通市·巧家县,学历不限,100,视力残疾4级;听力残疾4级;言语残疾4级;肢体残疾4级;智力残疾4级;精神残疾4级;,是,见原平台,中国残联就业服务平台（动态接口）,https://www.cdpee.org.cn/,2026年09月17日
山东省,青岛市,电商财税顾问,中商云企（青岛）产业园区运营管理有限公司,山东省·青岛市,本科,,视力残疾1-4级;听力残疾1-4级;言语残疾1-4级;肢体残疾1-4级;智力残疾1-4级;精神残疾1-4级;多重残疾1-4级;,是,见原平台,中国残联就业服务平台（动态接口）,https://www.cdpee.org.cn/,2026年04月22日
河南省,洛阳市,招日结主播/无责保底5800/不卡颜/小白可做,洛阳市天爵传媒有限公司,河南省·洛阳市·涧西区,学历不限,,视力残疾1-4级;听力残疾1-4级;言语残疾1-4级;肢体残疾1-4级;智力残疾1-4级;精神残疾1-4级;多重残疾1-4级;,是,见原平台,中国残联就业服务平台（动态接口）,https://www.cdpee.org.cn/,2026年07月15日
江苏省,宿迁市,食品加工处理,宿迁市宿城区陆小青猪肉批发经营部,江苏省·宿迁市·湖滨新区,小学,100,"视力残疾3,4级;听力残疾3,4级;肢体残疾3,4级;智力残疾4级;多重残疾3,4级;",是,见原平台,中国残联就业服务平台（动态接口）,https://www.cdpee.org.cn/,2026年09月17日
湖南省,株洲市,垃圾清运工,湖南仁仁洁国际清洁科技集团股份有限公司荷塘分公司,湖南省·株洲市·荷塘区,学历不限,1,言语残疾1级;智力残疾1级;,是,见原平台,中国残联就业服务平台（动态接口）,https://www.cdpee.org.cn/,2026年09月17日
江苏省,徐州市,江苏徐州组件工+早八晚六+包吃+五险+坐班,陕西致广人力资源有限公司,江苏省·徐州市·邳州市,学历不限,20,"视力残疾1-4级;听力残疾1-4级;言语残疾1-4级;肢体残疾1-4级;智力残疾3,4级;多重残疾1-4级;",是,见原平台,中国残联就业服务平台（动态接口）,https://www.cdpee.org.cn/,2026年09月17日
广东省,江门市,生产工,江门市霞光照明电器有限公司,广东省·江门市·蓬江区,学历不限,1,听力残疾2-4级;言语残疾2-4级;肢体残疾4级;智力残疾4级;多重残疾4级;,是,见原平台,中国残联就业服务平台（动态接口）,https://www.cdpee.org.cn/,2026年09月17日
上海市,上海市,行政助理（上海闵行区）,北京易才人力资源顾问有限公司,上海市·上海市·闵行区,大专,1,视力残疾1-3级;听力残疾1-3级;言语残疾1-3级;肢体残疾1-3级;智力残疾1-3级;精神残疾1-3级;多重残疾1-3级;,是,见原平台,中国残联就业服务平台（动态接口）,https://www.cdpee.org.cn/,2026年08月17日
江苏省,南京市,HR招聘,北京易才人力资源顾问有限公司,江苏省·南京市·建邺区,大专,1,视力残疾1-3级;听力残疾1-3级;言语残疾1-3级;肢体残疾1-3级;智力残疾1-3级;精神残疾1-3级;多重残疾1-3级;,是,见原平台,中国残联就业服务平台（动态接口）,https://www.cdpee.org.cn/,2026年05月22日
四川省,成都市,成都急招（残疾人福利岗）五险一金，长白8小时，高薪技术岗,广州海仑企业服务有限公司,四川省·成都市·锦江区,学历不限,3,视力残疾1-4级;听力残疾1-4级;言语残疾1-4级;肢体残疾1-4级;智力残疾1-4级;精神残疾1-4级;多重残疾1-4级;,是,见原平台,中国残联就业服务平台（动态接口）,https://www.cdpee.org.cn/,2026年09月17日
天津市,天津市,天津档案处理员，双休，8小时，缴纳五险一金,广州海仑企业服务有限公司,天津市·天津市·河东区,学历不限,2,视力残疾1-4级;听力残疾1-4级;言语残疾1-4级;肢体残疾1-4级;智力残疾1-4级;精神残疾1-4级;多重残疾1-4级;,是,见原平台,中国残联就业服务平台（动态接口）,https://www.cdpee.org.cn/,2026年09月17日
浙江省,宁波市,小象超市-自营直招配送,深圳三快信息科技有限公司,浙江省·宁波市·鄞州区,学历不限,,视力残疾1-4级;听力残疾1-4级;言语残疾1-4级;肢体残疾1-4级;智力残疾1-4级;精神残疾1-4级;多重残疾1-4级;,是,见原平台,中国残联就业服务平台（动态接口）,https://www.cdpee.org.cn/,2026年08月27日
云南省,昭通市,艾草加工，种植,云南鑫会盟艾绒制品生产有限公司,云南省·昭通市·巧家县,学历不限,100,视力残疾4级;听力残疾4级;言语残疾4级;肢体残疾4级;智力残疾4级;精神残疾4级;,是,见原平台,中国残联就业服务平台（动态接口）,https://www.cdpee.org.cn/,2026年09月17日
山东省,青岛市,电商财税顾问,中商云企（青岛）产业园区运营管理有限公司,山东省·青岛市,本科,,视力残疾1-4级;听力残疾1-4级;言语残疾1-4级;肢体残疾1-4级;智力残疾1-4级;精神残疾1-4级;多重残疾1-4级;,是,见原平台,中国残联就业服务平台（动态接口）,https://www.cdpee.org.cn/,2026年04月22日
河南省,洛阳市,招日结主播/无责保底5800/不卡颜/小白可做,洛阳市天爵传媒有限公司,河南省·洛阳市·涧西区,学历不限,,视力残疾1-4级;听力残疾1-4级;言语残疾1-4级;肢体残疾1-4级;智力残疾1-4级;精神残疾1-4级;多重残疾1-4级;,是,见原平台,中国残联就业服务平台（动态接口）,https://www.cdpee.org.cn/,2026年07月15日
江苏省,宿迁市,食品加工处理,宿迁市宿城区陆小青猪肉批发经营部,江苏省·宿迁市·湖滨新区,小学,100,"视力残疾3,4级;听力残疾3,4级;肢体残疾3,4级;智力残疾4级;多重残疾3,4级;",是,见原平台,中国残联就业服务平台（动态接口）,https://www.cdpee.org.cn/,2026年09月17日
湖南省,株洲市,垃圾清运工,湖南仁仁洁国际清洁科技集团股份有限公司荷塘分公司,湖南省·株洲市·荷塘区,学历不限,1,言语残疾1级;智力残疾1级;,是,见原平台,中国残联就业服务平台（动态接口）,https://www.cdpee.org.cn/,2026年09月17日
江苏省,徐州市,江苏徐州组件工+早八晚六+包吃+五险+坐班,陕西致广人力资源有限公司,江苏省·徐州市·邳州市,学历不限,20,"视力残疾1-4级;听力残疾1-4级;言语残疾1-4级;肢体残疾1-4级;智力残疾3,4级;多重残疾1-4级;",是,见原平台,中国残联就业服务平台（动态接口）,https://www.cdpee.org.cn/,2026年09月17日
广东省,江门市,生产工,江门市霞光照明电器有限公司,广东省·江门市·蓬江区,学历不限,1,听力残疾2-4级;言语残疾2-4级;肢体残疾4级;智力残疾4级;多重残疾4级;,是,见原平台,中国残联就业服务平台（动态接口）,https://www.cdpee.org.cn/,2026年09月17日
上海市,上海市,行政助理（上海闵行区）,北京易才人力资源顾问有限公司,上海市·上海市·闵行区,大专,1,视力残疾1-3级;听力残疾1-3级;言语残疾1-3级;肢体残疾1-3级;智力残疾1-3级;精神残疾1-3级;多重残疾1-3级;,是,见原平台,中国残联就业服务平台（动态接口）,https://www.cdpee.org.cn/,2026年08月17日
江苏省,南京市,HR招聘,北京易才人力资源顾问有限公司,江苏省·南京市·建邺区,大专,1,视力残疾1-3级;听力残疾1-3级;言语残疾1-3级;肢体残疾1-3级;智力残疾1-3级;精神残疾1-3级;多重残疾1-3级;,是,见原平台,中国残联就业服务平台（动态接口）,https://www.cdpee.org.cn/,2026年05月22日
四川省,成都市,成都急招（残疾人福利岗）五险一金，长白8小时，高薪技术岗,广州海仑企业服务有限公司,四川省·成都市·锦江区,学历不限,3,视力残疾1-4级;听力残疾1-4级;言语残疾1-4级;肢体残疾1-4级;智力残疾1-4级;精神残疾1-4级;多重残疾1-4级;,是,见原平台,中国残联就业服务平台（动态接口）,https://www.cdpee.org.cn/,2026年09月17日
天津市,天津市,天津档案处理员，双休，8小时，缴纳五险一金,广州海仑企业服务有限公司,天津市·天津市·河东区,学历不限,2,视力残疾1-4级;听力残疾1-4级;言语残疾1-4级;肢体残疾1-4级;智力残疾1-4级;精神残疾1-4级;多重残疾1-4级;,是,见原平台,中国残联就业服务平台（动态接口）,https://www.cdpee.org.cn/,2026年09月17日
浙江省,宁波市,小象超市-自营直招配送,深圳三快信息科技有限公司,浙江省·宁波市·鄞州区,学历不限,,视力残疾1-4级;听力残疾1-4级;言语残疾1-4级;肢体残疾1-4级;智力残疾1-4级;精神残疾1-4级;多重残疾1-4级;,是,见原平台,中国残联就业服务平台（动态接口）,https://www.cdpee.org.cn/,2026年08月27日
云南省,昭通市,艾草加工，种植,云南鑫会盟艾绒制品生产有限公司,云南省·昭通市·巧家县,学历不限,100,视力残疾4级;听力残疾4级;言语残疾4级;肢体残疾4级;智力残疾4级;精神残疾4级;,是,见原平台,中国残联就业服务平台（动态接口）,https://www.cdpee.org.cn/,2026年09月17日
山东省,青岛市,电商财税顾问,中商云企（青岛）产业园区运营管理有限公司,山东省·青岛市,本科,,视力残疾1-4级;听力残疾1-4级;言语残疾1-4级;肢体残疾1-4级;智力残疾1-4级;精神残疾1-4级;多重残疾1-4级;,是,见原平台,中国残联就业服务平台（动态接口）,https://www.cdpee.org.cn/,2026年04月22日
河南省,洛阳市,招日结主播/无责保底5800/不卡颜/小白可做,洛阳市天爵传媒有限公司,河南省·洛阳市·涧西区,学历不限,,视力残疾1-4级;听力残疾1-4级;言语残疾1-4级;肢体残疾1-4级;智力残疾1-4级;精神残疾1-4级;多重残疾1-4级;,是,见原平台,中国残联就业服务平台（动态接口）,https://www.cdpee.org.cn/,2026年07月15日
江苏省,宿迁市,食品加工处理,宿迁市宿城区陆小青猪肉批发经营部,江苏省·宿迁市·湖滨新区,小学,100,"视力残疾3,4级;听力残疾3,4级;肢体残疾3,4级;智力残疾4级;多重残疾3,4级;",是,见原平台,中国残联就业服务平台（动态接口）,https://www.cdpee.org.cn/,2026年09月17日
湖南省,株洲市,垃圾清运工,湖南仁仁洁国际清洁科技集团股份有限公司荷塘分公司,湖南省·株洲市·荷塘区,学历不限,1,言语残疾1级;智力残疾1级;,是,见原平台,中国残联就业服务平台（动态接口）,https://www.cdpee.org.cn/,2026年09月17日
江苏省,徐州市,江苏徐州组件工+早八晚六+包吃+五险+坐班,陕西致广人力资源有限公司,江苏省·徐州市·邳州市,学历不限,20,"视力残疾1-4级;听力残疾1-4级;言语残疾1-4级;肢体残疾1-4级;智力残疾3,4级;多重残疾1-4级;",是,见原平台,中国残联就业服务平台（动态接口）,https://www.cdpee.org.cn/,2026年09月17日
广东省,江门市,生产工,江门市霞光照明电器有限公司,广东省·江门市·蓬江区,学历不限,1,听力残疾2-4级;言语残疾2-4级;肢体残疾4级;智力残疾4级;多重残疾4级;,是,见原平台,中国残联就业服务平台（动态接口）,https://www.cdpee.org.cn/,2026年09月17日
上海市,上海市,行政助理（上海闵行区）,北京易才人力资源顾问有限公司,上海市·上海市·闵行区,大专,1,视力残疾1-3级;听力残疾1-3级;言语残疾1-3级;肢体残疾1-3级;智力残疾1-3级;精神残疾1-3级;多重残疾1-3级;,是,见原平台,中国残联就业服务平台（动态接口）,https://www.cdpee.org.cn/,2026年08月17日
江苏省,南京市,HR招聘,北京易才人力资源顾问有限公司,江苏省·南京市·建邺区,大专,1,视力残疾1-3级;听力残疾1-3级;言语残疾1-3级;肢体残疾1-3级;智力残疾1-3级;精神残疾1-3级;多重残疾1-3级;,是,见原平台,中国残联就业服务平台（动态接口）,https://www.cdpee.org.cn/,2026年05月22日
四川省,成都市,成都急招（残疾人福利岗）五险一金，长白8小时，高薪技术岗,广州海仑企业服务有限公司,四川省·成都市·锦江区,学历不限,3,视力残疾1-4级;听力残疾1-4级;言语残疾1-4级;肢体残疾1-4级;智力残疾1-4级;精神残疾1-4级;多重残疾1-4级;,是,见原平台,中国残联就业服务平台（动态接口）,https://www.cdpee.org.cn/,2026年09月17日
天津市,天津市,天津档案处理员，双休，8小时，缴纳五险一金,广州海仑企业服务有限公司,天津市·天津市·河东区,学历不限,2,视力残疾1-4级;听力残疾1-4级;言语残疾1-4级;肢体残疾1-4级;智力残疾1-4级;精神残疾1-4级;多重残疾1-4级;,是,见原平台,中国残联就业服务平台（动态接口）,https://www.cdpee.org.cn/,2026年09月17日
浙江省,宁波市,小象超市-自营直招配送,深圳三快信息科技有限公司,浙江省·宁波市·鄞州区,学历不限,,视力残疾1-4级;听力残疾1-4级;言语残疾1-4级;肢体残疾1-4级;智力残疾1-4级;精神残疾1-4级;多重残疾1-4级;,是,见原平台,中国残联就业服务平台（动态接口）,https://www.cdpee.org.cn/,2026年08月27日
云南省,昭通市,艾草加工，种植,云南鑫会盟艾绒制品生产有限公司,云南省·昭通市·巧家县,学历不限,100,视力残疾4级;听力残疾4级;言语残疾4级;肢体残疾4级;智力残疾4级;精神残疾4级;,是,见原平台,中国残联就业服务平台（动态接口）,https://www.cdpee.org.cn/,2026年09月17日
山东省,青岛市,电商财税顾问,中商云企（青岛）产业园区运营管理有限公司,山东省·青岛市,本科,,视力残疾1-4级;听力残疾1-4级;言语残疾1-4级;肢体残疾1-4级;智力残疾1-4级;精神残疾1-4级;多重残疾1-4级;,是,见原平台,中国残联就业服务平台（动态接口）,https://www.cdpee.org.cn/,2026年04月22日
河南省,洛阳市,招日结主播/无责保底5800/不卡颜/小白可做,洛阳市天爵传媒有限公司,河南省·洛阳市·涧西区,学历不限,,视力残疾1-4级;听力残疾1-4级;言语残疾1-4级;肢体残疾1-4级;智力残疾1-4级;精神残疾1-4级;多重残疾1-4级;,是,见原平台,中国残联就业服务平台（动态接口）,https://www.cdpee.org.cn/,2026年07月15日
江苏省,宿迁市,食品加工处理,宿迁市宿城区陆小青猪肉批发经营部,江苏省·宿迁市·湖滨新区,小学,100,"视力残疾3,4级;听力残疾3,4级;肢体残疾3,4级;智力残疾4级;多重残疾3,4级;",是,见原平台,中国残联就业服务平台（动态接口）,https://www.cdpee.org.cn/,2026年09月17日
湖南省,株洲市,垃圾清运工,湖南仁仁洁国际清洁科技集团股份有限公司荷塘分公司,湖南省·株洲市·荷塘区,学历不限,1,言语残疾1级;智力残疾1级;,是,见原平台,中国残联就业服务平台（动态接口）,https://www.cdpee.org.cn/,2026年09月17日
江苏省,徐州市,江苏徐州组件工+早八晚六+包吃+五险+坐班,陕西致广人力资源有限公司,江苏省·徐州市·邳州市,学历不限,20,"视力残疾1-4级;听力残疾1-4级;言语残疾1-4级;肢体残疾1-4级;智力残疾3,4级;多重残疾1-4级;",是,见原平台,中国残联就业服务平台（动态接口）,https://www.cdpee.org.cn/,2026年09月17日
广东省,江门市,生产工,江门市霞光照明电器有限公司,广东省·江门市·蓬江区,学历不限,1,听力残疾2-4级;言语残疾2-4级;肢体残疾4级;智力残疾4级;多重残疾4级;,是,见原平台,中国残联就业服务平台（动态接口）,https://www.cdpee.org.cn/,2026年09月17日
上海市,上海市,行政助理（上海闵行区）,北京易才人力资源顾问有限公司,上海市·上海市·闵行区,大专,1,视力残疾1-3级;听力残疾1-3级;言语残疾1-3级;肢体残疾1-3级;智力残疾1-3级;精神残疾1-3级;多重残疾1-3级;,是,见原平台,中国残联就业服务平台（动态接口）,https://www.cdpee.org.cn/,2026年08月17日
江苏省,南京市,HR招聘,北京易才人力资源顾问有限公司,江苏省·南京市·建邺区,大专,1,视力残疾1-3级;听力残疾1-3级;言语残疾1-3级;肢体残疾1-3级;智力残疾1-3级;精神残疾1-3级;多重残疾1-3级;,是,见原平台,中国残联就业服务平台（动态接口）,https://www.cdpee.org.cn/,2026年05月22日
四川省,成都市,成都急招（残疾人福利岗）五险一金，长白8小时，高薪技术岗,广州海仑企业服务有限公司,四川省·成都市·锦江区,学历不限,3,视力残疾1-4级;听力残疾1-4级;言语残疾1-4级;肢体残疾1-4级;智力残疾1-4级;精神残疾1-4级;多重残疾1-4级;,是,见原平台,中国残联就业服务平台（动态接口）,https://www.cdpee.org.cn/,2026年09月17日
天津市,天津市,天津档案处理员，双休，8小时，缴纳五险一金,广州海仑企业服务有限公司,天津市·天津市·河东区,学历不限,2,视力残疾1-4级;听力残疾1-4级;言语残疾1-4级;肢体残疾1-4级;智力残疾1-4级;精神残疾1-4级;多重残疾1-4级;,是,见原平台,中国残联就业服务平台（动态接口）,https://www.cdpee.org.cn/,2026年09月17日
浙江省,宁波市,小象超市-自营直招配送,深圳三快信息科技有限公司,浙江省·宁波市·鄞州区,学历不限,,视力残疾1-4级;听力残疾1-4级;言语残疾1-4级;肢体残疾1-4级;智力残疾1-4级;精神残疾1-4级;多重残疾1-4级;,是,见原平台,中国残联就业服务平台（动态接口）,https://www.cdpee.org.cn/,2026年08月27日
云南省,昭通市,艾草加工，种植,云南鑫会盟艾绒制品生产有限公司,云南省·昭通市·巧家县,学历不限,100,视力残疾4级;听力残疾4级;言语残疾4级;肢体残疾4级;智力残疾4级;精神残疾4级;,是,见原平台,中国残联就业服务平台（动态接口）,https://www.cdpee.org.cn/,2026年09月17日
山东省,青岛市,电商财税顾问,中商云企（青岛）产业园区运营管理有限公司,山东省·青岛市,本科,,视力残疾1-4级;听力残疾1-4级;言语残疾1-4级;肢体残疾1-4级;智力残疾1-4级;精神残疾1-4级;多重残疾1-4级;,是,见原平台,中国残联就业服务平台（动态接口）,https://www.cdpee.org.cn/,2026年04月22日
河南省,洛阳市,招日结主播/无责保底5800/不卡颜/小白可做,洛阳市天爵传媒有限公司,河南省·洛阳市·涧西区,学历不限,,视力残疾1-4级;听力残疾1-4级;言语残疾1-4级;肢体残疾1-4级;智力残疾1-4级;精神残疾1-4级;多重残疾1-4级;,是,见原平台,中国残联就业服务平台（动态接口）,https://www.cdpee.org.cn/,2026年07月15日
江苏省,宿迁市,食品加工处理,宿迁市宿城区陆小青猪肉批发经营部,江苏省·宿迁市·湖滨新区,小学,100,"视力残疾3,4级;听力残疾3,4级;肢体残疾3,4级;智力残疾4级;多重残疾3,4级;",是,见原平台,中国残联就业服务平台（动态接口）,https://www.cdpee.org.cn/,2026年09月17日
浙江省,金华市,SAGE/ASI 外贸业务员,义乌市固普饰品商行,浙江省·金华市·义乌市,大专,,视力残疾1-4级;听力残疾1-4级;言语残疾1-4级;肢体残疾1-4级;智力残疾1-4级;精神残疾1-4级;多重残疾1-4级;,是,见原平台,中国残联就业服务平台（动态接口）,https://www.cdpee.org.cn/,2026年08月28日
湖南省,株洲市,垃圾清运工,湖南仁仁洁国际清洁科技集团股份有限公司荷塘分公司,湖南省·株洲市·荷塘区,学历不限,1,言语残疾1级;智力残疾1级;,是,见原平台,中国残联就业服务平台（动态接口）,https://www.cdpee.org.cn/,2026年09月17日
安徽省,合肥市,Sk舞团/资深运营带队,合肥魅影文化传媒有限公司,安徽省·合肥市·瑶海区,学历不限,,视力残疾1-4级;听力残疾1-4级;言语残疾1-4级;肢体残疾1-4级;智力残疾1-4级;精神残疾1-4级;多重残疾1-4级;,是,见原平台,中国残联就业服务平台（动态接口）,https://www.cdpee.org.cn/,2026年09月15日
江苏省,徐州市,江苏徐州组件工+早八晚六+包吃+五险+坐班,陕西致广人力资源有限公司,江苏省·徐州市·邳州市,学历不限,20,"视力残疾1-4级;听力残疾1-4级;言语残疾1-4级;肢体残疾1-4级;智力残疾3,4级;多重残疾1-4级;",是,见原平台,中国残联就业服务平台（动态接口）,https://www.cdpee.org.cn/,2026年09月17日
广东省,江门市,生产工,江门市霞光照明电器有限公司,广东省·江门市·蓬江区,学历不限,1,听力残疾2-4级;言语残疾2-4级;肢体残疾4级;智力残疾4级;多重残疾4级;,是,见原平台,中国残联就业服务平台（动态接口）,https://www.cdpee.org.cn/,2026年09月17日
上海市,上海市,行政助理（上海闵行区）,北京易才人力资源顾问有限公司,上海市·上海市·闵行区,大专,1,视力残疾1-3级;听力残疾1-3级;言语残疾1-3级;肢体残疾1-3级;智力残疾1-3级;精神残疾1-3级;多重残疾1-3级;,是,见原平台,中国残联就业服务平台（动态接口）,https://www.cdpee.org.cn/,2026年08月17日
江苏省,南京市,HR招聘,北京易才人力资源顾问有限公司,江苏省·南京市·建邺区,大专,1,视力残疾1-3级;听力残疾1-3级;言语残疾1-3级;肢体残疾1-3级;智力残疾1-3级;精神残疾1-3级;多重残疾1-3级;,是,见原平台,中国残联就业服务平台（动态接口）,https://www.cdpee.org.cn/,2026年05月22日
四川省,成都市,成都急招（残疾人福利岗）五险一金，长白8小时，高薪技术岗,广州海仑企业服务有限公司,四川省·成都市·锦江区,学历不限,3,视力残疾1-4级;听力残疾1-4级;言语残疾1-4级;肢体残疾1-4级;智力残疾1-4级;精神残疾1-4级;多重残疾1-4级;,是,见原平台,中国残联就业服务平台（动态接口）,https://www.cdpee.org.cn/,2026年09月17日
天津市,天津市,天津档案处理员，双休，8小时，缴纳五险一金,广州海仑企业服务有限公司,天津市·天津市·河东区,学历不限,2,视力残疾1-4级;听力残疾1-4级;言语残疾1-4级;肢体残疾1-4级;智力残疾1-4级;精神残疾1-4级;多重残疾1-4级;,是,见原平台,中国残联就业服务平台（动态接口）,https://www.cdpee.org.cn/,2026年09月17日
浙江省,杭州市,销售专员,杭州己享租网络科技有限公司,浙江省·杭州市·钱塘区,高中/中专,,视力残疾1-4级;听力残疾1-4级;言语残疾1-4级;肢体残疾1-4级;智力残疾1-4级;精神残疾1-4级;多重残疾1-4级;,是,见原平台,中国残联就业服务平台（动态接口）,https://www.cdpee.org.cn/,2026年08月10日
云南省,昭通市,艾草加工，种植,云南鑫会盟艾绒制品生产有限公司,云南省·昭通市·巧家县,学历不限,100,视力残疾4级;听力残疾4级;言语残疾4级;肢体残疾4级;智力残疾4级;精神残疾4级;,是,见原平台,中国残联就业服务平台（动态接口）,https://www.cdpee.org.cn/,2026年09月17日
江苏省,宿迁市,食品加工处理,宿迁市宿城区陆小青猪肉批发经营部,江苏省·宿迁市·湖滨新区,小学,100,"视力残疾3,4级;听力残疾3,4级;肢体残疾3,4级;智力残疾4级;多重残疾3,4级;",是,见原平台,中国残联就业服务平台（动态接口）,https://www.cdpee.org.cn/,2026年09月17日
浙江省,金华市,SAGE/ASI 外贸业务员,义乌市固普饰品商行,浙江省·金华市·义乌市,大专,,视力残疾1-4级;听力残疾1-4级;言语残疾1-4级;肢体残疾1-4级;智力残疾1-4级;精神残疾1-4级;多重残疾1-4级;,是,见原平台,中国残联就业服务平台（动态接口）,https://www.cdpee.org.cn/,2026年08月28日
湖南省,株洲市,垃圾清运工,湖南仁仁洁国际清洁科技集团股份有限公司荷塘分公司,湖南省·株洲市·荷塘区,学历不限,1,言语残疾1级;智力残疾1级;,是,见原平台,中国残联就业服务平台（动态接口）,https://www.cdpee.org.cn/,2026年09月17日
安徽省,合肥市,Sk舞团/资深运营带队,合肥魅影文化传媒有限公司,安徽省·合肥市·瑶海区,学历不限,,视力残疾1-4级;听力残疾1-4级;言语残疾1-4级;肢体残疾1-4级;智力残疾1-4级;精神残疾1-4级;多重残疾1-4级;,是,见原平台,中国残联就业服务平台（动态接口）,https://www.cdpee.org.cn/,2026年09月15日
江苏省,徐州市,江苏徐州组件工+早八晚六+包吃+五险+坐班,陕西致广人力资源有限公司,江苏省·徐州市·邳州市,学历不限,20,"视力残疾1-4级;听力残疾1-4级;言语残疾1-4级;肢体残疾1-4级;智力残疾3,4级;多重残疾1-4级;",是,见原平台,中国残联就业服务平台（动态接口）,https://www.cdpee.org.cn/,2026年09月17日
广东省,江门市,生产工,江门市霞光照明电器有限公司,广东省·江门市·蓬江区,学历不限,1,听力残疾2-4级;言语残疾2-4级;肢体残疾4级;智力残疾4级;多重残疾4级;,是,见原平台,中国残联就业服务平台（动态接口）,https://www.cdpee.org.cn/,2026年09月17日
上海市,上海市,行政助理（上海闵行区）,北京易才人力资源顾问有限公司,上海市·上海市·闵行区,大专,1,视力残疾1-3级;听力残疾1-3级;言语残疾1-3级;肢体残疾1-3级;智力残疾1-3级;精神残疾1-3级;多重残疾1-3级;,是,见原平台,中国残联就业服务平台（动态接口）,https://www.cdpee.org.cn/,2026年08月17日
江苏省,南京市,HR招聘,北京易才人力资源顾问有限公司,江苏省·南京市·建邺区,大专,1,视力残疾1-3级;听力残疾1-3级;言语残疾1-3级;肢体残疾1-3级;智力残疾1-3级;精神残疾1-3级;多重残疾1-3级;,是,见原平台,中国残联就业服务平台（动态接口）,https://www.cdpee.org.cn/,2026年05月22日
四川省,成都市,成都急招（残疾人福利岗）五险一金，长白8小时，高薪技术岗,广州海仑企业服务有限公司,四川省·成都市·锦江区,学历不限,3,视力残疾1-4级;听力残疾1-4级;言语残疾1-4级;肢体残疾1-4级;智力残疾1-4级;精神残疾1-4级;多重残疾1-4级;,是,见原平台,中国残联就业服务平台（动态接口）,https://www.cdpee.org.cn/,2026年09月17日
天津市,天津市,天津档案处理员，双休，8小时，缴纳五险一金,广州海仑企业服务有限公司,天津市·天津市·河东区,学历不限,2,视力残疾1-4级;听力残疾1-4级;言语残疾1-4级;肢体残疾1-4级;智力残疾1-4级;精神残疾1-4级;多重残疾1-4级;,是,见原平台,中国残联就业服务平台（动态接口）,https://www.cdpee.org.cn/,2026年09月17日
浙江省,杭州市,销售专员,杭州己享租网络科技有限公司,浙江省·杭州市·钱塘区,高中/中专,,视力残疾1-4级;听力残疾1-4级;言语残疾1-4级;肢体残疾1-4级;智力残疾1-4级;精神残疾1-4级;多重残疾1-4级;,是,见原平台,中国残联就业服务平台（动态接口）,https://www.cdpee.org.cn/,2026年08月10日
云南省,昭通市,艾草加工，种植,云南鑫会盟艾绒制品生产有限公司,云南省·昭通市·巧家县,学历不限,100,视力残疾4级;听力残疾4级;言语残疾4级;肢体残疾4级;智力残疾4级;精神残疾4级;,是,见原平台,中国残联就业服务平台（动态接口）,https://www.cdpee.org.cn/,2026年09月17日
江苏省,宿迁市,食品加工处理,宿迁市宿城区陆小青猪肉批发经营部,江苏省·宿迁市·湖滨新区,小学,100,"视力残疾3,4级;听力残疾3,4级;肢体残疾3,4级;智力残疾4级;多重残疾3,4级;",是,见原平台,中国残联就业服务平台（动态接口）,https://www.cdpee.org.cn/,2026年09月17日
浙江省,金华市,SAGE/ASI 外贸业务员,义乌市固普饰品商行,浙江省·金华市·义乌市,大专,,视力残疾1-4级;听力残疾1-4级;言语残疾1-4级;肢体残疾1-4级;智力残疾1-4级;精神残疾1-4级;多重残疾1-4级;,是,见原平台,中国残联就业服务平台（动态接口）,https://www.cdpee.org.cn/,2026年08月28日
湖南省,株洲市,垃圾清运工,湖南仁仁洁国际清洁科技集团股份有限公司荷塘分公司,湖南省·株洲市·荷塘区,学历不限,1,言语残疾1级;智力残疾1级;,是,见原平台,中国残联就业服务平台（动态接口）,https://www.cdpee.org.cn/,2026年09月17日
安徽省,合肥市,Sk舞团/资深运营带队,合肥魅影文化传媒有限公司,安徽省·合肥市·瑶海区,学历不限,,视力残疾1-4级;听力残疾1-4级;言语残疾1-4级;肢体残疾1-4级;智力残疾1-4级;精神残疾1-4级;多重残疾1-4级;,是,见原平台,中国残联就业服务平台（动态接口）,https://www.cdpee.org.cn/,2026年09月15日
江苏省,徐州市,江苏徐州组件工+早八晚六+包吃+五险+坐班,陕西致广人力资源有限公司,江苏省·徐州市·邳州市,学历不限,20,"视力残疾1-4级;听力残疾1-4级;言语残疾1-4级;肢体残疾1-4级;智力残疾3,4级;多重残疾1-4级;",是,见原平台,中国残联就业服务平台（动态接口）,https://www.cdpee.org.cn/,2026年09月17日
广东省,江门市,生产工,江门市霞光照明电器有限公司,广东省·江门市·蓬江区,学历不限,1,听力残疾2-4级;言语残疾2-4级;肢体残疾4级;智力残疾4级;多重残疾4级;,是,见原平台,中国残联就业服务平台（动态接口）,https://www.cdpee.org.cn/,2026年09月17日
上海市,上海市,行政助理（上海闵行区）,北京易才人力资源顾问有限公司,上海市·上海市·闵行区,大专,1,视力残疾1-3级;听力残疾1-3级;言语残疾1-3级;肢体残疾1-3级;智力残疾1-3级;精神残疾1-3级;多重残疾1-3级;,是,见原平台,中国残联就业服务平台（动态接口）,https://www.cdpee.org.cn/,2026年08月17日
江苏省,南京市,HR招聘,北京易才人力资源顾问有限公司,江苏省·南京市·建邺区,大专,1,视力残疾1-3级;听力残疾1-3级;言语残疾1-3级;肢体残疾1-3级;智力残疾1-3级;精神残疾1-3级;多重残疾1-3级;,是,见原平台,中国残联就业服务平台（动态接口）,https://www.cdpee.org.cn/,2026年05月22日
四川省,成都市,成都急招（残疾人福利岗）五险一金，长白8小时，高薪技术岗,广州海仑企业服务有限公司,四川省·成都市·锦江区,学历不限,3,视力残疾1-4级;听力残疾1-4级;言语残疾1-4级;肢体残疾1-4级;智力残疾1-4级;精神残疾1-4级;多重残疾1-4级;,是,见原平台,中国残联就业服务平台（动态接口）,https://www.cdpee.org.cn/,2026年09月17日
天津市,天津市,天津档案处理员，双休，8小时，缴纳五险一金,广州海仑企业服务有限公司,天津市·天津市·河东区,学历不限,2,视力残疾1-4级;听力残疾1-4级;言语残疾1-4级;肢体残疾1-4级;智力残疾1-4级;精神残疾1-4级;多重残疾1-4级;,是,见原平台,中国残联就业服务平台（动态接口）,https://www.cdpee.org.cn/,2026年09月17日
浙江省,杭州市,销售专员,杭州己享租网络科技有限公司,浙江省·杭州市·钱塘区,高中/中专,,视力残疾1-4级;听力残疾1-4级;言语残疾1-4级;肢体残疾1-4级;智力残疾1-4级;精神残疾1-4级;多重残疾1-4级;,是,见原平台,中国残联就业服务平台（动态接口）,https://www.cdpee.org.cn/,2026年08月10日
云南省,昭通市,艾草加工，种植,云南鑫会盟艾绒制品生产有限公司,云南省·昭通市·巧家县,学历不限,100,视力残疾4级;听力残疾4级;言语残疾4级;肢体残疾4级;智力残疾4级;精神残疾4级;,是,见原平台,中国残联就业服务平台（动态接口）,https://www.cdpee.org.cn/,2026年09月17日
江苏省,宿迁市,食品加工处理,宿迁市宿城区陆小青猪肉批发经营部,江苏省·宿迁市·湖滨新区,小学,100,"视力残疾3,4级;听力残疾3,4级;肢体残疾3,4级;智力残疾4级;多重残疾3,4级;",是,见原平台,中国残联就业服务平台（动态接口）,https://www.cdpee.org.cn/,2026年09月17日
浙江省,金华市,SAGE/ASI 外贸业务员,义乌市固普饰品商行,浙江省·金华市·义乌市,大专,,视力残疾1-4级;听力残疾1-4级;言语残疾1-4级;肢体残疾1-4级;智力残疾1-4级;精神残疾1-4级;多重残疾1-4级;,是,见原平台,中国残联就业服务平台（动态接口）,https://www.cdpee.org.cn/,2026年08月28日
湖南省,株洲市,垃圾清运工,湖南仁仁洁国际清洁科技集团股份有限公司荷塘分公司,湖南省·株洲市·荷塘区,学历不限,1,言语残疾1级;智力残疾1级;,是,见原平台,中国残联就业服务平台（动态接口）,https://www.cdpee.org.cn/,2026年09月17日
安徽省,合肥市,Sk舞团/资深运营带队,合肥魅影文化传媒有限公司,安徽省·合肥市·瑶海区,学历不限,,视力残疾1-4级;听力残疾1-4级;言语残疾1-4级;肢体残疾1-4级;智力残疾1-4级;精神残疾1-4级;多重残疾1-4级;,是,见原平台,中国残联就业服务平台（动态接口）,https://www.cdpee.org.cn/,2026年09月15日
江苏省,徐州市,江苏徐州组件工+早八晚六+包吃+五险+坐班,陕西致广人力资源有限公司,江苏省·徐州市·邳州市,学历不限,20,"视力残疾1-4级;听力残疾1-4级;言语残疾1-4级;肢体残疾1-4级;智力残疾3,4级;多重残疾1-4级;",是,见原平台,中国残联就业服务平台（动态接口）,https://www.cdpee.org.cn/,2026年09月17日
广东省,江门市,生产工,江门市霞光照明电器有限公司,广东省·江门市·蓬江区,学历不限,1,听力残疾2-4级;言语残疾2-4级;肢体残疾4级;智力残疾4级;多重残疾4级;,是,见原平台,中国残联就业服务平台（动态接口）,https://www.cdpee.org.cn/,2026年09月17日
上海市,上海市,行政助理（上海闵行区）,北京易才人力资源顾问有限公司,上海市·上海市·闵行区,大专,1,视力残疾1-3级;听力残疾1-3级;言语残疾1-3级;肢体残疾1-3级;智力残疾1-3级;精神残疾1-3级;多重残疾1-3级;,是,见原平台,中国残联就业服务平台（动态接口）,https://www.cdpee.org.cn/,2026年08月17日
江苏省,南京市,HR招聘,北京易才人力资源顾问有限公司,江苏省·南京市·建邺区,大专,1,视力残疾1-3级;听力残疾1-3级;言语残疾1-3级;肢体残疾1-3级;智力残疾1-3级;精神残疾1-3级;多重残疾1-3级;,是,见原平台,中国残联就业服务平台（动态接口）,https://www.cdpee.org.cn/,2026年05月22日
四川省,成都市,成都急招（残疾人福利岗）五险一金，长白8小时，高薪技术岗,广州海仑企业服务有限公司,四川省·成都市·锦江区,学历不限,3,视力残疾1-4级;听力残疾1-4级;言语残疾1-4级;肢体残疾1-4级;智力残疾1-4级;精神残疾1-4级;多重残疾1-4级;,是,见原平台,中国残联就业服务平台（动态接口）,https://www.cdpee.org.cn/,2026年09月17日
天津市,天津市,天津档案处理员，双休，8小时，缴纳五险一金,广州海仑企业服务有限公司,天津市·天津市·河东区,学历不限,2,视力残疾1-4级;听力残疾1-4级;言语残疾1-4级;肢体残疾1-4级;智力残疾1-4级;精神残疾1-4级;多重残疾1-4级;,是,见原平台,中国残联就业服务平台（动态接口）,https://www.cdpee.org.cn/,2026年09月17日
浙江省,杭州市,销售专员,杭州己享租网络科技有限公司,浙江省·杭州市·钱塘区,高中/中专,,视力残疾1-4级;听力残疾1-4级;言语残疾1-4级;肢体残疾1-4级;智力残疾1-4级;精神残疾1-4级;多重残疾1-4级;,是,见原平台,中国残联就业服务平台（动态接口）,https://www.cdpee.org.cn/,2026年08月10日
云南省,昭通市,艾草加工，种植,云南鑫会盟艾绒制品生产有限公司,云南省·昭通市·巧家县,学历不限,100,视力残疾4级;听力残疾4级;言语残疾4级;肢体残疾4级;智力残疾4级;精神残疾4级;,是,见原平台,中国残联就业服务平台（动态接口）,https://www.cdpee.org.cn/,2026年09月17日
江苏省,宿迁市,食品加工处理,宿迁市宿城区陆小青猪肉批发经营部,江苏省·宿迁市·湖滨新区,小学,100,"视力残疾3,4级;听力残疾3,4级;肢体残疾3,4级;智力残疾4级;多重残疾3,4级;",是,见原平台,中国残联就业服务平台（动态接口）,https://www.cdpee.org.cn/,2026年09月17日
浙江省,金华市,SAGE/ASI 外贸业务员,义乌市固普饰品商行,浙江省·金华市·义乌市,大专,,视力残疾1-4级;听力残疾1-4级;言语残疾1-4级;肢体残疾1-4级;智力残疾1-4级;精神残疾1-4级;多重残疾1-4级;,是,见原平台,中国残联就业服务平台（动态接口）,https://www.cdpee.org.cn/,2026年08月28日
湖南省,株洲市,垃圾清运工,湖南仁仁洁国际清洁科技集团股份有限公司荷塘分公司,湖南省·株洲市·荷塘区,学历不限,1,言语残疾1级;智力残疾1级;,是,见原平台,中国残联就业服务平台（动态接口）,https://www.cdpee.org.cn/,2026年09月17日
安徽省,合肥市,Sk舞团/资深运营带队,合肥魅影文化传媒有限公司,安徽省·合肥市·瑶海区,学历不限,,视力残疾1-4级;听力残疾1-4级;言语残疾1-4级;肢体残疾1-4级;智力残疾1-4级;精神残疾1-4级;多重残疾1-4级;,是,见原平台,中国残联就业服务平台（动态接口）,https://www.cdpee.org.cn/,2026年09月15日
江苏省,徐州市,江苏徐州组件工+早八晚六+包吃+五险+坐班,陕西致广人力资源有限公司,江苏省·徐州市·邳州市,学历不限,20,"视力残疾1-4级;听力残疾1-4级;言语残疾1-4级;肢体残疾1-4级;智力残疾3,4级;多重残疾1-4级;",是,见原平台,中国残联就业服务平台（动态接口）,https://www.cdpee.org.cn/,2026年09月17日
广东省,江门市,生产工,江门市霞光照明电器有限公司,广东省·江门市·蓬江区,学历不限,1,听力残疾2-4级;言语残疾2-4级;肢体残疾4级;智力残疾4级;多重残疾4级;,是,见原平台,中国残联就业服务平台（动态接口）,https://www.cdpee.org.cn/,2026年09月17日
上海市,上海市,行政助理（上海闵行区）,北京易才人力资源顾问有限公司,上海市·上海市·闵行区,大专,1,视力残疾1-3级;听力残疾1-3级;言语残疾1-3级;肢体残疾1-3级;智力残疾1-3级;精神残疾1-3级;多重残疾1-3级;,是,见原平台,中国残联就业服务平台（动态接口）,https://www.cdpee.org.cn/,2026年08月17日
江苏省,南京市,HR招聘,北京易才人力资源顾问有限公司,江苏省·南京市·建邺区,大专,1,视力残疾1-3级;听力残疾1-3级;言语残疾1-3级;肢体残疾1-3级;智力残疾1-3级;精神残疾1-3级;多重残疾1-3级;,是,见原平台,中国残联就业服务平台（动态接口）,https://www.cdpee.org.cn/,2026年05月22日
四川省,成都市,成都急招（残疾人福利岗）五险一金，长白8小时，高薪技术岗,广州海仑企业服务有限公司,四川省·成都市·锦江区,学历不限,3,视力残疾1-4级;听力残疾1-4级;言语残疾1-4级;肢体残疾1-4级;智力残疾1-4级;精神残疾1-4级;多重残疾1-4级;,是,见原平台,中国残联就业服务平台（动态接口）,https://www.cdpee.org.cn/,2026年09月17日
天津市,天津市,天津档案处理员，双休，8小时，缴纳五险一金,广州海仑企业服务有限公司,天津市·天津市·河东区,学历不限,2,视力残疾1-4级;听力残疾1-4级;言语残疾1-4级;肢体残疾1-4级;智力残疾1-4级;精神残疾1-4级;多重残疾1-4级;,是,见原平台,中国残联就业服务平台（动态接口）,https://www.cdpee.org.cn/,2026年09月17日
浙江省,杭州市,销售专员,杭州己享租网络科技有限公司,浙江省·杭州市·钱塘区,高中/中专,,视力残疾1-4级;听力残疾1-4级;言语残疾1-4级;肢体残疾1-4级;智力残疾1-4级;精神残疾1-4级;多重残疾1-4级;,是,见原平台,中国残联就业服务平台（动态接口）,https://www.cdpee.org.cn/,2026年08月10日
云南省,昭通市,艾草加工，种植,云南鑫会盟艾绒制品生产有限公司,云南省·昭通市·巧家县,学历不限,100,视力残疾4级;听力残疾4级;言语残疾4级;肢体残疾4级;智力残疾4级;精神残疾4级;,是,见原平台,中国残联就业服务平台（动态接口）,https://www.cdpee.org.cn/,2026年09月17日
江苏省,宿迁市,食品加工处理,宿迁市宿城区陆小青猪肉批发经营部,江苏省·宿迁市·湖滨新区,小学,100,"视力残疾3,4级;听力残疾3,4级;肢体残疾3,4级;智力残疾4级;多重残疾3,4级;",是,见原平台,中国残联就业服务平台（动态接口）,https://www.cdpee.org.cn/,2026年09月17日
浙江省,金华市,SAGE/ASI 外贸业务员,义乌市固普饰品商行,浙江省·金华市·义乌市,大专,,视力残疾1-4级;听力残疾1-4级;言语残疾1-4级;肢体残疾1-4级;智力残疾1-4级;精神残疾1-4级;多重残疾1-4级;,是,见原平台,中国残联就业服务平台（动态接口）,https://www.cdpee.org.cn/,2026年08月28日
湖南省,株洲市,垃圾清运工,湖南仁仁洁国际清洁科技集团股份有限公司荷塘分公司,湖南省·株洲市·荷塘区,学历不限,1,言语残疾1级;智力残疾1级;,是,见原平台,中国残联就业服务平台（动态接口）,https://www.cdpee.org.cn/,2026年09月17日
安徽省,合肥市,Sk舞团/资深运营带队,合肥魅影文化传媒有限公司,安徽省·合肥市·瑶海区,学历不限,,视力残疾1-4级;听力残疾1-4级;言语残疾1-4级;肢体残疾1-4级;智力残疾1-4级;精神残疾1-4级;多重残疾1-4级;,是,见原平台,中国残联就业服务平台（动态接口）,https://www.cdpee.org.cn/,2026年09月15日
江苏省,徐州市,江苏徐州组件工+早八晚六+包吃+五险+坐班,陕西致广人力资源有限公司,江苏省·徐州市·邳州市,学历不限,20,"视力残疾1-4级;听力残疾1-4级;言语残疾1-4级;肢体残疾1-4级;智力残疾3,4级;多重残疾1-4级;",是,见原平台,中国残联就业服务平台（动态接口）,https://www.cdpee.org.cn/,2026年09月17日
广东省,江门市,生产工,江门市霞光照明电器有限公司,广东省·江门市·蓬江区,学历不限,1,听力残疾2-4级;言语残疾2-4级;肢体残疾4级;智力残疾4级;多重残疾4级;,是,见原平台,中国残联就业服务平台（动态接口）,https://www.cdpee.org.cn/,2026年09月17日
上海市,上海市,行政助理（上海闵行区）,北京易才人力资源顾问有限公司,上海市·上海市·闵行区,大专,1,视力残疾1-3级;听力残疾1-3级;言语残疾1-3级;肢体残疾1-3级;智力残疾1-3级;精神残疾1-3级;多重残疾1-3级;,是,见原平台,中国残联就业服务平台（动态接口）,https://www.cdpee.org.cn/,2026年08月17日
江苏省,南京市,HR招聘,北京易才人力资源顾问有限公司,江苏省·南京市·建邺区,大专,1,视力残疾1-3级;听力残疾1-3级;言语残疾1-3级;肢体残疾1-3级;智力残疾1-3级;精神残疾1-3级;多重残疾1-3级;,是,见原平台,中国残联就业服务平台（动态接口）,https://www.cdpee.org.cn/,2026年05月22日
四川省,成都市,成都急招（残疾人福利岗）五险一金，长白8小时，高薪技术岗,广州海仑企业服务有限公司,四川省·成都市·锦江区,学历不限,3,视力残疾1-4级;听力残疾1-4级;言语残疾1-4级;肢体残疾1-4级;智力残疾1-4级;精神残疾1-4级;多重残疾1-4级;,是,见原平台,中国残联就业服务平台（动态接口）,https://www.cdpee.org.cn/,2026年09月17日
天津市,天津市,天津档案处理员，双休，8小时，缴纳五险一金,广州海仑企业服务有限公司,天津市·天津市·河东区,学历不限,2,视力残疾1-4级;听力残疾1-4级;言语残疾1-4级;肢体残疾1-4级;智力残疾1-4级;精神残疾1-4级;多重残疾1-4级;,是,见原平台,中国残联就业服务平台（动态接口）,https://www.cdpee.org.cn/,2026年09月17日
浙江省,杭州市,销售专员,杭州己享租网络科技有限公司,浙江省·杭州市·钱塘区,高中/中专,,视力残疾1-4级;听力残疾1-4级;言语残疾1-4级;肢体残疾1-4级;智力残疾1-4级;精神残疾1-4级;多重残疾1-4级;,是,见原平台,中国残联就业服务平台（动态接口）,https://www.cdpee.org.cn/,2026年08月10日
云南省,昭通市,艾草加工，种植,云南鑫会盟艾绒制品生产有限公司,云南省·昭通市·巧家县,学历不限,100,视力残疾4级;听力残疾4级;言语残疾4级;肢体残疾4级;智力残疾4级;精神残疾4级;,是,见原平台,中国残联就业服务平台（动态接口）,https://www.cdpee.org.cn/,2026年09月17日
江苏省,宿迁市,食品加工处理,宿迁市宿城区陆小青猪肉批发经营部,江苏省·宿迁市·湖滨新区,小学,100,"视力残疾3,4级;听力残疾3,4级;肢体残疾3,4级;智力残疾4级;多重残疾3,4级;",是,见原平台,中国残联就业服务平台（动态接口）,https://www.cdpee.org.cn/,2026年09月17日
浙江省,金华市,SAGE/ASI 外贸业务员,义乌市固普饰品商行,浙江省·金华市·义乌市,大专,,视力残疾1-4级;听力残疾1-4级;言语残疾1-4级;肢体残疾1-4级;智力残疾1-4级;精神残疾1-4级;多重残疾1-4级;,是,见原平台,中国残联就业服务平台（动态接口）,https://www.cdpee.org.cn/,2026年08月28日
湖南省,株洲市,垃圾清运工,湖南仁仁洁国际清洁科技集团股份有限公司荷塘分公司,湖南省·株洲市·荷塘区,学历不限,1,言语残疾1级;智力残疾1级;,是,见原平台,中国残联就业服务平台（动态接口）,https://www.cdpee.org.cn/,2026年09月17日
安徽省,合肥市,Sk舞团/资深运营带队,合肥魅影文化传媒有限公司,安徽省·合肥市·瑶海区,学历不限,,视力残疾1-4级;听力残疾1-4级;言语残疾1-4级;肢体残疾1-4级;智力残疾1-4级;精神残疾1-4级;多重残疾1-4级;,是,见原平台,中国残联就业服务平台（动态接口）,https://www.cdpee.org.cn/,2026年09月15日
江苏省,徐州市,江苏徐州组件工+早八晚六+包吃+五险+坐班,陕西致广人力资源有限公司,江苏省·徐州市·邳州市,学历不限,20,"视力残疾1-4级;听力残疾1-4级;言语残疾1-4级;肢体残疾1-4级;智力残疾3,4级;多重残疾1-4级;",是,见原平台,中国残联就业服务平台（动态接口）,https://www.cdpee.org.cn/,2026年09月17日
广东省,江门市,生产工,江门市霞光照明电器有限公司,广东省·江门市·蓬江区,学历不限,1,听力残疾2-4级;言语残疾2-4级;肢体残疾4级;智力残疾4级;多重残疾4级;,是,见原平台,中国残联就业服务平台（动态接口）,https://www.cdpee.org.cn/,2026年09月17日
上海市,上海市,行政助理（上海闵行区）,北京易才人力资源顾问有限公司,上海市·上海市·闵行区,大专,1,视力残疾1-3级;听力残疾1-3级;言语残疾1-3级;肢体残疾1-3级;智力残疾1-3级;精神残疾1-3级;多重残疾1-3级;,是,见原平台,中国残联就业服务平台（动态接口）,https://www.cdpee.org.cn/,2026年08月17日
江苏省,南京市,HR招聘,北京易才人力资源顾问有限公司,江苏省·南京市·建邺区,大专,1,视力残疾1-3级;听力残疾1-3级;言语残疾1-3级;肢体残疾1-3级;智力残疾1-3级;精神残疾1-3级;多重残疾1-3级;,是,见原平台,中国残联就业服务平台（动态接口）,https://www.cdpee.org.cn/,2026年05月22日
四川省,成都市,成都急招（残疾人福利岗）五险一金，长白8小时，高薪技术岗,广州海仑企业服务有限公司,四川省·成都市·锦江区,学历不限,3,视力残疾1-4级;听力残疾1-4级;言语残疾1-4级;肢体残疾1-4级;智力残疾1-4级;精神残疾1-4级;多重残疾1-4级;,是,见原平台,中国残联就业服务平台（动态接口）,https://www.cdpee.org.cn/,2026年09月17日
天津市,天津市,天津档案处理员，双休，8小时，缴纳五险一金,广州海仑企业服务有限公司,天津市·天津市·河东区,学历不限,2,视力残疾1-4级;听力残疾1-4级;言语残疾1-4级;肢体残疾1-4级;智力残疾1-4级;精神残疾1-4级;多重残疾1-4级;,是,见原平台,中国残联就业服务平台（动态接口）,https://www.cdpee.org.cn/,2026年09月17日
浙江省,杭州市,销售专员,杭州己享租网络科技有限公司,浙江省·杭州市·钱塘区,高中/中专,,视力残疾1-4级;听力残疾1-4级;言语残疾1-4级;肢体残疾1-4级;智力残疾1-4级;精神残疾1-4级;多重残疾1-4级;,是,见原平台,中国残联就业服务平台（动态接口）,https://www.cdpee.org.cn/,2026年08月10日
云南省,昭通市,艾草加工，种植,云南鑫会盟艾绒制品生产有限公司,云南省·昭通市·巧家县,学历不限,100,视力残疾4级;听力残疾4级;言语残疾4级;肢体残疾4级;智力残疾4级;精神残疾4级;,是,见原平台,中国残联就业服务平台（动态接口）,https://www.cdpee.org.cn/,2026年09月17日
江苏省,宿迁市,食品加工处理,宿迁市宿城区陆小青猪肉批发经营部,江苏省·宿迁市·湖滨新区,小学,100,"视力残疾3,4级;听力残疾3,4级;肢体残疾3,4级;智力残疾4级;多重残疾3,4级;",是,见原平台,中国残联就业服务平台（动态接口）,https://www.cdpee.org.cn/,2026年09月17日
浙江省,金华市,SAGE/ASI 外贸业务员,义乌市固普饰品商行,浙江省·金华市·义乌市,大专,,视力残疾1-4级;听力残疾1-4级;言语残疾1-4级;肢体残疾1-4级;智力残疾1-4级;精神残疾1-4级;多重残疾1-4级;,是,见原平台,中国残联就业服务平台（动态接口）,https://www.cdpee.org.cn/,2026年08月28日
湖南省,株洲市,垃圾清运工,湖南仁仁洁国际清洁科技集团股份有限公司荷塘分公司,湖南省·株洲市·荷塘区,学历不限,1,言语残疾1级;智力残疾1级;,是,见原平台,中国残联就业服务平台（动态接口）,https://www.cdpee.org.cn/,2026年09月17日
安徽省,合肥市,Sk舞团/资深运营带队,合肥魅影文化传媒有限公司,安徽省·合肥市·瑶海区,学历不限,,视力残疾1-4级;听力残疾1-4级;言语残疾1-4级;肢体残疾1-4级;智力残疾1-4级;精神残疾1-4级;多重残疾1-4级;,是,见原平台,中国残联就业服务平台（动态接口）,https://www.cdpee.org.cn/,2026年09月15日
江苏省,徐州市,江苏徐州组件工+早八晚六+包吃+五险+坐班,陕西致广人力资源有限公司,江苏省·徐州市·邳州市,学历不限,20,"视力残疾1-4级;听力残疾1-4级;言语残疾1-4级;肢体残疾1-4级;智力残疾3,4级;多重残疾1-4级;",是,见原平台,中国残联就业服务平台（动态接口）,https://www.cdpee.org.cn/,2026年09月17日
广东省,江门市,生产工,江门市霞光照明电器有限公司,广东省·江门市·蓬江区,学历不限,1,听力残疾2-4级;言语残疾2-4级;肢体残疾4级;智力残疾4级;多重残疾4级;,是,见原平台,中国残联就业服务平台（动态接口）,https://www.cdpee.org.cn/,2026年09月17日
上海市,上海市,行政助理（上海闵行区）,北京易才人力资源顾问有限公司,上海市·上海市·闵行区,大专,1,视力残疾1-3级;听力残疾1-3级;言语残疾1-3级;肢体残疾1-3级;智力残疾1-3级;精神残疾1-3级;多重残疾1-3级;,是,见原平台,中国残联就业服务平台（动态接口）,https://www.cdpee.org.cn/,2026年08月17日
江苏省,南京市,HR招聘,北京易才人力资源顾问有限公司,江苏省·南京市·建邺区,大专,1,视力残疾1-3级;听力残疾1-3级;言语残疾1-3级;肢体残疾1-3级;智力残疾1-3级;精神残疾1-3级;多重残疾1-3级;,是,见原平台,中国残联就业服务平台（动态接口）,https://www.cdpee.org.cn/,2026年05月22日
四川省,成都市,成都急招（残疾人福利岗）五险一金，长白8小时，高薪技术岗,广州海仑企业服务有限公司,四川省·成都市·锦江区,学历不限,3,视力残疾1-4级;听力残疾1-4级;言语残疾1-4级;肢体残疾1-4级;智力残疾1-4级;精神残疾1-4级;多重残疾1-4级;,是,见原平台,中国残联就业服务平台（动态接口）,https://www.cdpee.org.cn/,2026年09月17日
天津市,天津市,天津档案处理员，双休，8小时，缴纳五险一金,广州海仑企业服务有限公司,天津市·天津市·河东区,学历不限,2,视力残疾1-4级;听力残疾1-4级;言语残疾1-4级;肢体残疾1-4级;智力残疾1-4级;精神残疾1-4级;多重残疾1-4级;,是,见原平台,中国残联就业服务平台（动态接口）,https://www.cdpee.org.cn/,2026年09月17日
浙江省,杭州市,销售专员,杭州己享租网络科技有限公司,浙江省·杭州市·钱塘区,高中/中专,,视力残疾1-4级;听力残疾1-4级;言语残疾1-4级;肢体残疾1-4级;智力残疾1-4级;精神残疾1-4级;多重残疾1-4级;,是,见原平台,中国残联就业服务平台（动态接口）,https://www.cdpee.org.cn/,2026年08月10日
云南省,昭通市,艾草加工，种植,云南鑫会盟艾绒制品生产有限公司,云南省·昭通市·巧家县,学历不限,100,视力残疾4级;听力残疾4级;言语残疾4级;肢体残疾4级;智力残疾4级;精神残疾4级;,是,见原平台,中国残联就业服务平台（动态接口）,https://www.cdpee.org.cn/,2026年09月17日
江苏省,宿迁市,食品加工处理,宿迁市宿城区陆小青猪肉批发经营部,江苏省·宿迁市·湖滨新区,小学,100,"视力残疾3,4级;听力残疾3,4级;肢体残疾3,4级;智力残疾4级;多重残疾3,4级;",是,见原平台,中国残联就业服务平台（动态接口）,https://www.cdpee.org.cn/,2026年09月17日
浙江省,金华市,SAGE/ASI 外贸业务员,义乌市固普饰品商行,浙江省·金华市·义乌市,大专,,视力残疾1-4级;听力残疾1-4级;言语残疾1-4级;肢体残疾1-4级;智力残疾1-4级;精神残疾1-4级;多重残疾1-4级;,是,见原平台,中国残联就业服务平台（动态接口）,https://www.cdpee.org.cn/,2026年08月28日
湖南省,株洲市,垃圾清运工,湖南仁仁洁国际清洁科技集团股份有限公司荷塘分公司,湖南省·株洲市·荷塘区,学历不限,1,言语残疾1级;智力残疾1级;,是,见原平台,中国残联就业服务平台（动态接口）,https://www.cdpee.org.cn/,2026年09月17日
安徽省,合肥市,Sk舞团/资深运营带队,合肥魅影文化传媒有限公司,安徽省·合肥市·瑶海区,学历不限,,视力残疾1-4级;听力残疾1-4级;言语残疾1-4级;肢体残疾1-4级;智力残疾1-4级;精神残疾1-4级;多重残疾1-4级;,是,见原平台,中国残联就业服务平台（动态接口）,https://www.cdpee.org.cn/,2026年09月15日
江苏省,徐州市,江苏徐州组件工+早八晚六+包吃+五险+坐班,陕西致广人力资源有限公司,江苏省·徐州市·邳州市,学历不限,20,"视力残疾1-4级;听力残疾1-4级;言语残疾1-4级;肢体残疾1-4级;智力残疾3,4级;多重残疾1-4级;",是,见原平台,中国残联就业服务平台（动态接口）,https://www.cdpee.org.cn/,2026年09月17日
广东省,江门市,生产工,江门市霞光照明电器有限公司,广东省·江门市·蓬江区,学历不限,1,听力残疾2-4级;言语残疾2-4级;肢体残疾4级;智力残疾4级;多重残疾4级;,是,见原平台,中国残联就业服务平台（动态接口）,https://www.cdpee.org.cn/,2026年09月17日
上海市,上海市,行政助理（上海闵行区）,北京易才人力资源顾问有限公司,上海市·上海市·闵行区,大专,1,视力残疾1-3级;听力残疾1-3级;言语残疾1-3级;肢体残疾1-3级;智力残疾1-3级;精神残疾1-3级;多重残疾1-3级;,是,见原平台,中国残联就业服务平台（动态接口）,https://www.cdpee.org.cn/,2026年08月17日
江苏省,南京市,HR招聘,北京易才人力资源顾问有限公司,江苏省·南京市·建邺区,大专,1,视力残疾1-3级;听力残疾1-3级;言语残疾1-3级;肢体残疾1-3级;智力残疾1-3级;精神残疾1-3级;多重残疾1-3级;,是,见原平台,中国残联就业服务平台（动态接口）,https://www.cdpee.org.cn/,2026年05月22日
四川省,成都市,成都急招（残疾人福利岗）五险一金，长白8小时，高薪技术岗,广州海仑企业服务有限公司,四川省·成都市·锦江区,学历不限,3,视力残疾1-4级;听力残疾1-4级;言语残疾1-4级;肢体残疾1-4级;智力残疾1-4级;精神残疾1-4级;多重残疾1-4级;,是,见原平台,中国残联就业服务平台（动态接口）,https://www.cdpee.org.cn/,2026年09月17日
天津市,天津市,天津档案处理员，双休，8小时，缴纳五险一金,广州海仑企业服务有限公司,天津市·天津市·河东区,学历不限,2,视力残疾1-4级;听力残疾1-4级;言语残疾1-4级;肢体残疾1-4级;智力残疾1-4级;精神残疾1-4级;多重残疾1-4级;,是,见原平台,中国残联就业服务平台（动态接口）,https://www.cdpee.org.cn/,2026年09月17日
浙江省,杭州市,销售专员,杭州己享租网络科技有限公司,浙江省·杭州市·钱塘区,高中/中专,,视力残疾1-4级;听力残疾1-4级;言语残疾1-4级;肢体残疾1-4级;智力残疾1-4级;精神残疾1-4级;多重残疾1-4级;,是,见原平台,中国残联就业服务平台（动态接口）,https://www.cdpee.org.cn/,2026年08月10日
云南省,昭通市,艾草加工，种植,云南鑫会盟艾绒制品生产有限公司,云南省·昭通市·巧家县,学历不限,100,视力残疾4级;听力残疾4级;言语残疾4级;肢体残疾4级;智力残疾4级;精神残疾4级;,是,见原平台,中国残联就业服务平台（动态接口）,https://www.cdpee.org.cn/,2026年09月17日
江苏省,宿迁市,食品加工处理,宿迁市宿城区陆小青猪肉批发经营部,江苏省·宿迁市·湖滨新区,小学,100,"视力残疾3,4级;听力残疾3,4级;肢体残疾3,4级;智力残疾4级;多重残疾3,4级;",是,见原平台,中国残联就业服务平台（动态接口）,https://www.cdpee.org.cn/,2026年09月17日
浙江省,金华市,SAGE/ASI 外贸业务员,义乌市固普饰品商行,浙江省·金华市·义乌市,大专,,视力残疾1-4级;听力残疾1-4级;言语残疾1-4级;肢体残疾1-4级;智力残疾1-4级;精神残疾1-4级;多重残疾1-4级;,是,见原平台,中国残联就业服务平台（动态接口）,https://www.cdpee.org.cn/,2026年08月28日
湖南省,株洲市,垃圾清运工,湖南仁仁洁国际清洁科技集团股份有限公司荷塘分公司,湖南省·株洲市·荷塘区,学历不限,1,言语残疾1级;智力残疾1级;,是,见原平台,中国残联就业服务平台（动态接口）,https://www.cdpee.org.cn/,2026年09月17日
安徽省,合肥市,Sk舞团/资深运营带队,合肥魅影文化传媒有限公司,安徽省·合肥市·瑶海区,学历不限,,视力残疾1-4级;听力残疾1-4级;言语残疾1-4级;肢体残疾1-4级;智力残疾1-4级;精神残疾1-4级;多重残疾1-4级;,是,见原平台,中国残联就业服务平台（动态接口）,https://www.cdpee.org.cn/,2026年09月15日
江苏省,徐州市,江苏徐州组件工+早八晚六+包吃+五险+坐班,陕西致广人力资源有限公司,江苏省·徐州市·邳州市,学历不限,20,"视力残疾1-4级;听力残疾1-4级;言语残疾1-4级;肢体残疾1-4级;智力残疾3,4级;多重残疾1-4级;",是,见原平台,中国残联就业服务平台（动态接口）,https://www.cdpee.org.cn/,2026年09月17日
广东省,江门市,生产工,江门市霞光照明电器有限公司,广东省·江门市·蓬江区,学历不限,1,听力残疾2-4级;言语残疾2-4级;肢体残疾4级;智力残疾4级;多重残疾4级;,是,见原平台,中国残联就业服务平台（动态接口）,https://www.cdpee.org.cn/,2026年09月17日
上海市,上海市,行政助理（上海闵行区）,北京易才人力资源顾问有限公司,上海市·上海市·闵行区,大专,1,视力残疾1-3级;听力残疾1-3级;言语残疾1-3级;肢体残疾1-3级;智力残疾1-3级;精神残疾1-3级;多重残疾1-3级;,是,见原平台,中国残联就业服务平台（动态接口）,https://www.cdpee.org.cn/,2026年08月17日
江苏省,南京市,HR招聘,北京易才人力资源顾问有限公司,江苏省·南京市·建邺区,大专,1,视力残疾1-3级;听力残疾1-3级;言语残疾1-3级;肢体残疾1-3级;智力残疾1-3级;精神残疾1-3级;多重残疾1-3级;,是,见原平台,中国残联就业服务平台（动态接口）,https://www.cdpee.org.cn/,2026年05月22日
四川省,成都市,成都急招（残疾人福利岗）五险一金，长白8小时，高薪技术岗,广州海仑企业服务有限公司,四川省·成都市·锦江区,学历不限,3,视力残疾1-4级;听力残疾1-4级;言语残疾1-4级;肢体残疾1-4级;智力残疾1-4级;精神残疾1-4级;多重残疾1-4级;,是,见原平台,中国残联就业服务平台（动态接口）,https://www.cdpee.org.cn/,2026年09月17日
天津市,天津市,天津档案处理员，双休，8小时，缴纳五险一金,广州海仑企业服务有限公司,天津市·天津市·河东区,学历不限,2,视力残疾1-4级;听力残疾1-4级;言语残疾1-4级;肢体残疾1-4级;智力残疾1-4级;精神残疾1-4级;多重残疾1-4级;,是,见原平台,中国残联就业服务平台（动态接口）,https://www.cdpee.org.cn/,2026年09月17日
浙江省,杭州市,销售专员,杭州己享租网络科技有限公司,浙江省·杭州市·钱塘区,高中/中专,,视力残疾1-4级;听力残疾1-4级;言语残疾1-4级;肢体残疾1-4级;智力残疾1-4级;精神残疾1-4级;多重残疾1-4级;,是,见原平台,中国残联就业服务平台（动态接口）,https://www.cdpee.org.cn/,2026年08月10日
云南省,昭通市,艾草加工，种植,云南鑫会盟艾绒制品生产有限公司,云南省·昭通市·巧家县,学历不限,100,视力残疾4级;听力残疾4级;言语残疾4级;肢体残疾4级;智力残疾4级;精神残疾4级;,是,见原平台,中国残联就业服务平台（动态接口）,https://www.cdpee.org.cn/,2026年09月17日
江苏省,宿迁市,食品加工处理,宿迁市宿城区陆小青猪肉批发经营部,江苏省·宿迁市·湖滨新区,小学,100,"视力残疾3,4级;听力残疾3,4级;肢体残疾3,4级;智力残疾4级;多重残疾3,4级;",是,见原平台,中国残联就业服务平台（动态接口）,https://www.cdpee.org.cn/,2026年09月17日
浙江省,金华市,SAGE/ASI 外贸业务员,义乌市固普饰品商行,浙江省·金华市·义乌市,大专,,视力残疾1-4级;听力残疾1-4级;言语残疾1-4级;肢体残疾1-4级;智力残疾1-4级;精神残疾1-4级;多重残疾1-4级;,是,见原平台,中国残联就业服务平台（动态接口）,https://www.cdpee.org.cn/,2026年08月28日
湖南省,株洲市,垃圾清运工,湖南仁仁洁国际清洁科技集团股份有限公司荷塘分公司,湖南省·株洲市·荷塘区,学历不限,1,言语残疾1级;智力残疾1级;,是,见原平台,中国残联就业服务平台（动态接口）,https://www.cdpee.org.cn/,2026年09月17日
安徽省,合肥市,Sk舞团/资深运营带队,合肥魅影文化传媒有限公司,安徽省·合肥市·瑶海区,学历不限,,视力残疾1-4级;听力残疾1-4级;言语残疾1-4级;肢体残疾1-4级;智力残疾1-4级;精神残疾1-4级;多重残疾1-4级;,是,见原平台,中国残联就业服务平台（动态接口）,https://www.cdpee.org.cn/,2026年09月15日
江苏省,徐州市,江苏徐州组件工+早八晚六+包吃+五险+坐班,陕西致广人力资源有限公司,江苏省·徐州市·邳州市,学历不限,20,"视力残疾1-4级;听力残疾1-4级;言语残疾1-4级;肢体残疾1-4级;智力残疾3,4级;多重残疾1-4级;",是,见原平台,中国残联就业服务平台（动态接口）,https://www.cdpee.org.cn/,2026年09月17日
广东省,江门市,生产工,江门市霞光照明电器有限公司,广东省·江门市·蓬江区,学历不限,1,听力残疾2-4级;言语残疾2-4级;肢体残疾4级;智力残疾4级;多重残疾4级;,是,见原平台,中国残联就业服务平台（动态接口）,https://www.cdpee.org.cn/,2026年09月17日
上海市,上海市,行政助理（上海闵行区）,北京易才人力资源顾问有限公司,上海市·上海市·闵行区,大专,1,视力残疾1-3级;听力残疾1-3级;言语残疾1-3级;肢体残疾1-3级;智力残疾1-3级;精神残疾1-3级;多重残疾1-3级;,是,见原平台,中国残联就业服务平台（动态接口）,https://www.cdpee.org.cn/,2026年08月17日
江苏省,南京市,HR招聘,北京易才人力资源顾问有限公司,江苏省·南京市·建邺区,大专,1,视力残疾1-3级;听力残疾1-3级;言语残疾1-3级;肢体残疾1-3级;智力残疾1-3级;精神残疾1-3级;多重残疾1-3级;,是,见原平台,中国残联就业服务平台（动态接口）,https://www.cdpee.org.cn/,2026年05月22日
四川省,成都市,成都急招（残疾人福利岗）五险一金，长白8小时，高薪技术岗,广州海仑企业服务有限公司,四川省·成都市·锦江区,学历不限,3,视力残疾1-4级;听力残疾1-4级;言语残疾1-4级;肢体残疾1-4级;智力残疾1-4级;精神残疾1-4级;多重残疾1-4级;,是,见原平台,中国残联就业服务平台（动态接口）,https://www.cdpee.org.cn/,2026年09月17日
天津市,天津市,天津档案处理员，双休，8小时，缴纳五险一金,广州海仑企业服务有限公司,天津市·天津市·河东区,学历不限,2,视力残疾1-4级;听力残疾1-4级;言语残疾1-4级;肢体残疾1-4级;智力残疾1-4级;精神残疾1-4级;多重残疾1-4级;,是,见原平台,中国残联就业服务平台（动态接口）,https://www.cdpee.org.cn/,2026年09月17日
浙江省,杭州市,销售专员,杭州己享租网络科技有限公司,浙江省·杭州市·钱塘区,高中/中专,,视力残疾1-4级;听力残疾1-4级;言语残疾1-4级;肢体残疾1-4级;智力残疾1-4级;精神残疾1-4级;多重残疾1-4级;,是,见原平台,中国残联就业服务平台（动态接口）,https://www.cdpee.org.cn/,2026年08月10日
云南省,昭通市,艾草加工，种植,云南鑫会盟艾绒制品生产有限公司,云南省·昭通市·巧家县,学历不限,100,视力残疾4级;听力残疾4级;言语残疾4级;肢体残疾4级;智力残疾4级;精神残疾4级;,是,见原平台,中国残联就业服务平台（动态接口）,https://www.cdpee.org.cn/,2026年09月17日
江苏省,宿迁市,食品加工处理,宿迁市宿城区陆小青猪肉批发经营部,江苏省·宿迁市·湖滨新区,小学,100,"视力残疾3,4级;听力残疾3,4级;肢体残疾3,4级;智力残疾4级;多重残疾3,4级;",是,见原平台,中国残联就业服务平台（动态接口）,https://www.cdpee.org.cn/,2026年09月17日
湖南省,株洲市,垃圾清运工,湖南仁仁洁国际清洁科技集团股份有限公司荷塘分公司,湖南省·株洲市·荷塘区,学历不限,1,言语残疾1级;智力残疾1级;,是,见原平台,中国残联就业服务平台（动态接口）,https://www.cdpee.org.cn/,2026年09月17日
江苏省,徐州市,江苏徐州组件工+早八晚六+包吃+五险+坐班,陕西致广人力资源有限公司,江苏省·徐州市·邳州市,学历不限,20,"视力残疾1-4级;听力残疾1-4级;言语残疾1-4级;肢体残疾1-4级;智力残疾3,4级;多重残疾1-4级;",是,见原平台,中国残联就业服务平台（动态接口）,https://www.cdpee.org.cn/,2026年09月17日
广东省,江门市,生产工,江门市霞光照明电器有限公司,广东省·江门市·蓬江区,学历不限,1,听力残疾2-4级;言语残疾2-4级;肢体残疾4级;智力残疾4级;多重残疾4级;,是,见原平台,中国残联就业服务平台（动态接口）,https://www.cdpee.org.cn/,2026年09月17日
上海市,上海市,行政助理（上海闵行区）,北京易才人力资源顾问有限公司,上海市·上海市·闵行区,大专,1,视力残疾1-3级;听力残疾1-3级;言语残疾1-3级;肢体残疾1-3级;智力残疾1-3级;精神残疾1-3级;多重残疾1-3级;,是,见原平台,中国残联就业服务平台（动态接口）,https://www.cdpee.org.cn/,2026年08月17日
江苏省,南京市,HR招聘,北京易才人力资源顾问有限公司,江苏省·南京市·建邺区,大专,1,视力残疾1-3级;听力残疾1-3级;言语残疾1-3级;肢体残疾1-3级;智力残疾1-3级;精神残疾1-3级;多重残疾1-3级;,是,见原平台,中国残联就业服务平台（动态接口）,https://www.cdpee.org.cn/,2026年05月22日
四川省,成都市,成都急招（残疾人福利岗）五险一金，长白8小时，高薪技术岗,广州海仑企业服务有限公司,四川省·成都市·锦江区,学历不限,3,视力残疾1-4级;听力残疾1-4级;言语残疾1-4级;肢体残疾1-4级;智力残疾1-4级;精神残疾1-4级;多重残疾1-4级;,是,见原平台,中国残联就业服务平台（动态接口）,https://www.cdpee.org.cn/,2026年09月17日
山东省,济宁市,洗车店员工,鱼台思辰汽车美容店（个体工商户）,山东省·济宁市·鱼台县,学历不限,,视力残疾1-4级;听力残疾1-4级;言语残疾1-4级;肢体残疾1-4级;智力残疾1-4级;精神残疾1-4级;多重残疾1-4级;,是,见原平台,中国残联就业服务平台（动态接口）,https://www.cdpee.org.cn/,2026年03月01日
天津市,天津市,天津档案处理员，双休，8小时，缴纳五险一金,广州海仑企业服务有限公司,天津市·天津市·河东区,学历不限,2,视力残疾1-4级;听力残疾1-4级;言语残疾1-4级;肢体残疾1-4级;智力残疾1-4级;精神残疾1-4级;多重残疾1-4级;,是,见原平台,中国残联就业服务平台（动态接口）,https://www.cdpee.org.cn/,2026年09月17日
安徽省,合肥市,Sk舞团/资深运营带队,合肥魅影文化传媒有限公司,安徽省·合肥市·瑶海区,学历不限,,视力残疾1-4级;听力残疾1-4级;言语残疾1-4级;肢体残疾1-4级;智力残疾1-4级;精神残疾1-4级;多重残疾1-4级;,是,见原平台,中国残联就业服务平台（动态接口）,https://www.cdpee.org.cn/,2026年09月15日
云南省,昭通市,艾草加工，种植,云南鑫会盟艾绒制品生产有限公司,云南省·昭通市·巧家县,学历不限,100,视力残疾4级;听力残疾4级;言语残疾4级;肢体残疾4级;智力残疾4级;精神残疾4级;,是,见原平台,中国残联就业服务平台（动态接口）,https://www.cdpee.org.cn/,2026年09月17日
江苏省,宿迁市,食品加工处理,宿迁市宿城区陆小青猪肉批发经营部,江苏省·宿迁市·湖滨新区,小学,100,"视力残疾3,4级;听力残疾3,4级;肢体残疾3,4级;智力残疾4级;多重残疾3,4级;",是,见原平台,中国残联就业服务平台（动态接口）,https://www.cdpee.org.cn/,2026年09月17日
湖南省,株洲市,垃圾清运工,湖南仁仁洁国际清洁科技集团股份有限公司荷塘分公司,湖南省·株洲市·荷塘区,学历不限,1,言语残疾1级;智力残疾1级;,是,见原平台,中国残联就业服务平台（动态接口）,https://www.cdpee.org.cn/,2026年09月17日
江苏省,徐州市,江苏徐州组件工+早八晚六+包吃+五险+坐班,陕西致广人力资源有限公司,江苏省·徐州市·邳州市,学历不限,20,"视力残疾1-4级;听力残疾1-4级;言语残疾1-4级;肢体残疾1-4级;智力残疾3,4级;多重残疾1-4级;",是,见原平台,中国残联就业服务平台（动态接口）,https://www.cdpee.org.cn/,2026年09月17日
广东省,江门市,生产工,江门市霞光照明电器有限公司,广东省·江门市·蓬江区,学历不限,1,听力残疾2-4级;言语残疾2-4级;肢体残疾4级;智力残疾4级;多重残疾4级;,是,见原平台,中国残联就业服务平台（动态接口）,https://www.cdpee.org.cn/,2026年09月17日
上海市,上海市,行政助理（上海闵行区）,北京易才人力资源顾问有限公司,上海市·上海市·闵行区,大专,1,视力残疾1-3级;听力残疾1-3级;言语残疾1-3级;肢体残疾1-3级;智力残疾1-3级;精神残疾1-3级;多重残疾1-3级;,是,见原平台,中国残联就业服务平台（动态接口）,https://www.cdpee.org.cn/,2026年08月17日
江苏省,南京市,HR招聘,北京易才人力资源顾问有限公司,江苏省·南京市·建邺区,大专,1,视力残疾1-3级;听力残疾1-3级;言语残疾1-3级;肢体残疾1-3级;智力残疾1-3级;精神残疾1-3级;多重残疾1-3级;,是,见原平台,中国残联就业服务平台（动态接口）,https://www.cdpee.org.cn/,2026年05月22日
四川省,成都市,成都急招（残疾人福利岗）五险一金，长白8小时，高薪技术岗,广州海仑企业服务有限公司,四川省·成都市·锦江区,学历不限,3,视力残疾1-4级;听力残疾1-4级;言语残疾1-4级;肢体残疾1-4级;智力残疾1-4级;精神残疾1-4级;多重残疾1-4级;,是,见原平台,中国残联就业服务平台（动态接口）,https://www.cdpee.org.cn/,2026年09月17日
山东省,济宁市,洗车店员工,鱼台思辰汽车美容店（个体工商户）,山东省·济宁市·鱼台县,学历不限,,视力残疾1-4级;听力残疾1-4级;言语残疾1-4级;肢体残疾1-4级;智力残疾1-4级;精神残疾1-4级;多重残疾1-4级;,是,见原平台,中国残联就业服务平台（动态接口）,https://www.cdpee.org.cn/,2026年03月01日
天津市,天津市,天津档案处理员，双休，8小时，缴纳五险一金,广州海仑企业服务有限公司,天津市·天津市·河东区,学历不限,2,视力残疾1-4级;听力残疾1-4级;言语残疾1-4级;肢体残疾1-4级;智力残疾1-4级;精神残疾1-4级;多重残疾1-4级;,是,见原平台,中国残联就业服务平台（动态接口）,https://www.cdpee.org.cn/,2026年09月17日
安徽省,合肥市,Sk舞团/资深运营带队,合肥魅影文化传媒有限公司,安徽省·合肥市·瑶海区,学历不限,,视力残疾1-4级;听力残疾1-4级;言语残疾1-4级;肢体残疾1-4级;智力残疾1-4级;精神残疾1-4级;多重残疾1-4级;,是,见原平台,中国残联就业服务平台（动态接口）,https://www.cdpee.org.cn/,2026年09月15日
云南省,昭通市,艾草加工，种植,云南鑫会盟艾绒制品生产有限公司,云南省·昭通市·巧家县,学历不限,100,视力残疾4级;听力残疾4级;言语残疾4级;肢体残疾4级;智力残疾4级;精神残疾4级;,是,见原平台,中国残联就业服务平台（动态接口）,https://www.cdpee.org.cn/,2026年09月17日
江苏省,宿迁市,食品加工处理,宿迁市宿城区陆小青猪肉批发经营部,江苏省·宿迁市·湖滨新区,小学,100,"视力残疾3,4级;听力残疾3,4级;肢体残疾3,4级;智力残疾4级;多重残疾3,4级;",是,见原平台,中国残联就业服务平台（动态接口）,https://www.cdpee.org.cn/,2026年09月17日
湖南省,株洲市,垃圾清运工,湖南仁仁洁国际清洁科技集团股份有限公司荷塘分公司,湖南省·株洲市·荷塘区,学历不限,1,言语残疾1级;智力残疾1级;,是,见原平台,中国残联就业服务平台（动态接口）,https://www.cdpee.org.cn/,2026年09月17日
江苏省,徐州市,江苏徐州组件工+早八晚六+包吃+五险+坐班,陕西致广人力资源有限公司,江苏省·徐州市·邳州市,学历不限,20,"视力残疾1-4级;听力残疾1-4级;言语残疾1-4级;肢体残疾1-4级;智力残疾3,4级;多重残疾1-4级;",是,见原平台,中国残联就业服务平台（动态接口）,https://www.cdpee.org.cn/,2026年09月17日
广东省,江门市,生产工,江门市霞光照明电器有限公司,广东省·江门市·蓬江区,学历不限,1,听力残疾2-4级;言语残疾2-4级;肢体残疾4级;智力残疾4级;多重残疾4级;,是,见原平台,中国残联就业服务平台（动态接口）,https://www.cdpee.org.cn/,2026年09月17日
上海市,上海市,行政助理（上海闵行区）,北京易才人力资源顾问有限公司,上海市·上海市·闵行区,大专,1,视力残疾1-3级;听力残疾1-3级;言语残疾1-3级;肢体残疾1-3级;智力残疾1-3级;精神残疾1-3级;多重残疾1-3级;,是,见原平台,中国残联就业服务平台（动态接口）,https://www.cdpee.org.cn/,2026年08月17日
江苏省,南京市,HR招聘,北京易才人力资源顾问有限公司,江苏省·南京市·建邺区,大专,1,视力残疾1-3级;听力残疾1-3级;言语残疾1-3级;肢体残疾1-3级;智力残疾1-3级;精神残疾1-3级;多重残疾1-3级;,是,见原平台,中国残联就业服务平台（动态接口）,https://www.cdpee.org.cn/,2026年05月22日
四川省,成都市,成都急招（残疾人福利岗）五险一金，长白8小时，高薪技术岗,广州海仑企业服务有限公司,四川省·成都市·锦江区,学历不限,3,视力残疾1-4级;听力残疾1-4级;言语残疾1-4级;肢体残疾1-4级;智力残疾1-4级;精神残疾1-4级;多重残疾1-4级;,是,见原平台,中国残联就业服务平台（动态接口）,https://www.cdpee.org.cn/,2026年09月17日
山东省,济宁市,洗车店员工,鱼台思辰汽车美容店（个体工商户）,山东省·济宁市·鱼台县,学历不限,,视力残疾1-4级;听力残疾1-4级;言语残疾1-4级;肢体残疾1-4级;智力残疾1-4级;精神残疾1-4级;多重残疾1-4级;,是,见原平台,中国残联就业服务平台（动态接口）,https://www.cdpee.org.cn/,2026年03月01日
天津市,天津市,天津档案处理员，双休，8小时，缴纳五险一金,广州海仑企业服务有限公司,天津市·天津市·河东区,学历不限,2,视力残疾1-4级;听力残疾1-4级;言语残疾1-4级;肢体残疾1-4级;智力残疾1-4级;精神残疾1-4级;多重残疾1-4级;,是,见原平台,中国残联就业服务平台（动态接口）,https://www.cdpee.org.cn/,2026年09月17日
安徽省,合肥市,Sk舞团/资深运营带队,合肥魅影文化传媒有限公司,安徽省·合肥市·瑶海区,学历不限,,视力残疾1-4级;听力残疾1-4级;言语残疾1-4级;肢体残疾1-4级;智力残疾1-4级;精神残疾1-4级;多重残疾1-4级;,是,见原平台,中国残联就业服务平台（动态接口）,https://www.cdpee.org.cn/,2026年09月15日
云南省,昭通市,艾草加工，种植,云南鑫会盟艾绒制品生产有限公司,云南省·昭通市·巧家县,学历不限,100,视力残疾4级;听力残疾4级;言语残疾4级;肢体残疾4级;智力残疾4级;精神残疾4级;,是,见原平台,中国残联就业服务平台（动态接口）,https://www.cdpee.org.cn/,2026年09月17日
江苏省,宿迁市,食品加工处理,宿迁市宿城区陆小青猪肉批发经营部,江苏省·宿迁市·湖滨新区,小学,100,"视力残疾3,4级;听力残疾3,4级;肢体残疾3,4级;智力残疾4级;多重残疾3,4级;",是,见原平台,中国残联就业服务平台（动态接口）,https://www.cdpee.org.cn/,2026年09月17日
湖南省,株洲市,垃圾清运工,湖南仁仁洁国际清洁科技集团股份有限公司荷塘分公司,湖南省·株洲市·荷塘区,学历不限,1,言语残疾1级;智力残疾1级;,是,见原平台,中国残联就业服务平台（动态接口）,https://www.cdpee.org.cn/,2026年09月17日
江苏省,徐州市,江苏徐州组件工+早八晚六+包吃+五险+坐班,陕西致广人力资源有限公司,江苏省·徐州市·邳州市,学历不限,20,"视力残疾1-4级;听力残疾1-4级;言语残疾1-4级;肢体残疾1-4级;智力残疾3,4级;多重残疾1-4级;",是,见原平台,中国残联就业服务平台（动态接口）,https://www.cdpee.org.cn/,2026年09月17日
广东省,江门市,生产工,江门市霞光照明电器有限公司,广东省·江门市·蓬江区,学历不限,1,听力残疾2-4级;言语残疾2-4级;肢体残疾4级;智力残疾4级;多重残疾4级;,是,见原平台,中国残联就业服务平台（动态接口）,https://www.cdpee.org.cn/,2026年09月17日
上海市,上海市,行政助理（上海闵行区）,北京易才人力资源顾问有限公司,上海市·上海市·闵行区,大专,1,视力残疾1-3级;听力残疾1-3级;言语残疾1-3级;肢体残疾1-3级;智力残疾1-3级;精神残疾1-3级;多重残疾1-3级;,是,见原平台,中国残联就业服务平台（动态接口）,https://www.cdpee.org.cn/,2026年08月17日
江苏省,南京市,HR招聘,北京易才人力资源顾问有限公司,江苏省·南京市·建邺区,大专,1,视力残疾1-3级;听力残疾1-3级;言语残疾1-3级;肢体残疾1-3级;智力残疾1-3级;精神残疾1-3级;多重残疾1-3级;,是,见原平台,中国残联就业服务平台（动态接口）,https://www.cdpee.org.cn/,2026年05月22日
四川省,成都市,成都急招（残疾人福利岗）五险一金，长白8小时，高薪技术岗,广州海仑企业服务有限公司,四川省·成都市·锦江区,学历不限,3,视力残疾1-4级;听力残疾1-4级;言语残疾1-4级;肢体残疾1-4级;智力残疾1-4级;精神残疾1-4级;多重残疾1-4级;,是,见原平台,中国残联就业服务平台（动态接口）,https://www.cdpee.org.cn/,2026年09月17日
山东省,济宁市,洗车店员工,鱼台思辰汽车美容店（个体工商户）,山东省·济宁市·鱼台县,学历不限,,视力残疾1-4级;听力残疾1-4级;言语残疾1-4级;肢体残疾1-4级;智力残疾1-4级;精神残疾1-4级;多重残疾1-4级;,是,见原平台,中国残联就业服务平台（动态接口）,https://www.cdpee.org.cn/,2026年03月01日
天津市,天津市,天津档案处理员，双休，8小时，缴纳五险一金,广州海仑企业服务有限公司,天津市·天津市·河东区,学历不限,2,视力残疾1-4级;听力残疾1-4级;言语残疾1-4级;肢体残疾1-4级;智力残疾1-4级;精神残疾1-4级;多重残疾1-4级;,是,见原平台,中国残联就业服务平台（动态接口）,https://www.cdpee.org.cn/,2026年09月17日
安徽省,合肥市,Sk舞团/资深运营带队,合肥魅影文化传媒有限公司,安徽省·合肥市·瑶海区,学历不限,,视力残疾1-4级;听力残疾1-4级;言语残疾1-4级;肢体残疾1-4级;智力残疾1-4级;精神残疾1-4级;多重残疾1-4级;,是,见原平台,中国残联就业服务平台（动态接口）,https://www.cdpee.org.cn/,2026年09月15日
云南省,昭通市,艾草加工，种植,云南鑫会盟艾绒制品生产有限公司,云南省·昭通市·巧家县,学历不限,100,视力残疾4级;听力残疾4级;言语残疾4级;肢体残疾4级;智力残疾4级;精神残疾4级;,是,见原平台,中国残联就业服务平台（动态接口）,https://www.cdpee.org.cn/,2026年09月17日
江苏省,宿迁市,食品加工处理,宿迁市宿城区陆小青猪肉批发经营部,江苏省·宿迁市·湖滨新区,小学,100,"视力残疾3,4级;听力残疾3,4级;肢体残疾3,4级;智力残疾4级;多重残疾3,4级;",是,见原平台,中国残联就业服务平台（动态接口）,https://www.cdpee.org.cn/,2026年09月17日
湖南省,株洲市,垃圾清运工,湖南仁仁洁国际清洁科技集团股份有限公司荷塘分公司,湖南省·株洲市·荷塘区,学历不限,1,言语残疾1级;智力残疾1级;,是,见原平台,中国残联就业服务平台（动态接口）,https://www.cdpee.org.cn/,2026年09月17日
江苏省,徐州市,江苏徐州组件工+早八晚六+包吃+五险+坐班,陕西致广人力资源有限公司,江苏省·徐州市·邳州市,学历不限,20,"视力残疾1-4级;听力残疾1-4级;言语残疾1-4级;肢体残疾1-4级;智力残疾3,4级;多重残疾1-4级;",是,见原平台,中国残联就业服务平台（动态接口）,https://www.cdpee.org.cn/,2026年09月17日
广东省,江门市,生产工,江门市霞光照明电器有限公司,广东省·江门市·蓬江区,学历不限,1,听力残疾2-4级;言语残疾2-4级;肢体残疾4级;智力残疾4级;多重残疾4级;,是,见原平台,中国残联就业服务平台（动态接口）,https://www.cdpee.org.cn/,2026年09月17日
上海市,上海市,行政助理（上海闵行区）,北京易才人力资源顾问有限公司,上海市·上海市·闵行区,大专,1,视力残疾1-3级;听力残疾1-3级;言语残疾1-3级;肢体残疾1-3级;智力残疾1-3级;精神残疾1-3级;多重残疾1-3级;,是,见原平台,中国残联就业服务平台（动态接口）,https://www.cdpee.org.cn/,2026年08月17日
江苏省,南京市,HR招聘,北京易才人力资源顾问有限公司,江苏省·南京市·建邺区,大专,1,视力残疾1-3级;听力残疾1-3级;言语残疾1-3级;肢体残疾1-3级;智力残疾1-3级;精神残疾1-3级;多重残疾1-3级;,是,见原平台,中国残联就业服务平台（动态接口）,https://www.cdpee.org.cn/,2026年05月22日
四川省,成都市,成都急招（残疾人福利岗）五险一金，长白8小时，高薪技术岗,广州海仑企业服务有限公司,四川省·成都市·锦江区,学历不限,3,视力残疾1-4级;听力残疾1-4级;言语残疾1-4级;肢体残疾1-4级;智力残疾1-4级;精神残疾1-4级;多重残疾1-4级;,是,见原平台,中国残联就业服务平台（动态接口）,https://www.cdpee.org.cn/,2026年09月17日
山东省,济宁市,洗车店员工,鱼台思辰汽车美容店（个体工商户）,山东省·济宁市·鱼台县,学历不限,,视力残疾1-4级;听力残疾1-4级;言语残疾1-4级;肢体残疾1-4级;智力残疾1-4级;精神残疾1-4级;多重残疾1-4级;,是,见原平台,中国残联就业服务平台（动态接口）,https://www.cdpee.org.cn/,2026年03月01日
天津市,天津市,天津档案处理员，双休，8小时，缴纳五险一金,广州海仑企业服务有限公司,天津市·天津市·河东区,学历不限,2,视力残疾1-4级;听力残疾1-4级;言语残疾1-4级;肢体残疾1-4级;智力残疾1-4级;精神残疾1-4级;多重残疾1-4级;,是,见原平台,中国残联就业服务平台（动态接口）,https://www.cdpee.org.cn/,2026年09月17日
安徽省,合肥市,Sk舞团/资深运营带队,合肥魅影文化传媒有限公司,安徽省·合肥市·瑶海区,学历不限,,视力残疾1-4级;听力残疾1-4级;言语残疾1-4级;肢体残疾1-4级;智力残疾1-4级;精神残疾1-4级;多重残疾1-4级;,是,见原平台,中国残联就业服务平台（动态接口）,https://www.cdpee.org.cn/,2026年09月15日
云南省,昭通市,艾草加工，种植,云南鑫会盟艾绒制品生产有限公司,云南省·昭通市·巧家县,学历不限,100,视力残疾4级;听力残疾4级;言语残疾4级;肢体残疾4级;智力残疾4级;精神残疾4级;,是,见原平台,中国残联就业服务平台（动态接口）,https://www.cdpee.org.cn/,2026年09月17日
江苏省,宿迁市,食品加工处理,宿迁市宿城区陆小青猪肉批发经营部,江苏省·宿迁市·湖滨新区,小学,100,"视力残疾3,4级;听力残疾3,4级;肢体残疾3,4级;智力残疾4级;多重残疾3,4级;",是,见原平台,中国残联就业服务平台（动态接口）,https://www.cdpee.org.cn/,2026年09月17日
湖南省,株洲市,垃圾清运工,湖南仁仁洁国际清洁科技集团股份有限公司荷塘分公司,湖南省·株洲市·荷塘区,学历不限,1,言语残疾1级;智力残疾1级;,是,见原平台,中国残联就业服务平台（动态接口）,https://www.cdpee.org.cn/,2026年09月17日
江苏省,徐州市,江苏徐州组件工+早八晚六+包吃+五险+坐班,陕西致广人力资源有限公司,江苏省·徐州市·邳州市,学历不限,20,"视力残疾1-4级;听力残疾1-4级;言语残疾1-4级;肢体残疾1-4级;智力残疾3,4级;多重残疾1-4级;",是,见原平台,中国残联就业服务平台（动态接口）,https://www.cdpee.org.cn/,2026年09月17日
广东省,江门市,生产工,江门市霞光照明电器有限公司,广东省·江门市·蓬江区,学历不限,1,听力残疾2-4级;言语残疾2-4级;肢体残疾4级;智力残疾4级;多重残疾4级;,是,见原平台,中国残联就业服务平台（动态接口）,https://www.cdpee.org.cn/,2026年09月17日
上海市,上海市,行政助理（上海闵行区）,北京易才人力资源顾问有限公司,上海市·上海市·闵行区,大专,1,视力残疾1-3级;听力残疾1-3级;言语残疾1-3级;肢体残疾1-3级;智力残疾1-3级;精神残疾1-3级;多重残疾1-3级;,是,见原平台,中国残联就业服务平台（动态接口）,https://www.cdpee.org.cn/,2026年08月17日
江苏省,南京市,HR招聘,北京易才人力资源顾问有限公司,江苏省·南京市·建邺区,大专,1,视力残疾1-3级;听力残疾1-3级;言语残疾1-3级;肢体残疾1-3级;智力残疾1-3级;精神残疾1-3级;多重残疾1-3级;,是,见原平台,中国残联就业服务平台（动态接口）,https://www.cdpee.org.cn/,2026年05月22日
四川省,成都市,成都急招（残疾人福利岗）五险一金，长白8小时，高薪技术岗,广州海仑企业服务有限公司,四川省·成都市·锦江区,学历不限,3,视力残疾1-4级;听力残疾1-4级;言语残疾1-4级;肢体残疾1-4级;智力残疾1-4级;精神残疾1-4级;多重残疾1-4级;,是,见原平台,中国残联就业服务平台（动态接口）,https://www.cdpee.org.cn/,2026年09月17日
山东省,济宁市,洗车店员工,鱼台思辰汽车美容店（个体工商户）,山东省·济宁市·鱼台县,学历不限,,视力残疾1-4级;听力残疾1-4级;言语残疾1-4级;肢体残疾1-4级;智力残疾1-4级;精神残疾1-4级;多重残疾1-4级;,是,见原平台,中国残联就业服务平台（动态接口）,https://www.cdpee.org.cn/,2026年03月01日
天津市,天津市,天津档案处理员，双休，8小时，缴纳五险一金,广州海仑企业服务有限公司,天津市·天津市·河东区,学历不限,2,视力残疾1-4级;听力残疾1-4级;言语残疾1-4级;肢体残疾1-4级;智力残疾1-4级;精神残疾1-4级;多重残疾1-4级;,是,见原平台,中国残联就业服务平台（动态接口）,https://www.cdpee.org.cn/,2026年09月17日
安徽省,合肥市,Sk舞团/资深运营带队,合肥魅影文化传媒有限公司,安徽省·合肥市·瑶海区,学历不限,,视力残疾1-4级;听力残疾1-4级;言语残疾1-4级;肢体残疾1-4级;智力残疾1-4级;精神残疾1-4级;多重残疾1-4级;,是,见原平台,中国残联就业服务平台（动态接口）,https://www.cdpee.org.cn/,2026年09月15日
云南省,昭通市,艾草加工，种植,云南鑫会盟艾绒制品生产有限公司,云南省·昭通市·巧家县,学历不限,100,视力残疾4级;听力残疾4级;言语残疾4级;肢体残疾4级;智力残疾4级;精神残疾4级;,是,见原平台,中国残联就业服务平台（动态接口）,https://www.cdpee.org.cn/,2026年09月17日
江苏省,宿迁市,食品加工处理,宿迁市宿城区陆小青猪肉批发经营部,江苏省·宿迁市·湖滨新区,小学,100,"视力残疾3,4级;听力残疾3,4级;肢体残疾3,4级;智力残疾4级;多重残疾3,4级;",是,见原平台,中国残联就业服务平台（动态接口）,https://www.cdpee.org.cn/,2026年09月17日
湖南省,株洲市,垃圾清运工,湖南仁仁洁国际清洁科技集团股份有限公司荷塘分公司,湖南省·株洲市·荷塘区,学历不限,1,言语残疾1级;智力残疾1级;,是,见原平台,中国残联就业服务平台（动态接口）,https://www.cdpee.org.cn/,2026年09月17日
江苏省,徐州市,江苏徐州组件工+早八晚六+包吃+五险+坐班,陕西致广人力资源有限公司,江苏省·徐州市·邳州市,学历不限,20,"视力残疾1-4级;听力残疾1-4级;言语残疾1-4级;肢体残疾1-4级;智力残疾3,4级;多重残疾1-4级;",是,见原平台,中国残联就业服务平台（动态接口）,https://www.cdpee.org.cn/,2026年09月17日
广东省,江门市,生产工,江门市霞光照明电器有限公司,广东省·江门市·蓬江区,学历不限,1,听力残疾2-4级;言语残疾2-4级;肢体残疾4级;智力残疾4级;多重残疾4级;,是,见原平台,中国残联就业服务平台（动态接口）,https://www.cdpee.org.cn/,2026年09月17日
上海市,上海市,行政助理（上海闵行区）,北京易才人力资源顾问有限公司,上海市·上海市·闵行区,大专,1,视力残疾1-3级;听力残疾1-3级;言语残疾1-3级;肢体残疾1-3级;智力残疾1-3级;精神残疾1-3级;多重残疾1-3级;,是,见原平台,中国残联就业服务平台（动态接口）,https://www.cdpee.org.cn/,2026年08月17日
江苏省,南京市,HR招聘,北京易才人力资源顾问有限公司,江苏省·南京市·建邺区,大专,1,视力残疾1-3级;听力残疾1-3级;言语残疾1-3级;肢体残疾1-3级;智力残疾1-3级;精神残疾1-3级;多重残疾1-3级;,是,见原平台,中国残联就业服务平台（动态接口）,https://www.cdpee.org.cn/,2026年05月22日
四川省,成都市,成都急招（残疾人福利岗）五险一金，长白8小时，高薪技术岗,广州海仑企业服务有限公司,四川省·成都市·锦江区,学历不限,3,视力残疾1-4级;听力残疾1-4级;言语残疾1-4级;肢体残疾1-4级;智力残疾1-4级;精神残疾1-4级;多重残疾1-4级;,是,见原平台,中国残联就业服务平台（动态接口）,https://www.cdpee.org.cn/,2026年09月17日
山东省,济宁市,洗车店员工,鱼台思辰汽车美容店（个体工商户）,山东省·济宁市·鱼台县,学历不限,,视力残疾1-4级;听力残疾1-4级;言语残疾1-4级;肢体残疾1-4级;智力残疾1-4级;精神残疾1-4级;多重残疾1-4级;,是,见原平台,中国残联就业服务平台（动态接口）,https://www.cdpee.org.cn/,2026年03月01日
天津市,天津市,天津档案处理员，双休，8小时，缴纳五险一金,广州海仑企业服务有限公司,天津市·天津市·河东区,学历不限,2,视力残疾1-4级;听力残疾1-4级;言语残疾1-4级;肢体残疾1-4级;智力残疾1-4级;精神残疾1-4级;多重残疾1-4级;,是,见原平台,中国残联就业服务平台（动态接口）,https://www.cdpee.org.cn/,2026年09月17日
安徽省,合肥市,Sk舞团/资深运营带队,合肥魅影文化传媒有限公司,安徽省·合肥市·瑶海区,学历不限,,视力残疾1-4级;听力残疾1-4级;言语残疾1-4级;肢体残疾1-4级;智力残疾1-4级;精神残疾1-4级;多重残疾1-4级;,是,见原平台,中国残联就业服务平台（动态接口）,https://www.cdpee.org.cn/,2026年09月15日
云南省,昭通市,艾草加工，种植,云南鑫会盟艾绒制品生产有限公司,云南省·昭通市·巧家县,学历不限,100,视力残疾4级;听力残疾4级;言语残疾4级;肢体残疾4级;智力残疾4级;精神残疾4级;,是,见原平台,中国残联就业服务平台（动态接口）,https://www.cdpee.org.cn/,2026年09月17日
江苏省,宿迁市,食品加工处理,宿迁市宿城区陆小青猪肉批发经营部,江苏省·宿迁市·湖滨新区,小学,100,"视力残疾3,4级;听力残疾3,4级;肢体残疾3,4级;智力残疾4级;多重残疾3,4级;",是,见原平台,中国残联就业服务平台（动态接口）,https://www.cdpee.org.cn/,2026年09月17日
湖南省,株洲市,垃圾清运工,湖南仁仁洁国际清洁科技集团股份有限公司荷塘分公司,湖南省·株洲市·荷塘区,学历不限,1,言语残疾1级;智力残疾1级;,是,见原平台,中国残联就业服务平台（动态接口）,https://www.cdpee.org.cn/,2026年09月17日
江苏省,徐州市,江苏徐州组件工+早八晚六+包吃+五险+坐班,陕西致广人力资源有限公司,江苏省·徐州市·邳州市,学历不限,20,"视力残疾1-4级;听力残疾1-4级;言语残疾1-4级;肢体残疾1-4级;智力残疾3,4级;多重残疾1-4级;",是,见原平台,中国残联就业服务平台（动态接口）,https://www.cdpee.org.cn/,2026年09月17日
广东省,江门市,生产工,江门市霞光照明电器有限公司,广东省·江门市·蓬江区,学历不限,1,听力残疾2-4级;言语残疾2-4级;肢体残疾4级;智力残疾4级;多重残疾4级;,是,见原平台,中国残联就业服务平台（动态接口）,https://www.cdpee.org.cn/,2026年09月17日
上海市,上海市,行政助理（上海闵行区）,北京易才人力资源顾问有限公司,上海市·上海市·闵行区,大专,1,视力残疾1-3级;听力残疾1-3级;言语残疾1-3级;肢体残疾1-3级;智力残疾1-3级;精神残疾1-3级;多重残疾1-3级;,是,见原平台,中国残联就业服务平台（动态接口）,https://www.cdpee.org.cn/,2026年08月17日
江苏省,南京市,HR招聘,北京易才人力资源顾问有限公司,江苏省·南京市·建邺区,大专,1,视力残疾1-3级;听力残疾1-3级;言语残疾1-3级;肢体残疾1-3级;智力残疾1-3级;精神残疾1-3级;多重残疾1-3级;,是,见原平台,中国残联就业服务平台（动态接口）,https://www.cdpee.org.cn/,2026年05月22日
四川省,成都市,成都急招（残疾人福利岗）五险一金，长白8小时，高薪技术岗,广州海仑企业服务有限公司,四川省·成都市·锦江区,学历不限,3,视力残疾1-4级;听力残疾1-4级;言语残疾1-4级;肢体残疾1-4级;智力残疾1-4级;精神残疾1-4级;多重残疾1-4级;,是,见原平台,中国残联就业服务平台（动态接口）,https://www.cdpee.org.cn/,2026年09月17日
山东省,济宁市,洗车店员工,鱼台思辰汽车美容店（个体工商户）,山东省·济宁市·鱼台县,学历不限,,视力残疾1-4级;听力残疾1-4级;言语残疾1-4级;肢体残疾1-4级;智力残疾1-4级;精神残疾1-4级;多重残疾1-4级;,是,见原平台,中国残联就业服务平台（动态接口）,https://www.cdpee.org.cn/,2026年03月01日
天津市,天津市,天津档案处理员，双休，8小时，缴纳五险一金,广州海仑企业服务有限公司,天津市·天津市·河东区,学历不限,2,视力残疾1-4级;听力残疾1-4级;言语残疾1-4级;肢体残疾1-4级;智力残疾1-4级;精神残疾1-4级;多重残疾1-4级;,是,见原平台,中国残联就业服务平台（动态接口）,https://www.cdpee.org.cn/,2026年09月17日
安徽省,合肥市,Sk舞团/资深运营带队,合肥魅影文化传媒有限公司,安徽省·合肥市·瑶海区,学历不限,,视力残疾1-4级;听力残疾1-4级;言语残疾1-4级;肢体残疾1-4级;智力残疾1-4级;精神残疾1-4级;多重残疾1-4级;,是,见原平台,中国残联就业服务平台（动态接口）,https://www.cdpee.org.cn/,2026年09月15日
云南省,昭通市,艾草加工，种植,云南鑫会盟艾绒制品生产有限公司,云南省·昭通市·巧家县,学历不限,100,视力残疾4级;听力残疾4级;言语残疾4级;肢体残疾4级;智力残疾4级;精神残疾4级;,是,见原平台,中国残联就业服务平台（动态接口）,https://www.cdpee.org.cn/,2026年09月17日
江苏省,宿迁市,食品加工处理,宿迁市宿城区陆小青猪肉批发经营部,江苏省·宿迁市·湖滨新区,小学,100,"视力残疾3,4级;听力残疾3,4级;肢体残疾3,4级;智力残疾4级;多重残疾3,4级;",是,见原平台,中国残联就业服务平台（动态接口）,https://www.cdpee.org.cn/,2026年09月17日
湖南省,株洲市,垃圾清运工,湖南仁仁洁国际清洁科技集团股份有限公司荷塘分公司,湖南省·株洲市·荷塘区,学历不限,1,言语残疾1级;智力残疾1级;,是,见原平台,中国残联就业服务平台（动态接口）,https://www.cdpee.org.cn/,2026年09月17日
江苏省,徐州市,江苏徐州组件工+早八晚六+包吃+五险+坐班,陕西致广人力资源有限公司,江苏省·徐州市·邳州市,学历不限,20,"视力残疾1-4级;听力残疾1-4级;言语残疾1-4级;肢体残疾1-4级;智力残疾3,4级;多重残疾1-4级;",是,见原平台,中国残联就业服务平台（动态接口）,https://www.cdpee.org.cn/,2026年09月17日
广东省,江门市,生产工,江门市霞光照明电器有限公司,广东省·江门市·蓬江区,学历不限,1,听力残疾2-4级;言语残疾2-4级;肢体残疾4级;智力残疾4级;多重残疾4级;,是,见原平台,中国残联就业服务平台（动态接口）,https://www.cdpee.org.cn/,2026年09月17日
上海市,上海市,行政助理（上海闵行区）,北京易才人力资源顾问有限公司,上海市·上海市·闵行区,大专,1,视力残疾1-3级;听力残疾1-3级;言语残疾1-3级;肢体残疾1-3级;智力残疾1-3级;精神残疾1-3级;多重残疾1-3级;,是,见原平台,中国残联就业服务平台（动态接口）,https://www.cdpee.org.cn/,2026年08月17日
江苏省,南京市,HR招聘,北京易才人力资源顾问有限公司,江苏省·南京市·建邺区,大专,1,视力残疾1-3级;听力残疾1-3级;言语残疾1-3级;肢体残疾1-3级;智力残疾1-3级;精神残疾1-3级;多重残疾1-3级;,是,见原平台,中国残联就业服务平台（动态接口）,https://www.cdpee.org.cn/,2026年05月22日
四川省,成都市,成都急招（残疾人福利岗）五险一金，长白8小时，高薪技术岗,广州海仑企业服务有限公司,四川省·成都市·锦江区,学历不限,3,视力残疾1-4级;听力残疾1-4级;言语残疾1-4级;肢体残疾1-4级;智力残疾1-4级;精神残疾1-4级;多重残疾1-4级;,是,见原平台,中国残联就业服务平台（动态接口）,https://www.cdpee.org.cn/,2026年09月17日
山东省,济宁市,洗车店员工,鱼台思辰汽车美容店（个体工商户）,山东省·济宁市·鱼台县,学历不限,,视力残疾1-4级;听力残疾1-4级;言语残疾1-4级;肢体残疾1-4级;智力残疾1-4级;精神残疾1-4级;多重残疾1-4级;,是,见原平台,中国残联就业服务平台（动态接口）,https://www.cdpee.org.cn/,2026年03月01日
天津市,天津市,天津档案处理员，双休，8小时，缴纳五险一金,广州海仑企业服务有限公司,天津市·天津市·河东区,学历不限,2,视力残疾1-4级;听力残疾1-4级;言语残疾1-4级;肢体残疾1-4级;智力残疾1-4级;精神残疾1-4级;多重残疾1-4级;,是,见原平台,中国残联就业服务平台（动态接口）,https://www.cdpee.org.cn/,2026年09月17日
安徽省,合肥市,Sk舞团/资深运营带队,合肥魅影文化传媒有限公司,安徽省·合肥市·瑶海区,学历不限,,视力残疾1-4级;听力残疾1-4级;言语残疾1-4级;肢体残疾1-4级;智力残疾1-4级;精神残疾1-4级;多重残疾1-4级;,是,见原平台,中国残联就业服务平台（动态接口）,https://www.cdpee.org.cn/,2026年09月15日
云南省,昭通市,艾草加工，种植,云南鑫会盟艾绒制品生产有限公司,云南省·昭通市·巧家县,学历不限,100,视力残疾4级;听力残疾4级;言语残疾4级;肢体残疾4级;智力残疾4级;精神残疾4级;,是,见原平台,中国残联就业服务平台（动态接口）,https://www.cdpee.org.cn/,2026年09月17日
江苏省,宿迁市,食品加工处理,宿迁市宿城区陆小青猪肉批发经营部,江苏省·宿迁市·湖滨新区,小学,100,"视力残疾3,4级;听力残疾3,4级;肢体残疾3,4级;智力残疾4级;多重残疾3,4级;",是,见原平台,中国残联就业服务平台（动态接口）,https://www.cdpee.org.cn/,2026年09月17日
湖南省,株洲市,垃圾清运工,湖南仁仁洁国际清洁科技集团股份有限公司荷塘分公司,湖南省·株洲市·荷塘区,学历不限,1,言语残疾1级;智力残疾1级;,是,见原平台,中国残联就业服务平台（动态接口）,https://www.cdpee.org.cn/,2026年09月17日
江苏省,徐州市,江苏徐州组件工+早八晚六+包吃+五险+坐班,陕西致广人力资源有限公司,江苏省·徐州市·邳州市,学历不限,20,"视力残疾1-4级;听力残疾1-4级;言语残疾1-4级;肢体残疾1-4级;智力残疾3,4级;多重残疾1-4级;",是,见原平台,中国残联就业服务平台（动态接口）,https://www.cdpee.org.cn/,2026年09月17日
广东省,江门市,生产工,江门市霞光照明电器有限公司,广东省·江门市·蓬江区,学历不限,1,听力残疾2-4级;言语残疾2-4级;肢体残疾4级;智力残疾4级;多重残疾4级;,是,见原平台,中国残联就业服务平台（动态接口）,https://www.cdpee.org.cn/,2026年09月17日
上海市,上海市,行政助理（上海闵行区）,北京易才人力资源顾问有限公司,上海市·上海市·闵行区,大专,1,视力残疾1-3级;听力残疾1-3级;言语残疾1-3级;肢体残疾1-3级;智力残疾1-3级;精神残疾1-3级;多重残疾1-3级;,是,见原平台,中国残联就业服务平台（动态接口）,https://www.cdpee.org.cn/,2026年08月17日
江苏省,南京市,HR招聘,北京易才人力资源顾问有限公司,江苏省·南京市·建邺区,大专,1,视力残疾1-3级;听力残疾1-3级;言语残疾1-3级;肢体残疾1-3级;智力残疾1-3级;精神残疾1-3级;多重残疾1-3级;,是,见原平台,中国残联就业服务平台（动态接口）,https://www.cdpee.org.cn/,2026年05月22日
四川省,成都市,成都急招（残疾人福利岗）五险一金，长白8小时，高薪技术岗,广州海仑企业服务有限公司,四川省·成都市·锦江区,学历不限,3,视力残疾1-4级;听力残疾1-4级;言语残疾1-4级;肢体残疾1-4级;智力残疾1-4级;精神残疾1-4级;多重残疾1-4级;,是,见原平台,中国残联就业服务平台（动态接口）,https://www.cdpee.org.cn/,2026年09月17日
山东省,济宁市,洗车店员工,鱼台思辰汽车美容店（个体工商户）,山东省·济宁市·鱼台县,学历不限,,视力残疾1-4级;听力残疾1-4级;言语残疾1-4级;肢体残疾1-4级;智力残疾1-4级;精神残疾1-4级;多重残疾1-4级;,是,见原平台,中国残联就业服务平台（动态接口）,https://www.cdpee.org.cn/,2026年03月01日
天津市,天津市,天津档案处理员，双休，8小时，缴纳五险一金,广州海仑企业服务有限公司,天津市·天津市·河东区,学历不限,2,视力残疾1-4级;听力残疾1-4级;言语残疾1-4级;肢体残疾1-4级;智力残疾1-4级;精神残疾1-4级;多重残疾1-4级;,是,见原平台,中国残联就业服务平台（动态接口）,https://www.cdpee.org.cn/,2026年09月17日
安徽省,合肥市,Sk舞团/资深运营带队,合肥魅影文化传媒有限公司,安徽省·合肥市·瑶海区,学历不限,,视力残疾1-4级;听力残疾1-4级;言语残疾1-4级;肢体残疾1-4级;智力残疾1-4级;精神残疾1-4级;多重残疾1-4级;,是,见原平台,中国残联就业服务平台（动态接口）,https://www.cdpee.org.cn/,2026年09月15日
云南省,昭通市,艾草加工，种植,云南鑫会盟艾绒制品生产有限公司,云南省·昭通市·巧家县,学历不限,100,视力残疾4级;听力残疾4级;言语残疾4级;肢体残疾4级;智力残疾4级;精神残疾4级;,是,见原平台,中国残联就业服务平台（动态接口）,https://www.cdpee.org.cn/,2026年09月17日
江苏省,宿迁市,食品加工处理,宿迁市宿城区陆小青猪肉批发经营部,江苏省·宿迁市·湖滨新区,小学,100,"视力残疾3,4级;听力残疾3,4级;肢体残疾3,4级;智力残疾4级;多重残疾3,4级;",是,见原平台,中国残联就业服务平台（动态接口）,https://www.cdpee.org.cn/,2026年09月17日
湖南省,株洲市,垃圾清运工,湖南仁仁洁国际清洁科技集团股份有限公司荷塘分公司,湖南省·株洲市·荷塘区,学历不限,1,言语残疾1级;智力残疾1级;,是,见原平台,中国残联就业服务平台（动态接口）,https://www.cdpee.org.cn/,2026年09月17日
江苏省,徐州市,江苏徐州组件工+早八晚六+包吃+五险+坐班,陕西致广人力资源有限公司,江苏省·徐州市·邳州市,学历不限,20,"视力残疾1-4级;听力残疾1-4级;言语残疾1-4级;肢体残疾1-4级;智力残疾3,4级;多重残疾1-4级;",是,见原平台,中国残联就业服务平台（动态接口）,https://www.cdpee.org.cn/,2026年09月17日
广东省,江门市,生产工,江门市霞光照明电器有限公司,广东省·江门市·蓬江区,学历不限,1,听力残疾2-4级;言语残疾2-4级;肢体残疾4级;智力残疾4级;多重残疾4级;,是,见原平台,中国残联就业服务平台（动态接口）,https://www.cdpee.org.cn/,2026年09月17日
上海市,上海市,行政助理（上海闵行区）,北京易才人力资源顾问有限公司,上海市·上海市·闵行区,大专,1,视力残疾1-3级;听力残疾1-3级;言语残疾1-3级;肢体残疾1-3级;智力残疾1-3级;精神残疾1-3级;多重残疾1-3级;,是,见原平台,中国残联就业服务平台（动态接口）,https://www.cdpee.org.cn/,2026年08月17日
江苏省,南京市,HR招聘,北京易才人力资源顾问有限公司,江苏省·南京市·建邺区,大专,1,视力残疾1-3级;听力残疾1-3级;言语残疾1-3级;肢体残疾1-3级;智力残疾1-3级;精神残疾1-3级;多重残疾1-3级;,是,见原平台,中国残联就业服务平台（动态接口）,https://www.cdpee.org.cn/,2026年05月22日
四川省,成都市,成都急招（残疾人福利岗）五险一金，长白8小时，高薪技术岗,广州海仑企业服务有限公司,四川省·成都市·锦江区,学历不限,3,视力残疾1-4级;听力残疾1-4级;言语残疾1-4级;肢体残疾1-4级;智力残疾1-4级;精神残疾1-4级;多重残疾1-4级;,是,见原平台,中国残联就业服务平台（动态接口）,https://www.cdpee.org.cn/,2026年09月17日
山东省,济宁市,洗车店员工,鱼台思辰汽车美容店（个体工商户）,山东省·济宁市·鱼台县,学历不限,,视力残疾1-4级;听力残疾1-4级;言语残疾1-4级;肢体残疾1-4级;智力残疾1-4级;精神残疾1-4级;多重残疾1-4级;,是,见原平台,中国残联就业服务平台（动态接口）,https://www.cdpee.org.cn/,2026年03月01日
天津市,天津市,天津档案处理员，双休，8小时，缴纳五险一金,广州海仑企业服务有限公司,天津市·天津市·河东区,学历不限,2,视力残疾1-4级;听力残疾1-4级;言语残疾1-4级;肢体残疾1-4级;智力残疾1-4级;精神残疾1-4级;多重残疾1-4级;,是,见原平台,中国残联就业服务平台（动态接口）,https://www.cdpee.org.cn/,2026年09月17日
安徽省,合肥市,Sk舞团/资深运营带队,合肥魅影文化传媒有限公司,安徽省·合肥市·瑶海区,学历不限,,视力残疾1-4级;听力残疾1-4级;言语残疾1-4级;肢体残疾1-4级;智力残疾1-4级;精神残疾1-4级;多重残疾1-4级;,是,见原平台,中国残联就业服务平台（动态接口）,https://www.cdpee.org.cn/,2026年09月15日
云南省,昭通市,艾草加工，种植,云南鑫会盟艾绒制品生产有限公司,云南省·昭通市·巧家县,学历不限,100,视力残疾4级;听力残疾4级;言语残疾4级;肢体残疾4级;智力残疾4级;精神残疾4级;,是,见原平台,中国残联就业服务平台（动态接口）,https://www.cdpee.org.cn/,2026年09月17日
江苏省,宿迁市,食品加工处理,宿迁市宿城区陆小青猪肉批发经营部,江苏省·宿迁市·湖滨新区,小学,100,"视力残疾3,4级;听力残疾3,4级;肢体残疾3,4级;智力残疾4级;多重残疾3,4级;",是,见原平台,中国残联就业服务平台（动态接口）,https://www.cdpee.org.cn/,2026年09月17日
湖南省,株洲市,垃圾清运工,湖南仁仁洁国际清洁科技集团股份有限公司荷塘分公司,湖南省·株洲市·荷塘区,学历不限,1,言语残疾1级;智力残疾1级;,是,见原平台,中国残联就业服务平台（动态接口）,https://www.cdpee.org.cn/,2026年09月17日
江苏省,徐州市,江苏徐州组件工+早八晚六+包吃+五险+坐班,陕西致广人力资源有限公司,江苏省·徐州市·邳州市,学历不限,20,"视力残疾1-4级;听力残疾1-4级;言语残疾1-4级;肢体残疾1-4级;智力残疾3,4级;多重残疾1-4级;",是,见原平台,中国残联就业服务平台（动态接口）,https://www.cdpee.org.cn/,2026年09月17日
广东省,江门市,生产工,江门市霞光照明电器有限公司,广东省·江门市·蓬江区,学历不限,1,听力残疾2-4级;言语残疾2-4级;肢体残疾4级;智力残疾4级;多重残疾4级;,是,见原平台,中国残联就业服务平台（动态接口）,https://www.cdpee.org.cn/,2026年09月17日
上海市,上海市,行政助理（上海闵行区）,北京易才人力资源顾问有限公司,上海市·上海市·闵行区,大专,1,视力残疾1-3级;听力残疾1-3级;言语残疾1-3级;肢体残疾1-3级;智力残疾1-3级;精神残疾1-3级;多重残疾1-3级;,是,见原平台,中国残联就业服务平台（动态接口）,https://www.cdpee.org.cn/,2026年08月17日
江苏省,南京市,HR招聘,北京易才人力资源顾问有限公司,江苏省·南京市·建邺区,大专,1,视力残疾1-3级;听力残疾1-3级;言语残疾1-3级;肢体残疾1-3级;智力残疾1-3级;精神残疾1-3级;多重残疾1-3级;,是,见原平台,中国残联就业服务平台（动态接口）,https://www.cdpee.org.cn/,2026年05月22日
四川省,成都市,成都急招（残疾人福利岗）五险一金，长白8小时，高薪技术岗,广州海仑企业服务有限公司,四川省·成都市·锦江区,学历不限,3,视力残疾1-4级;听力残疾1-4级;言语残疾1-4级;肢体残疾1-4级;智力残疾1-4级;精神残疾1-4级;多重残疾1-4级;,是,见原平台,中国残联就业服务平台（动态接口）,https://www.cdpee.org.cn/,2026年09月17日
江苏省,盐城市,台球教练,亭湖区凯凯台球中心,江苏省·盐城市·亭湖区,学历不限,,视力残疾1-4级;听力残疾1-4级;言语残疾1-4级;肢体残疾1-4级;智力残疾1-4级;精神残疾1-4级;多重残疾1-4级;,是,见原平台,中国残联就业服务平台（动态接口）,https://www.cdpee.org.cn/,2026年03月02日
天津市,天津市,天津档案处理员，双休，8小时，缴纳五险一金,广州海仑企业服务有限公司,天津市·天津市·河东区,学历不限,2,视力残疾1-4级;听力残疾1-4级;言语残疾1-4级;肢体残疾1-4级;智力残疾1-4级;精神残疾1-4级;多重残疾1-4级;,是,见原平台,中国残联就业服务平台（动态接口）,https://www.cdpee.org.cn/,2026年09月17日
云南省,昭通市,艾草加工，种植,云南鑫会盟艾绒制品生产有限公司,云南省·昭通市·巧家县,学历不限,100,视力残疾4级;听力残疾4级;言语残疾4级;肢体残疾4级;智力残疾4级;精神残疾4级;,是,见原平台,中国残联就业服务平台（动态接口）,https://www.cdpee.org.cn/,2026年09月17日
江苏省,宿迁市,食品加工处理,宿迁市宿城区陆小青猪肉批发经营部,江苏省·宿迁市·湖滨新区,小学,100,"视力残疾3,4级;听力残疾3,4级;肢体残疾3,4级;智力残疾4级;多重残疾3,4级;",是,见原平台,中国残联就业服务平台（动态接口）,https://www.cdpee.org.cn/,2026年09月17日
湖南省,株洲市,垃圾清运工,湖南仁仁洁国际清洁科技集团股份有限公司荷塘分公司,湖南省·株洲市·荷塘区,学历不限,1,言语残疾1级;智力残疾1级;,是,见原平台,中国残联就业服务平台（动态接口）,https://www.cdpee.org.cn/,2026年09月17日
江苏省,徐州市,江苏徐州组件工+早八晚六+包吃+五险+坐班,陕西致广人力资源有限公司,江苏省·徐州市·邳州市,学历不限,20,"视力残疾1-4级;听力残疾1-4级;言语残疾1-4级;肢体残疾1-4级;智力残疾3,4级;多重残疾1-4级;",是,见原平台,中国残联就业服务平台（动态接口）,https://www.cdpee.org.cn/,2026年09月17日
广东省,江门市,生产工,江门市霞光照明电器有限公司,广东省·江门市·蓬江区,学历不限,1,听力残疾2-4级;言语残疾2-4级;肢体残疾4级;智力残疾4级;多重残疾4级;,是,见原平台,中国残联就业服务平台（动态接口）,https://www.cdpee.org.cn/,2026年09月17日
上海市,上海市,行政助理（上海闵行区）,北京易才人力资源顾问有限公司,上海市·上海市·闵行区,大专,1,视力残疾1-3级;听力残疾1-3级;言语残疾1-3级;肢体残疾1-3级;智力残疾1-3级;精神残疾1-3级;多重残疾1-3级;,是,见原平台,中国残联就业服务平台（动态接口）,https://www.cdpee.org.cn/,2026年08月17日
江苏省,南京市,HR招聘,北京易才人力资源顾问有限公司,江苏省·南京市·建邺区,大专,1,视力残疾1-3级;听力残疾1-3级;言语残疾1-3级;肢体残疾1-3级;智力残疾1-3级;精神残疾1-3级;多重残疾1-3级;,是,见原平台,中国残联就业服务平台（动态接口）,https://www.cdpee.org.cn/,2026年05月22日
四川省,成都市,成都急招（残疾人福利岗）五险一金，长白8小时，高薪技术岗,广州海仑企业服务有限公司,四川省·成都市·锦江区,学历不限,3,视力残疾1-4级;听力残疾1-4级;言语残疾1-4级;肢体残疾1-4级;智力残疾1-4级;精神残疾1-4级;多重残疾1-4级;,是,见原平台,中国残联就业服务平台（动态接口）,https://www.cdpee.org.cn/,2026年09月17日
江苏省,盐城市,台球教练,亭湖区凯凯台球中心,江苏省·盐城市·亭湖区,学历不限,,视力残疾1-4级;听力残疾1-4级;言语残疾1-4级;肢体残疾1-4级;智力残疾1-4级;精神残疾1-4级;多重残疾1-4级;,是,见原平台,中国残联就业服务平台（动态接口）,https://www.cdpee.org.cn/,2026年03月02日
天津市,天津市,天津档案处理员，双休，8小时，缴纳五险一金,广州海仑企业服务有限公司,天津市·天津市·河东区,学历不限,2,视力残疾1-4级;听力残疾1-4级;言语残疾1-4级;肢体残疾1-4级;智力残疾1-4级;精神残疾1-4级;多重残疾1-4级;,是,见原平台,中国残联就业服务平台（动态接口）,https://www.cdpee.org.cn/,2026年09月17日
云南省,昭通市,艾草加工，种植,云南鑫会盟艾绒制品生产有限公司,云南省·昭通市·巧家县,学历不限,100,视力残疾4级;听力残疾4级;言语残疾4级;肢体残疾4级;智力残疾4级;精神残疾4级;,是,见原平台,中国残联就业服务平台（动态接口）,https://www.cdpee.org.cn/,2026年09月17日
江苏省,宿迁市,食品加工处理,宿迁市宿城区陆小青猪肉批发经营部,江苏省·宿迁市·湖滨新区,小学,100,"视力残疾3,4级;听力残疾3,4级;肢体残疾3,4级;智力残疾4级;多重残疾3,4级;",是,见原平台,中国残联就业服务平台（动态接口）,https://www.cdpee.org.cn/,2026年09月17日
湖南省,株洲市,垃圾清运工,湖南仁仁洁国际清洁科技集团股份有限公司荷塘分公司,湖南省·株洲市·荷塘区,学历不限,1,言语残疾1级;智力残疾1级;,是,见原平台,中国残联就业服务平台（动态接口）,https://www.cdpee.org.cn/,2026年09月17日
江苏省,徐州市,江苏徐州组件工+早八晚六+包吃+五险+坐班,陕西致广人力资源有限公司,江苏省·徐州市·邳州市,学历不限,20,"视力残疾1-4级;听力残疾1-4级;言语残疾1-4级;肢体残疾1-4级;智力残疾3,4级;多重残疾1-4级;",是,见原平台,中国残联就业服务平台（动态接口）,https://www.cdpee.org.cn/,2026年09月17日
广东省,江门市,生产工,江门市霞光照明电器有限公司,广东省·江门市·蓬江区,学历不限,1,听力残疾2-4级;言语残疾2-4级;肢体残疾4级;智力残疾4级;多重残疾4级;,是,见原平台,中国残联就业服务平台（动态接口）,https://www.cdpee.org.cn/,2026年09月17日
上海市,上海市,行政助理（上海闵行区）,北京易才人力资源顾问有限公司,上海市·上海市·闵行区,大专,1,视力残疾1-3级;听力残疾1-3级;言语残疾1-3级;肢体残疾1-3级;智力残疾1-3级;精神残疾1-3级;多重残疾1-3级;,是,见原平台,中国残联就业服务平台（动态接口）,https://www.cdpee.org.cn/,2026年08月17日
江苏省,南京市,HR招聘,北京易才人力资源顾问有限公司,江苏省·南京市·建邺区,大专,1,视力残疾1-3级;听力残疾1-3级;言语残疾1-3级;肢体残疾1-3级;智力残疾1-3级;精神残疾1-3级;多重残疾1-3级;,是,见原平台,中国残联就业服务平台（动态接口）,https://www.cdpee.org.cn/,2026年05月22日
四川省,成都市,成都急招（残疾人福利岗）五险一金，长白8小时，高薪技术岗,广州海仑企业服务有限公司,四川省·成都市·锦江区,学历不限,3,视力残疾1-4级;听力残疾1-4级;言语残疾1-4级;肢体残疾1-4级;智力残疾1-4级;精神残疾1-4级;多重残疾1-4级;,是,见原平台,中国残联就业服务平台（动态接口）,https://www.cdpee.org.cn/,2026年09月17日
江苏省,盐城市,台球教练,亭湖区凯凯台球中心,江苏省·盐城市·亭湖区,学历不限,,视力残疾1-4级;听力残疾1-4级;言语残疾1-4级;肢体残疾1-4级;智力残疾1-4级;精神残疾1-4级;多重残疾1-4级;,是,见原平台,中国残联就业服务平台（动态接口）,https://www.cdpee.org.cn/,2026年03月02日
天津市,天津市,天津档案处理员，双休，8小时，缴纳五险一金,广州海仑企业服务有限公司,天津市·天津市·河东区,学历不限,2,视力残疾1-4级;听力残疾1-4级;言语残疾1-4级;肢体残疾1-4级;智力残疾1-4级;精神残疾1-4级;多重残疾1-4级;,是,见原平台,中国残联就业服务平台（动态接口）,https://www.cdpee.org.cn/,2026年09月17日
云南省,昭通市,艾草加工，种植,云南鑫会盟艾绒制品生产有限公司,云南省·昭通市·巧家县,学历不限,100,视力残疾4级;听力残疾4级;言语残疾4级;肢体残疾4级;智力残疾4级;精神残疾4级;,是,见原平台,中国残联就业服务平台（动态接口）,https://www.cdpee.org.cn/,2026年09月17日
江苏省,宿迁市,食品加工处理,宿迁市宿城区陆小青猪肉批发经营部,江苏省·宿迁市·湖滨新区,小学,100,"视力残疾3,4级;听力残疾3,4级;肢体残疾3,4级;智力残疾4级;多重残疾3,4级;",是,见原平台,中国残联就业服务平台（动态接口）,https://www.cdpee.org.cn/,2026年09月17日
湖南省,株洲市,垃圾清运工,湖南仁仁洁国际清洁科技集团股份有限公司荷塘分公司,湖南省·株洲市·荷塘区,学历不限,1,言语残疾1级;智力残疾1级;,是,见原平台,中国残联就业服务平台（动态接口）,https://www.cdpee.org.cn/,2026年09月17日
江苏省,徐州市,江苏徐州组件工+早八晚六+包吃+五险+坐班,陕西致广人力资源有限公司,江苏省·徐州市·邳州市,学历不限,20,"视力残疾1-4级;听力残疾1-4级;言语残疾1-4级;肢体残疾1-4级;智力残疾3,4级;多重残疾1-4级;",是,见原平台,中国残联就业服务平台（动态接口）,https://www.cdpee.org.cn/,2026年09月17日
广东省,江门市,生产工,江门市霞光照明电器有限公司,广东省·江门市·蓬江区,学历不限,1,听力残疾2-4级;言语残疾2-4级;肢体残疾4级;智力残疾4级;多重残疾4级;,是,见原平台,中国残联就业服务平台（动态接口）,https://www.cdpee.org.cn/,2026年09月17日
上海市,上海市,行政助理（上海闵行区）,北京易才人力资源顾问有限公司,上海市·上海市·闵行区,大专,1,视力残疾1-3级;听力残疾1-3级;言语残疾1-3级;肢体残疾1-3级;智力残疾1-3级;精神残疾1-3级;多重残疾1-3级;,是,见原平台,中国残联就业服务平台（动态接口）,https://www.cdpee.org.cn/,2026年08月17日
江苏省,南京市,HR招聘,北京易才人力资源顾问有限公司,江苏省·南京市·建邺区,大专,1,视力残疾1-3级;听力残疾1-3级;言语残疾1-3级;肢体残疾1-3级;智力残疾1-3级;精神残疾1-3级;多重残疾1-3级;,是,见原平台,中国残联就业服务平台（动态接口）,https://www.cdpee.org.cn/,2026年05月22日
四川省,成都市,成都急招（残疾人福利岗）五险一金，长白8小时，高薪技术岗,广州海仑企业服务有限公司,四川省·成都市·锦江区,学历不限,3,视力残疾1-4级;听力残疾1-4级;言语残疾1-4级;肢体残疾1-4级;智力残疾1-4级;精神残疾1-4级;多重残疾1-4级;,是,见原平台,中国残联就业服务平台（动态接口）,https://www.cdpee.org.cn/,2026年09月17日
江苏省,盐城市,台球教练,亭湖区凯凯台球中心,江苏省·盐城市·亭湖区,学历不限,,视力残疾1-4级;听力残疾1-4级;言语残疾1-4级;肢体残疾1-4级;智力残疾1-4级;精神残疾1-4级;多重残疾1-4级;,是,见原平台,中国残联就业服务平台（动态接口）,https://www.cdpee.org.cn/,2026年03月02日
天津市,天津市,天津档案处理员，双休，8小时，缴纳五险一金,广州海仑企业服务有限公司,天津市·天津市·河东区,学历不限,2,视力残疾1-4级;听力残疾1-4级;言语残疾1-4级;肢体残疾1-4级;智力残疾1-4级;精神残疾1-4级;多重残疾1-4级;,是,见原平台,中国残联就业服务平台（动态接口）,https://www.cdpee.org.cn/,2026年09月17日
云南省,昭通市,艾草加工，种植,云南鑫会盟艾绒制品生产有限公司,云南省·昭通市·巧家县,学历不限,100,视力残疾4级;听力残疾4级;言语残疾4级;肢体残疾4级;智力残疾4级;精神残疾4级;,是,见原平台,中国残联就业服务平台（动态接口）,https://www.cdpee.org.cn/,2026年09月17日
江苏省,宿迁市,食品加工处理,宿迁市宿城区陆小青猪肉批发经营部,江苏省·宿迁市·湖滨新区,小学,100,"视力残疾3,4级;听力残疾3,4级;肢体残疾3,4级;智力残疾4级;多重残疾3,4级;",是,见原平台,中国残联就业服务平台（动态接口）,https://www.cdpee.org.cn/,2026年09月17日
湖南省,株洲市,垃圾清运工,湖南仁仁洁国际清洁科技集团股份有限公司荷塘分公司,湖南省·株洲市·荷塘区,学历不限,1,言语残疾1级;智力残疾1级;,是,见原平台,中国残联就业服务平台（动态接口）,https://www.cdpee.org.cn/,2026年09月17日
江苏省,徐州市,江苏徐州组件工+早八晚六+包吃+五险+坐班,陕西致广人力资源有限公司,江苏省·徐州市·邳州市,学历不限,20,"视力残疾1-4级;听力残疾1-4级;言语残疾1-4级;肢体残疾1-4级;智力残疾3,4级;多重残疾1-4级;",是,见原平台,中国残联就业服务平台（动态接口）,https://www.cdpee.org.cn/,2026年09月17日
广东省,江门市,生产工,江门市霞光照明电器有限公司,广东省·江门市·蓬江区,学历不限,1,听力残疾2-4级;言语残疾2-4级;肢体残疾4级;智力残疾4级;多重残疾4级;,是,见原平台,中国残联就业服务平台（动态接口）,https://www.cdpee.org.cn/,2026年09月17日
上海市,上海市,行政助理（上海闵行区）,北京易才人力资源顾问有限公司,上海市·上海市·闵行区,大专,1,视力残疾1-3级;听力残疾1-3级;言语残疾1-3级;肢体残疾1-3级;智力残疾1-3级;精神残疾1-3级;多重残疾1-3级;,是,见原平台,中国残联就业服务平台（动态接口）,https://www.cdpee.org.cn/,2026年08月17日
江苏省,南京市,HR招聘,北京易才人力资源顾问有限公司,江苏省·南京市·建邺区,大专,1,视力残疾1-3级;听力残疾1-3级;言语残疾1-3级;肢体残疾1-3级;智力残疾1-3级;精神残疾1-3级;多重残疾1-3级;,是,见原平台,中国残联就业服务平台（动态接口）,https://www.cdpee.org.cn/,2026年05月22日
四川省,成都市,成都急招（残疾人福利岗）五险一金，长白8小时，高薪技术岗,广州海仑企业服务有限公司,四川省·成都市·锦江区,学历不限,3,视力残疾1-4级;听力残疾1-4级;言语残疾1-4级;肢体残疾1-4级;智力残疾1-4级;精神残疾1-4级;多重残疾1-4级;,是,见原平台,中国残联就业服务平台（动态接口）,https://www.cdpee.org.cn/,2026年09月17日
江苏省,盐城市,台球教练,亭湖区凯凯台球中心,江苏省·盐城市·亭湖区,学历不限,,视力残疾1-4级;听力残疾1-4级;言语残疾1-4级;肢体残疾1-4级;智力残疾1-4级;精神残疾1-4级;多重残疾1-4级;,是,见原平台,中国残联就业服务平台（动态接口）,https://www.cdpee.org.cn/,2026年03月02日
天津市,天津市,天津档案处理员，双休，8小时，缴纳五险一金,广州海仑企业服务有限公司,天津市·天津市·河东区,学历不限,2,视力残疾1-4级;听力残疾1-4级;言语残疾1-4级;肢体残疾1-4级;智力残疾1-4级;精神残疾1-4级;多重残疾1-4级;,是,见原平台,中国残联就业服务平台（动态接口）,https://www.cdpee.org.cn/,2026年09月17日
云南省,昭通市,艾草加工，种植,云南鑫会盟艾绒制品生产有限公司,云南省·昭通市·巧家县,学历不限,100,视力残疾4级;听力残疾4级;言语残疾4级;肢体残疾4级;智力残疾4级;精神残疾4级;,是,见原平台,中国残联就业服务平台（动态接口）,https://www.cdpee.org.cn/,2026年09月17日
江苏省,宿迁市,食品加工处理,宿迁市宿城区陆小青猪肉批发经营部,江苏省·宿迁市·湖滨新区,小学,100,"视力残疾3,4级;听力残疾3,4级;肢体残疾3,4级;智力残疾4级;多重残疾3,4级;",是,见原平台,中国残联就业服务平台（动态接口）,https://www.cdpee.org.cn/,2026年09月17日
湖南省,株洲市,垃圾清运工,湖南仁仁洁国际清洁科技集团股份有限公司荷塘分公司,湖南省·株洲市·荷塘区,学历不限,1,言语残疾1级;智力残疾1级;,是,见原平台,中国残联就业服务平台（动态接口）,https://www.cdpee.org.cn/,2026年09月17日
江苏省,徐州市,江苏徐州组件工+早八晚六+包吃+五险+坐班,陕西致广人力资源有限公司,江苏省·徐州市·邳州市,学历不限,20,"视力残疾1-4级;听力残疾1-4级;言语残疾1-4级;肢体残疾1-4级;智力残疾3,4级;多重残疾1-4级;",是,见原平台,中国残联就业服务平台（动态接口）,https://www.cdpee.org.cn/,2026年09月17日
广东省,江门市,生产工,江门市霞光照明电器有限公司,广东省·江门市·蓬江区,学历不限,1,听力残疾2-4级;言语残疾2-4级;肢体残疾4级;智力残疾4级;多重残疾4级;,是,见原平台,中国残联就业服务平台（动态接口）,https://www.cdpee.org.cn/,2026年09月17日
上海市,上海市,行政助理（上海闵行区）,北京易才人力资源顾问有限公司,上海市·上海市·闵行区,大专,1,视力残疾1-3级;听力残疾1-3级;言语残疾1-3级;肢体残疾1-3级;智力残疾1-3级;精神残疾1-3级;多重残疾1-3级;,是,见原平台,中国残联就业服务平台（动态接口）,https://www.cdpee.org.cn/,2026年08月17日
江苏省,南京市,HR招聘,北京易才人力资源顾问有限公司,江苏省·南京市·建邺区,大专,1,视力残疾1-3级;听力残疾1-3级;言语残疾1-3级;肢体残疾1-3级;智力残疾1-3级;精神残疾1-3级;多重残疾1-3级;,是,见原平台,中国残联就业服务平台（动态接口）,https://www.cdpee.org.cn/,2026年05月22日
四川省,成都市,成都急招（残疾人福利岗）五险一金，长白8小时，高薪技术岗,广州海仑企业服务有限公司,四川省·成都市·锦江区,学历不限,3,视力残疾1-4级;听力残疾1-4级;言语残疾1-4级;肢体残疾1-4级;智力残疾1-4级;精神残疾1-4级;多重残疾1-4级;,是,见原平台,中国残联就业服务平台（动态接口）,https://www.cdpee.org.cn/,2026年09月17日
江苏省,盐城市,台球教练,亭湖区凯凯台球中心,江苏省·盐城市·亭湖区,学历不限,,视力残疾1-4级;听力残疾1-4级;言语残疾1-4级;肢体残疾1-4级;智力残疾1-4级;精神残疾1-4级;多重残疾1-4级;,是,见原平台,中国残联就业服务平台（动态接口）,https://www.cdpee.org.cn/,2026年03月02日
天津市,天津市,天津档案处理员，双休，8小时，缴纳五险一金,广州海仑企业服务有限公司,天津市·天津市·河东区,学历不限,2,视力残疾1-4级;听力残疾1-4级;言语残疾1-4级;肢体残疾1-4级;智力残疾1-4级;精神残疾1-4级;多重残疾1-4级;,是,见原平台,中国残联就业服务平台（动态接口）,https://www.cdpee.org.cn/,2026年09月17日
云南省,昭通市,艾草加工，种植,云南鑫会盟艾绒制品生产有限公司,云南省·昭通市·巧家县,学历不限,100,视力残疾4级;听力残疾4级;言语残疾4级;肢体残疾4级;智力残疾4级;精神残疾4级;,是,见原平台,中国残联就业服务平台（动态接口）,https://www.cdpee.org.cn/,2026年09月17日
江苏省,宿迁市,食品加工处理,宿迁市宿城区陆小青猪肉批发经营部,江苏省·宿迁市·湖滨新区,小学,100,"视力残疾3,4级;听力残疾3,4级;肢体残疾3,4级;智力残疾4级;多重残疾3,4级;",是,见原平台,中国残联就业服务平台（动态接口）,https://www.cdpee.org.cn/,2026年09月17日
湖南省,株洲市,垃圾清运工,湖南仁仁洁国际清洁科技集团股份有限公司荷塘分公司,湖南省·株洲市·荷塘区,学历不限,1,言语残疾1级;智力残疾1级;,是,见原平台,中国残联就业服务平台（动态接口）,https://www.cdpee.org.cn/,2026年09月17日
江苏省,徐州市,江苏徐州组件工+早八晚六+包吃+五险+坐班,陕西致广人力资源有限公司,江苏省·徐州市·邳州市,学历不限,20,"视力残疾1-4级;听力残疾1-4级;言语残疾1-4级;肢体残疾1-4级;智力残疾3,4级;多重残疾1-4级;",是,见原平台,中国残联就业服务平台（动态接口）,https://www.cdpee.org.cn/,2026年09月17日
广东省,江门市,生产工,江门市霞光照明电器有限公司,广东省·江门市·蓬江区,学历不限,1,听力残疾2-4级;言语残疾2-4级;肢体残疾4级;智力残疾4级;多重残疾4级;,是,见原平台,中国残联就业服务平台（动态接口）,https://www.cdpee.org.cn/,2026年09月17日
上海市,上海市,行政助理（上海闵行区）,北京易才人力资源顾问有限公司,上海市·上海市·闵行区,大专,1,视力残疾1-3级;听力残疾1-3级;言语残疾1-3级;肢体残疾1-3级;智力残疾1-3级;精神残疾1-3级;多重残疾1-3级;,是,见原平台,中国残联就业服务平台（动态接口）,https://www.cdpee.org.cn/,2026年08月17日
江苏省,南京市,HR招聘,北京易才人力资源顾问有限公司,江苏省·南京市·建邺区,大专,1,视力残疾1-3级;听力残疾1-3级;言语残疾1-3级;肢体残疾1-3级;智力残疾1-3级;精神残疾1-3级;多重残疾1-3级;,是,见原平台,中国残联就业服务平台（动态接口）,https://www.cdpee.org.cn/,2026年05月22日
四川省,成都市,成都急招（残疾人福利岗）五险一金，长白8小时，高薪技术岗,广州海仑企业服务有限公司,四川省·成都市·锦江区,学历不限,3,视力残疾1-4级;听力残疾1-4级;言语残疾1-4级;肢体残疾1-4级;智力残疾1-4级;精神残疾1-4级;多重残疾1-4级;,是,见原平台,中国残联就业服务平台（动态接口）,https://www.cdpee.org.cn/,2026年09月17日
江苏省,盐城市,台球教练,亭湖区凯凯台球中心,江苏省·盐城市·亭湖区,学历不限,,视力残疾1-4级;听力残疾1-4级;言语残疾1-4级;肢体残疾1-4级;智力残疾1-4级;精神残疾1-4级;多重残疾1-4级;,是,见原平台,中国残联就业服务平台（动态接口）,https://www.cdpee.org.cn/,2026年03月02日
天津市,天津市,天津档案处理员，双休，8小时，缴纳五险一金,广州海仑企业服务有限公司,天津市·天津市·河东区,学历不限,2,视力残疾1-4级;听力残疾1-4级;言语残疾1-4级;肢体残疾1-4级;智力残疾1-4级;精神残疾1-4级;多重残疾1-4级;,是,见原平台,中国残联就业服务平台（动态接口）,https://www.cdpee.org.cn/,2026年09月17日
云南省,昭通市,艾草加工，种植,云南鑫会盟艾绒制品生产有限公司,云南省·昭通市·巧家县,学历不限,100,视力残疾4级;听力残疾4级;言语残疾4级;肢体残疾4级;智力残疾4级;精神残疾4级;,是,见原平台,中国残联就业服务平台（动态接口）,https://www.cdpee.org.cn/,2026年09月17日
江苏省,宿迁市,食品加工处理,宿迁市宿城区陆小青猪肉批发经营部,江苏省·宿迁市·湖滨新区,小学,100,"视力残疾3,4级;听力残疾3,4级;肢体残疾3,4级;智力残疾4级;多重残疾3,4级;",是,见原平台,中国残联就业服务平台（动态接口）,https://www.cdpee.org.cn/,2026年09月17日
湖南省,株洲市,垃圾清运工,湖南仁仁洁国际清洁科技集团股份有限公司荷塘分公司,湖南省·株洲市·荷塘区,学历不限,1,言语残疾1级;智力残疾1级;,是,见原平台,中国残联就业服务平台（动态接口）,https://www.cdpee.org.cn/,2026年09月17日
江苏省,徐州市,江苏徐州组件工+早八晚六+包吃+五险+坐班,陕西致广人力资源有限公司,江苏省·徐州市·邳州市,学历不限,20,"视力残疾1-4级;听力残疾1-4级;言语残疾1-4级;肢体残疾1-4级;智力残疾3,4级;多重残疾1-4级;",是,见原平台,中国残联就业服务平台（动态接口）,https://www.cdpee.org.cn/,2026年09月17日
广东省,江门市,生产工,江门市霞光照明电器有限公司,广东省·江门市·蓬江区,学历不限,1,听力残疾2-4级;言语残疾2-4级;肢体残疾4级;智力残疾4级;多重残疾4级;,是,见原平台,中国残联就业服务平台（动态接口）,https://www.cdpee.org.cn/,2026年09月17日
上海市,上海市,行政助理（上海闵行区）,北京易才人力资源顾问有限公司,上海市·上海市·闵行区,大专,1,视力残疾1-3级;听力残疾1-3级;言语残疾1-3级;肢体残疾1-3级;智力残疾1-3级;精神残疾1-3级;多重残疾1-3级;,是,见原平台,中国残联就业服务平台（动态接口）,https://www.cdpee.org.cn/,2026年08月17日
江苏省,南京市,HR招聘,北京易才人力资源顾问有限公司,江苏省·南京市·建邺区,大专,1,视力残疾1-3级;听力残疾1-3级;言语残疾1-3级;肢体残疾1-3级;智力残疾1-3级;精神残疾1-3级;多重残疾1-3级;,是,见原平台,中国残联就业服务平台（动态接口）,https://www.cdpee.org.cn/,2026年05月22日
四川省,成都市,成都急招（残疾人福利岗）五险一金，长白8小时，高薪技术岗,广州海仑企业服务有限公司,四川省·成都市·锦江区,学历不限,3,视力残疾1-4级;听力残疾1-4级;言语残疾1-4级;肢体残疾1-4级;智力残疾1-4级;精神残疾1-4级;多重残疾1-4级;,是,见原平台,中国残联就业服务平台（动态接口）,https://www.cdpee.org.cn/,2026年09月17日
江苏省,盐城市,台球教练,亭湖区凯凯台球中心,江苏省·盐城市·亭湖区,学历不限,,视力残疾1-4级;听力残疾1-4级;言语残疾1-4级;肢体残疾1-4级;智力残疾1-4级;精神残疾1-4级;多重残疾1-4级;,是,见原平台,中国残联就业服务平台（动态接口）,https://www.cdpee.org.cn/,2026年03月02日
天津市,天津市,天津档案处理员，双休，8小时，缴纳五险一金,广州海仑企业服务有限公司,天津市·天津市·河东区,学历不限,2,视力残疾1-4级;听力残疾1-4级;言语残疾1-4级;肢体残疾1-4级;智力残疾1-4级;精神残疾1-4级;多重残疾1-4级;,是,见原平台,中国残联就业服务平台（动态接口）,https://www.cdpee.org.cn/,2026年09月17日
云南省,昭通市,艾草加工，种植,云南鑫会盟艾绒制品生产有限公司,云南省·昭通市·巧家县,学历不限,100,视力残疾4级;听力残疾4级;言语残疾4级;肢体残疾4级;智力残疾4级;精神残疾4级;,是,见原平台,中国残联就业服务平台（动态接口）,https://www.cdpee.org.cn/,2026年09月17日
江苏省,宿迁市,食品加工处理,宿迁市宿城区陆小青猪肉批发经营部,江苏省·宿迁市·湖滨新区,小学,100,"视力残疾3,4级;听力残疾3,4级;肢体残疾3,4级;智力残疾4级;多重残疾3,4级;",是,见原平台,中国残联就业服务平台（动态接口）,https://www.cdpee.org.cn/,2026年09月17日
湖南省,株洲市,垃圾清运工,湖南仁仁洁国际清洁科技集团股份有限公司荷塘分公司,湖南省·株洲市·荷塘区,学历不限,1,言语残疾1级;智力残疾1级;,是,见原平台,中国残联就业服务平台（动态接口）,https://www.cdpee.org.cn/,2026年09月17日
江苏省,徐州市,江苏徐州组件工+早八晚六+包吃+五险+坐班,陕西致广人力资源有限公司,江苏省·徐州市·邳州市,学历不限,20,"视力残疾1-4级;听力残疾1-4级;言语残疾1-4级;肢体残疾1-4级;智力残疾3,4级;多重残疾1-4级;",是,见原平台,中国残联就业服务平台（动态接口）,https://www.cdpee.org.cn/,2026年09月17日
广东省,江门市,生产工,江门市霞光照明电器有限公司,广东省·江门市·蓬江区,学历不限,1,听力残疾2-4级;言语残疾2-4级;肢体残疾4级;智力残疾4级;多重残疾4级;,是,见原平台,中国残联就业服务平台（动态接口）,https://www.cdpee.org.cn/,2026年09月17日
上海市,上海市,行政助理（上海闵行区）,北京易才人力资源顾问有限公司,上海市·上海市·闵行区,大专,1,视力残疾1-3级;听力残疾1-3级;言语残疾1-3级;肢体残疾1-3级;智力残疾1-3级;精神残疾1-3级;多重残疾1-3级;,是,见原平台,中国残联就业服务平台（动态接口）,https://www.cdpee.org.cn/,2026年08月17日
江苏省,南京市,HR招聘,北京易才人力资源顾问有限公司,江苏省·南京市·建邺区,大专,1,视力残疾1-3级;听力残疾1-3级;言语残疾1-3级;肢体残疾1-3级;智力残疾1-3级;精神残疾1-3级;多重残疾1-3级;,是,见原平台,中国残联就业服务平台（动态接口）,https://www.cdpee.org.cn/,2026年05月22日
四川省,成都市,成都急招（残疾人福利岗）五险一金，长白8小时，高薪技术岗,广州海仑企业服务有限公司,四川省·成都市·锦江区,学历不限,3,视力残疾1-4级;听力残疾1-4级;言语残疾1-4级;肢体残疾1-4级;智力残疾1-4级;精神残疾1-4级;多重残疾1-4级;,是,见原平台,中国残联就业服务平台（动态接口）,https://www.cdpee.org.cn/,2026年09月17日
江苏省,盐城市,台球教练,亭湖区凯凯台球中心,江苏省·盐城市·亭湖区,学历不限,,视力残疾1-4级;听力残疾1-4级;言语残疾1-4级;肢体残疾1-4级;智力残疾1-4级;精神残疾1-4级;多重残疾1-4级;,是,见原平台,中国残联就业服务平台（动态接口）,https://www.cdpee.org.cn/,2026年03月02日
天津市,天津市,天津档案处理员，双休，8小时，缴纳五险一金,广州海仑企业服务有限公司,天津市·天津市·河东区,学历不限,2,视力残疾1-4级;听力残疾1-4级;言语残疾1-4级;肢体残疾1-4级;智力残疾1-4级;精神残疾1-4级;多重残疾1-4级;,是,见原平台,中国残联就业服务平台（动态接口）,https://www.cdpee.org.cn/,2026年09月17日
云南省,昭通市,艾草加工，种植,云南鑫会盟艾绒制品生产有限公司,云南省·昭通市·巧家县,学历不限,100,视力残疾4级;听力残疾4级;言语残疾4级;肢体残疾4级;智力残疾4级;精神残疾4级;,是,见原平台,中国残联就业服务平台（动态接口）,https://www.cdpee.org.cn/,2026年09月17日
江苏省,宿迁市,食品加工处理,宿迁市宿城区陆小青猪肉批发经营部,江苏省·宿迁市·湖滨新区,小学,100,"视力残疾3,4级;听力残疾3,4级;肢体残疾3,4级;智力残疾4级;多重残疾3,4级;",是,见原平台,中国残联就业服务平台（动态接口）,https://www.cdpee.org.cn/,2026年09月17日
湖南省,株洲市,垃圾清运工,湖南仁仁洁国际清洁科技集团股份有限公司荷塘分公司,湖南省·株洲市·荷塘区,学历不限,1,言语残疾1级;智力残疾1级;,是,见原平台,中国残联就业服务平台（动态接口）,https://www.cdpee.org.cn/,2026年09月17日
江苏省,徐州市,江苏徐州组件工+早八晚六+包吃+五险+坐班,陕西致广人力资源有限公司,江苏省·徐州市·邳州市,学历不限,20,"视力残疾1-4级;听力残疾1-4级;言语残疾1-4级;肢体残疾1-4级;智力残疾3,4级;多重残疾1-4级;",是,见原平台,中国残联就业服务平台（动态接口）,https://www.cdpee.org.cn/,2026年09月17日
广东省,江门市,生产工,江门市霞光照明电器有限公司,广东省·江门市·蓬江区,学历不限,1,听力残疾2-4级;言语残疾2-4级;肢体残疾4级;智力残疾4级;多重残疾4级;,是,见原平台,中国残联就业服务平台（动态接口）,https://www.cdpee.org.cn/,2026年09月17日
上海市,上海市,行政助理（上海闵行区）,北京易才人力资源顾问有限公司,上海市·上海市·闵行区,大专,1,视力残疾1-3级;听力残疾1-3级;言语残疾1-3级;肢体残疾1-3级;智力残疾1-3级;精神残疾1-3级;多重残疾1-3级;,是,见原平台,中国残联就业服务平台（动态接口）,https://www.cdpee.org.cn/,2026年08月17日
江苏省,南京市,HR招聘,北京易才人力资源顾问有限公司,江苏省·南京市·建邺区,大专,1,视力残疾1-3级;听力残疾1-3级;言语残疾1-3级;肢体残疾1-3级;智力残疾1-3级;精神残疾1-3级;多重残疾1-3级;,是,见原平台,中国残联就业服务平台（动态接口）,https://www.cdpee.org.cn/,2026年05月22日
四川省,成都市,成都急招（残疾人福利岗）五险一金，长白8小时，高薪技术岗,广州海仑企业服务有限公司,四川省·成都市·锦江区,学历不限,3,视力残疾1-4级;听力残疾1-4级;言语残疾1-4级;肢体残疾1-4级;智力残疾1-4级;精神残疾1-4级;多重残疾1-4级;,是,见原平台,中国残联就业服务平台（动态接口）,https://www.cdpee.org.cn/,2026年09月17日
江苏省,盐城市,台球教练,亭湖区凯凯台球中心,江苏省·盐城市·亭湖区,学历不限,,视力残疾1-4级;听力残疾1-4级;言语残疾1-4级;肢体残疾1-4级;智力残疾1-4级;精神残疾1-4级;多重残疾1-4级;,是,见原平台,中国残联就业服务平台（动态接口）,https://www.cdpee.org.cn/,2026年03月02日
天津市,天津市,天津档案处理员，双休，8小时，缴纳五险一金,广州海仑企业服务有限公司,天津市·天津市·河东区,学历不限,2,视力残疾1-4级;听力残疾1-4级;言语残疾1-4级;肢体残疾1-4级;智力残疾1-4级;精神残疾1-4级;多重残疾1-4级;,是,见原平台,中国残联就业服务平台（动态接口）,https://www.cdpee.org.cn/,2026年09月17日
云南省,昭通市,艾草加工，种植,云南鑫会盟艾绒制品生产有限公司,云南省·昭通市·巧家县,学历不限,100,视力残疾4级;听力残疾4级;言语残疾4级;肢体残疾4级;智力残疾4级;精神残疾4级;,是,见原平台,中国残联就业服务平台（动态接口）,https://www.cdpee.org.cn/,2026年09月17日
江苏省,宿迁市,食品加工处理,宿迁市宿城区陆小青猪肉批发经营部,江苏省·宿迁市·湖滨新区,小学,100,"视力残疾3,4级;听力残疾3,4级;肢体残疾3,4级;智力残疾4级;多重残疾3,4级;",是,见原平台,中国残联就业服务平台（动态接口）,https://www.cdpee.org.cn/,2026年09月17日
湖南省,株洲市,垃圾清运工,湖南仁仁洁国际清洁科技集团股份有限公司荷塘分公司,湖南省·株洲市·荷塘区,学历不限,1,言语残疾1级;智力残疾1级;,是,见原平台,中国残联就业服务平台（动态接口）,https://www.cdpee.org.cn/,2026年09月17日
江苏省,徐州市,江苏徐州组件工+早八晚六+包吃+五险+坐班,陕西致广人力资源有限公司,江苏省·徐州市·邳州市,学历不限,20,"视力残疾1-4级;听力残疾1-4级;言语残疾1-4级;肢体残疾1-4级;智力残疾3,4级;多重残疾1-4级;",是,见原平台,中国残联就业服务平台（动态接口）,https://www.cdpee.org.cn/,2026年09月17日
广东省,江门市,生产工,江门市霞光照明电器有限公司,广东省·江门市·蓬江区,学历不限,1,听力残疾2-4级;言语残疾2-4级;肢体残疾4级;智力残疾4级;多重残疾4级;,是,见原平台,中国残联就业服务平台（动态接口）,https://www.cdpee.org.cn/,2026年09月17日
上海市,上海市,行政助理（上海闵行区）,北京易才人力资源顾问有限公司,上海市·上海市·闵行区,大专,1,视力残疾1-3级;听力残疾1-3级;言语残疾1-3级;肢体残疾1-3级;智力残疾1-3级;精神残疾1-3级;多重残疾1-3级;,是,见原平台,中国残联就业服务平台（动态接口）,https://www.cdpee.org.cn/,2026年08月17日
江苏省,南京市,HR招聘,北京易才人力资源顾问有限公司,江苏省·南京市·建邺区,大专,1,视力残疾1-3级;听力残疾1-3级;言语残疾1-3级;肢体残疾1-3级;智力残疾1-3级;精神残疾1-3级;多重残疾1-3级;,是,见原平台,中国残联就业服务平台（动态接口）,https://www.cdpee.org.cn/,2026年05月22日
四川省,成都市,成都急招（残疾人福利岗）五险一金，长白8小时，高薪技术岗,广州海仑企业服务有限公司,四川省·成都市·锦江区,学历不限,3,视力残疾1-4级;听力残疾1-4级;言语残疾1-4级;肢体残疾1-4级;智力残疾1-4级;精神残疾1-4级;多重残疾1-4级;,是,见原平台,中国残联就业服务平台（动态接口）,https://www.cdpee.org.cn/,2026年09月17日
江苏省,盐城市,台球教练,亭湖区凯凯台球中心,江苏省·盐城市·亭湖区,学历不限,,视力残疾1-4级;听力残疾1-4级;言语残疾1-4级;肢体残疾1-4级;智力残疾1-4级;精神残疾1-4级;多重残疾1-4级;,是,见原平台,中国残联就业服务平台（动态接口）,https://www.cdpee.org.cn/,2026年03月02日
天津市,天津市,天津档案处理员，双休，8小时，缴纳五险一金,广州海仑企业服务有限公司,天津市·天津市·河东区,学历不限,2,视力残疾1-4级;听力残疾1-4级;言语残疾1-4级;肢体残疾1-4级;智力残疾1-4级;精神残疾1-4级;多重残疾1-4级;,是,见原平台,中国残联就业服务平台（动态接口）,https://www.cdpee.org.cn/,2026年09月17日
云南省,昭通市,艾草加工，种植,云南鑫会盟艾绒制品生产有限公司,云南省·昭通市·巧家县,学历不限,100,视力残疾4级;听力残疾4级;言语残疾4级;肢体残疾4级;智力残疾4级;精神残疾4级;,是,见原平台,中国残联就业服务平台（动态接口）,https://www.cdpee.org.cn/,2026年09月17日
江苏省,宿迁市,食品加工处理,宿迁市宿城区陆小青猪肉批发经营部,江苏省·宿迁市·湖滨新区,小学,100,"视力残疾3,4级;听力残疾3,4级;肢体残疾3,4级;智力残疾4级;多重残疾3,4级;",是,见原平台,中国残联就业服务平台（动态接口）,https://www.cdpee.org.cn/,2026年09月17日
湖南省,株洲市,垃圾清运工,湖南仁仁洁国际清洁科技集团股份有限公司荷塘分公司,湖南省·株洲市·荷塘区,学历不限,1,言语残疾1级;智力残疾1级;,是,见原平台,中国残联就业服务平台（动态接口）,https://www.cdpee.org.cn/,2026年09月17日
河南省,商丘市,烘焙中工,睢县乐晴食品店（个体工商户）,河南省·商丘市·睢县,学历不限,,视力残疾1-4级;听力残疾1-4级;言语残疾1-4级;肢体残疾1-4级;智力残疾1-4级;精神残疾1-4级;多重残疾1-4级;,是,见原平台,中国残联就业服务平台（动态接口）,https://www.cdpee.org.cn/,2026年04月20日
江苏省,徐州市,江苏徐州组件工+早八晚六+包吃+五险+坐班,陕西致广人力资源有限公司,江苏省·徐州市·邳州市,学历不限,20,"视力残疾1-4级;听力残疾1-4级;言语残疾1-4级;肢体残疾1-4级;智力残疾3,4级;多重残疾1-4级;",是,见原平台,中国残联就业服务平台（动态接口）,https://www.cdpee.org.cn/,2026年09月17日
浙江省,台州市,婚礼策划,台州靓点文化传播有限公司,浙江省·台州市·温岭市,学历不限,,视力残疾1-4级;听力残疾1-4级;言语残疾1-4级;肢体残疾1-4级;智力残疾1-4级;精神残疾1-4级;多重残疾1-4级;,是,见原平台,中国残联就业服务平台（动态接口）,https://www.cdpee.org.cn/,2026年02月27日
广东省,江门市,生产工,江门市霞光照明电器有限公司,广东省·江门市·蓬江区,学历不限,1,听力残疾2-4级;言语残疾2-4级;肢体残疾4级;智力残疾4级;多重残疾4级;,是,见原平台,中国残联就业服务平台（动态接口）,https://www.cdpee.org.cn/,2026年09月17日
上海市,上海市,行政助理（上海闵行区）,北京易才人力资源顾问有限公司,上海市·上海市·闵行区,大专,1,视力残疾1-3级;听力残疾1-3级;言语残疾1-3级;肢体残疾1-3级;智力残疾1-3级;精神残疾1-3级;多重残疾1-3级;,是,见原平台,中国残联就业服务平台（动态接口）,https://www.cdpee.org.cn/,2026年08月17日
江苏省,南京市,HR招聘,北京易才人力资源顾问有限公司,江苏省·南京市·建邺区,大专,1,视力残疾1-3级;听力残疾1-3级;言语残疾1-3级;肢体残疾1-3级;智力残疾1-3级;精神残疾1-3级;多重残疾1-3级;,是,见原平台,中国残联就业服务平台（动态接口）,https://www.cdpee.org.cn/,2026年05月22日
四川省,成都市,成都急招（残疾人福利岗）五险一金，长白8小时，高薪技术岗,广州海仑企业服务有限公司,四川省·成都市·锦江区,学历不限,3,视力残疾1-4级;听力残疾1-4级;言语残疾1-4级;肢体残疾1-4级;智力残疾1-4级;精神残疾1-4级;多重残疾1-4级;,是,见原平台,中国残联就业服务平台（动态接口）,https://www.cdpee.org.cn/,2026年09月17日
天津市,天津市,天津档案处理员，双休，8小时，缴纳五险一金,广州海仑企业服务有限公司,天津市·天津市·河东区,学历不限,2,视力残疾1-4级;听力残疾1-4级;言语残疾1-4级;肢体残疾1-4级;智力残疾1-4级;精神残疾1-4级;多重残疾1-4级;,是,见原平台,中国残联就业服务平台（动态接口）,https://www.cdpee.org.cn/,2026年09月17日
云南省,昭通市,艾草加工，种植,云南鑫会盟艾绒制品生产有限公司,云南省·昭通市·巧家县,学历不限,100,视力残疾4级;听力残疾4级;言语残疾4级;肢体残疾4级;智力残疾4级;精神残疾4级;,是,见原平台,中国残联就业服务平台（动态接口）,https://www.cdpee.org.cn/,2026年09月17日
江苏省,宿迁市,食品加工处理,宿迁市宿城区陆小青猪肉批发经营部,江苏省·宿迁市·湖滨新区,小学,100,"视力残疾3,4级;听力残疾3,4级;肢体残疾3,4级;智力残疾4级;多重残疾3,4级;",是,见原平台,中国残联就业服务平台（动态接口）,https://www.cdpee.org.cn/,2026年09月17日
湖南省,株洲市,垃圾清运工,湖南仁仁洁国际清洁科技集团股份有限公司荷塘分公司,湖南省·株洲市·荷塘区,学历不限,1,言语残疾1级;智力残疾1级;,是,见原平台,中国残联就业服务平台（动态接口）,https://www.cdpee.org.cn/,2026年09月17日
河南省,商丘市,烘焙中工,睢县乐晴食品店（个体工商户）,河南省·商丘市·睢县,学历不限,,视力残疾1-4级;听力残疾1-4级;言语残疾1-4级;肢体残疾1-4级;智力残疾1-4级;精神残疾1-4级;多重残疾1-4级;,是,见原平台,中国残联就业服务平台（动态接口）,https://www.cdpee.org.cn/,2026年04月20日
江苏省,徐州市,江苏徐州组件工+早八晚六+包吃+五险+坐班,陕西致广人力资源有限公司,江苏省·徐州市·邳州市,学历不限,20,"视力残疾1-4级;听力残疾1-4级;言语残疾1-4级;肢体残疾1-4级;智力残疾3,4级;多重残疾1-4级;",是,见原平台,中国残联就业服务平台（动态接口）,https://www.cdpee.org.cn/,2026年09月17日
浙江省,台州市,婚礼策划,台州靓点文化传播有限公司,浙江省·台州市·温岭市,学历不限,,视力残疾1-4级;听力残疾1-4级;言语残疾1-4级;肢体残疾1-4级;智力残疾1-4级;精神残疾1-4级;多重残疾1-4级;,是,见原平台,中国残联就业服务平台（动态接口）,https://www.cdpee.org.cn/,2026年02月27日
广东省,江门市,生产工,江门市霞光照明电器有限公司,广东省·江门市·蓬江区,学历不限,1,听力残疾2-4级;言语残疾2-4级;肢体残疾4级;智力残疾4级;多重残疾4级;,是,见原平台,中国残联就业服务平台（动态接口）,https://www.cdpee.org.cn/,2026年09月17日
上海市,上海市,行政助理（上海闵行区）,北京易才人力资源顾问有限公司,上海市·上海市·闵行区,大专,1,视力残疾1-3级;听力残疾1-3级;言语残疾1-3级;肢体残疾1-3级;智力残疾1-3级;精神残疾1-3级;多重残疾1-3级;,是,见原平台,中国残联就业服务平台（动态接口）,https://www.cdpee.org.cn/,2026年08月17日
江苏省,南京市,HR招聘,北京易才人力资源顾问有限公司,江苏省·南京市·建邺区,大专,1,视力残疾1-3级;听力残疾1-3级;言语残疾1-3级;肢体残疾1-3级;智力残疾1-3级;精神残疾1-3级;多重残疾1-3级;,是,见原平台,中国残联就业服务平台（动态接口）,https://www.cdpee.org.cn/,2026年05月22日
四川省,成都市,成都急招（残疾人福利岗）五险一金，长白8小时，高薪技术岗,广州海仑企业服务有限公司,四川省·成都市·锦江区,学历不限,3,视力残疾1-4级;听力残疾1-4级;言语残疾1-4级;肢体残疾1-4级;智力残疾1-4级;精神残疾1-4级;多重残疾1-4级;,是,见原平台,中国残联就业服务平台（动态接口）,https://www.cdpee.org.cn/,2026年09月17日
天津市,天津市,天津档案处理员，双休，8小时，缴纳五险一金,广州海仑企业服务有限公司,天津市·天津市·河东区,学历不限,2,视力残疾1-4级;听力残疾1-4级;言语残疾1-4级;肢体残疾1-4级;智力残疾1-4级;精神残疾1-4级;多重残疾1-4级;,是,见原平台,中国残联就业服务平台（动态接口）,https://www.cdpee.org.cn/,2026年09月17日
云南省,昭通市,艾草加工，种植,云南鑫会盟艾绒制品生产有限公司,云南省·昭通市·巧家县,学历不限,100,视力残疾4级;听力残疾4级;言语残疾4级;肢体残疾4级;智力残疾4级;精神残疾4级;,是,见原平台,中国残联就业服务平台（动态接口）,https://www.cdpee.org.cn/,2026年09月17日
江苏省,宿迁市,食品加工处理,宿迁市宿城区陆小青猪肉批发经营部,江苏省·宿迁市·湖滨新区,小学,100,"视力残疾3,4级;听力残疾3,4级;肢体残疾3,4级;智力残疾4级;多重残疾3,4级;",是,见原平台,中国残联就业服务平台（动态接口）,https://www.cdpee.org.cn/,2026年09月17日
湖南省,株洲市,垃圾清运工,湖南仁仁洁国际清洁科技集团股份有限公司荷塘分公司,湖南省·株洲市·荷塘区,学历不限,1,言语残疾1级;智力残疾1级;,是,见原平台,中国残联就业服务平台（动态接口）,https://www.cdpee.org.cn/,2026年09月17日
河南省,商丘市,烘焙中工,睢县乐晴食品店（个体工商户）,河南省·商丘市·睢县,学历不限,,视力残疾1-4级;听力残疾1-4级;言语残疾1-4级;肢体残疾1-4级;智力残疾1-4级;精神残疾1-4级;多重残疾1-4级;,是,见原平台,中国残联就业服务平台（动态接口）,https://www.cdpee.org.cn/,2026年04月20日
江苏省,徐州市,江苏徐州组件工+早八晚六+包吃+五险+坐班,陕西致广人力资源有限公司,江苏省·徐州市·邳州市,学历不限,20,"视力残疾1-4级;听力残疾1-4级;言语残疾1-4级;肢体残疾1-4级;智力残疾3,4级;多重残疾1-4级;",是,见原平台,中国残联就业服务平台（动态接口）,https://www.cdpee.org.cn/,2026年09月17日
浙江省,台州市,婚礼策划,台州靓点文化传播有限公司,浙江省·台州市·温岭市,学历不限,,视力残疾1-4级;听力残疾1-4级;言语残疾1-4级;肢体残疾1-4级;智力残疾1-4级;精神残疾1-4级;多重残疾1-4级;,是,见原平台,中国残联就业服务平台（动态接口）,https://www.cdpee.org.cn/,2026年02月27日
广东省,江门市,生产工,江门市霞光照明电器有限公司,广东省·江门市·蓬江区,学历不限,1,听力残疾2-4级;言语残疾2-4级;肢体残疾4级;智力残疾4级;多重残疾4级;,是,见原平台,中国残联就业服务平台（动态接口）,https://www.cdpee.org.cn/,2026年09月17日
上海市,上海市,行政助理（上海闵行区）,北京易才人力资源顾问有限公司,上海市·上海市·闵行区,大专,1,视力残疾1-3级;听力残疾1-3级;言语残疾1-3级;肢体残疾1-3级;智力残疾1-3级;精神残疾1-3级;多重残疾1-3级;,是,见原平台,中国残联就业服务平台（动态接口）,https://www.cdpee.org.cn/,2026年08月17日
江苏省,南京市,HR招聘,北京易才人力资源顾问有限公司,江苏省·南京市·建邺区,大专,1,视力残疾1-3级;听力残疾1-3级;言语残疾1-3级;肢体残疾1-3级;智力残疾1-3级;精神残疾1-3级;多重残疾1-3级;,是,见原平台,中国残联就业服务平台（动态接口）,https://www.cdpee.org.cn/,2026年05月22日
四川省,成都市,成都急招（残疾人福利岗）五险一金，长白8小时，高薪技术岗,广州海仑企业服务有限公司,四川省·成都市·锦江区,学历不限,3,视力残疾1-4级;听力残疾1-4级;言语残疾1-4级;肢体残疾1-4级;智力残疾1-4级;精神残疾1-4级;多重残疾1-4级;,是,见原平台,中国残联就业服务平台（动态接口）,https://www.cdpee.org.cn/,2026年09月17日
天津市,天津市,天津档案处理员，双休，8小时，缴纳五险一金,广州海仑企业服务有限公司,天津市·天津市·河东区,学历不限,2,视力残疾1-4级;听力残疾1-4级;言语残疾1-4级;肢体残疾1-4级;智力残疾1-4级;精神残疾1-4级;多重残疾1-4级;,是,见原平台,中国残联就业服务平台（动态接口）,https://www.cdpee.org.cn/,2026年09月17日
云南省,昭通市,艾草加工，种植,云南鑫会盟艾绒制品生产有限公司,云南省·昭通市·巧家县,学历不限,100,视力残疾4级;听力残疾4级;言语残疾4级;肢体残疾4级;智力残疾4级;精神残疾4级;,是,见原平台,中国残联就业服务平台（动态接口）,https://www.cdpee.org.cn/,2026年09月17日
江苏省,宿迁市,食品加工处理,宿迁市宿城区陆小青猪肉批发经营部,江苏省·宿迁市·湖滨新区,小学,100,"视力残疾3,4级;听力残疾3,4级;肢体残疾3,4级;智力残疾4级;多重残疾3,4级;",是,见原平台,中国残联就业服务平台（动态接口）,https://www.cdpee.org.cn/,2026年09月17日
湖南省,株洲市,垃圾清运工,湖南仁仁洁国际清洁科技集团股份有限公司荷塘分公司,湖南省·株洲市·荷塘区,学历不限,1,言语残疾1级;智力残疾1级;,是,见原平台,中国残联就业服务平台（动态接口）,https://www.cdpee.org.cn/,2026年09月17日
河南省,商丘市,烘焙中工,睢县乐晴食品店（个体工商户）,河南省·商丘市·睢县,学历不限,,视力残疾1-4级;听力残疾1-4级;言语残疾1-4级;肢体残疾1-4级;智力残疾1-4级;精神残疾1-4级;多重残疾1-4级;,是,见原平台,中国残联就业服务平台（动态接口）,https://www.cdpee.org.cn/,2026年04月20日
江苏省,徐州市,江苏徐州组件工+早八晚六+包吃+五险+坐班,陕西致广人力资源有限公司,江苏省·徐州市·邳州市,学历不限,20,"视力残疾1-4级;听力残疾1-4级;言语残疾1-4级;肢体残疾1-4级;智力残疾3,4级;多重残疾1-4级;",是,见原平台,中国残联就业服务平台（动态接口）,https://www.cdpee.org.cn/,2026年09月17日
浙江省,台州市,婚礼策划,台州靓点文化传播有限公司,浙江省·台州市·温岭市,学历不限,,视力残疾1-4级;听力残疾1-4级;言语残疾1-4级;肢体残疾1-4级;智力残疾1-4级;精神残疾1-4级;多重残疾1-4级;,是,见原平台,中国残联就业服务平台（动态接口）,https://www.cdpee.org.cn/,2026年02月27日
广东省,江门市,生产工,江门市霞光照明电器有限公司,广东省·江门市·蓬江区,学历不限,1,听力残疾2-4级;言语残疾2-4级;肢体残疾4级;智力残疾4级;多重残疾4级;,是,见原平台,中国残联就业服务平台（动态接口）,https://www.cdpee.org.cn/,2026年09月17日
上海市,上海市,行政助理（上海闵行区）,北京易才人力资源顾问有限公司,上海市·上海市·闵行区,大专,1,视力残疾1-3级;听力残疾1-3级;言语残疾1-3级;肢体残疾1-3级;智力残疾1-3级;精神残疾1-3级;多重残疾1-3级;,是,见原平台,中国残联就业服务平台（动态接口）,https://www.cdpee.org.cn/,2026年08月17日
江苏省,南京市,HR招聘,北京易才人力资源顾问有限公司,江苏省·南京市·建邺区,大专,1,视力残疾1-3级;听力残疾1-3级;言语残疾1-3级;肢体残疾1-3级;智力残疾1-3级;精神残疾1-3级;多重残疾1-3级;,是,见原平台,中国残联就业服务平台（动态接口）,https://www.cdpee.org.cn/,2026年05月22日
四川省,成都市,成都急招（残疾人福利岗）五险一金，长白8小时，高薪技术岗,广州海仑企业服务有限公司,四川省·成都市·锦江区,学历不限,3,视力残疾1-4级;听力残疾1-4级;言语残疾1-4级;肢体残疾1-4级;智力残疾1-4级;精神残疾1-4级;多重残疾1-4级;,是,见原平台,中国残联就业服务平台（动态接口）,https://www.cdpee.org.cn/,2026年09月17日
天津市,天津市,天津档案处理员，双休，8小时，缴纳五险一金,广州海仑企业服务有限公司,天津市·天津市·河东区,学历不限,2,视力残疾1-4级;听力残疾1-4级;言语残疾1-4级;肢体残疾1-4级;智力残疾1-4级;精神残疾1-4级;多重残疾1-4级;,是,见原平台,中国残联就业服务平台（动态接口）,https://www.cdpee.org.cn/,2026年09月17日
云南省,昭通市,艾草加工，种植,云南鑫会盟艾绒制品生产有限公司,云南省·昭通市·巧家县,学历不限,100,视力残疾4级;听力残疾4级;言语残疾4级;肢体残疾4级;智力残疾4级;精神残疾4级;,是,见原平台,中国残联就业服务平台（动态接口）,https://www.cdpee.org.cn/,2026年09月17日
江苏省,宿迁市,食品加工处理,宿迁市宿城区陆小青猪肉批发经营部,江苏省·宿迁市·湖滨新区,小学,100,"视力残疾3,4级;听力残疾3,4级;肢体残疾3,4级;智力残疾4级;多重残疾3,4级;",是,见原平台,中国残联就业服务平台（动态接口）,https://www.cdpee.org.cn/,2026年09月17日
湖南省,株洲市,垃圾清运工,湖南仁仁洁国际清洁科技集团股份有限公司荷塘分公司,湖南省·株洲市·荷塘区,学历不限,1,言语残疾1级;智力残疾1级;,是,见原平台,中国残联就业服务平台（动态接口）,https://www.cdpee.org.cn/,2026年09月17日
河南省,商丘市,烘焙中工,睢县乐晴食品店（个体工商户）,河南省·商丘市·睢县,学历不限,,视力残疾1-4级;听力残疾1-4级;言语残疾1-4级;肢体残疾1-4级;智力残疾1-4级;精神残疾1-4级;多重残疾1-4级;,是,见原平台,中国残联就业服务平台（动态接口）,https://www.cdpee.org.cn/,2026年04月20日
江苏省,徐州市,江苏徐州组件工+早八晚六+包吃+五险+坐班,陕西致广人力资源有限公司,江苏省·徐州市·邳州市,学历不限,20,"视力残疾1-4级;听力残疾1-4级;言语残疾1-4级;肢体残疾1-4级;智力残疾3,4级;多重残疾1-4级;",是,见原平台,中国残联就业服务平台（动态接口）,https://www.cdpee.org.cn/,2026年09月17日
浙江省,台州市,婚礼策划,台州靓点文化传播有限公司,浙江省·台州市·温岭市,学历不限,,视力残疾1-4级;听力残疾1-4级;言语残疾1-4级;肢体残疾1-4级;智力残疾1-4级;精神残疾1-4级;多重残疾1-4级;,是,见原平台,中国残联就业服务平台（动态接口）,https://www.cdpee.org.cn/,2026年02月27日
广东省,江门市,生产工,江门市霞光照明电器有限公司,广东省·江门市·蓬江区,学历不限,1,听力残疾2-4级;言语残疾2-4级;肢体残疾4级;智力残疾4级;多重残疾4级;,是,见原平台,中国残联就业服务平台（动态接口）,https://www.cdpee.org.cn/,2026年09月17日
上海市,上海市,行政助理（上海闵行区）,北京易才人力资源顾问有限公司,上海市·上海市·闵行区,大专,1,视力残疾1-3级;听力残疾1-3级;言语残疾1-3级;肢体残疾1-3级;智力残疾1-3级;精神残疾1-3级;多重残疾1-3级;,是,见原平台,中国残联就业服务平台（动态接口）,https://www.cdpee.org.cn/,2026年08月17日
江苏省,南京市,HR招聘,北京易才人力资源顾问有限公司,江苏省·南京市·建邺区,大专,1,视力残疾1-3级;听力残疾1-3级;言语残疾1-3级;肢体残疾1-3级;智力残疾1-3级;精神残疾1-3级;多重残疾1-3级;,是,见原平台,中国残联就业服务平台（动态接口）,https://www.cdpee.org.cn/,2026年05月22日
四川省,成都市,成都急招（残疾人福利岗）五险一金，长白8小时，高薪技术岗,广州海仑企业服务有限公司,四川省·成都市·锦江区,学历不限,3,视力残疾1-4级;听力残疾1-4级;言语残疾1-4级;肢体残疾1-4级;智力残疾1-4级;精神残疾1-4级;多重残疾1-4级;,是,见原平台,中国残联就业服务平台（动态接口）,https://www.cdpee.org.cn/,2026年09月17日
天津市,天津市,天津档案处理员，双休，8小时，缴纳五险一金,广州海仑企业服务有限公司,天津市·天津市·河东区,学历不限,2,视力残疾1-4级;听力残疾1-4级;言语残疾1-4级;肢体残疾1-4级;智力残疾1-4级;精神残疾1-4级;多重残疾1-4级;,是,见原平台,中国残联就业服务平台（动态接口）,https://www.cdpee.org.cn/,2026年09月17日
云南省,昭通市,艾草加工，种植,云南鑫会盟艾绒制品生产有限公司,云南省·昭通市·巧家县,学历不限,100,视力残疾4级;听力残疾4级;言语残疾4级;肢体残疾4级;智力残疾4级;精神残疾4级;,是,见原平台,中国残联就业服务平台（动态接口）,https://www.cdpee.org.cn/,2026年09月17日
江苏省,宿迁市,食品加工处理,宿迁市宿城区陆小青猪肉批发经营部,江苏省·宿迁市·湖滨新区,小学,100,"视力残疾3,4级;听力残疾3,4级;肢体残疾3,4级;智力残疾4级;多重残疾3,4级;",是,见原平台,中国残联就业服务平台（动态接口）,https://www.cdpee.org.cn/,2026年09月17日
湖南省,株洲市,垃圾清运工,湖南仁仁洁国际清洁科技集团股份有限公司荷塘分公司,湖南省·株洲市·荷塘区,学历不限,1,言语残疾1级;智力残疾1级;,是,见原平台,中国残联就业服务平台（动态接口）,https://www.cdpee.org.cn/,2026年09月17日
河南省,商丘市,烘焙中工,睢县乐晴食品店（个体工商户）,河南省·商丘市·睢县,学历不限,,视力残疾1-4级;听力残疾1-4级;言语残疾1-4级;肢体残疾1-4级;智力残疾1-4级;精神残疾1-4级;多重残疾1-4级;,是,见原平台,中国残联就业服务平台（动态接口）,https://www.cdpee.org.cn/,2026年04月20日
江苏省,徐州市,江苏徐州组件工+早八晚六+包吃+五险+坐班,陕西致广人力资源有限公司,江苏省·徐州市·邳州市,学历不限,20,"视力残疾1-4级;听力残疾1-4级;言语残疾1-4级;肢体残疾1-4级;智力残疾3,4级;多重残疾1-4级;",是,见原平台,中国残联就业服务平台（动态接口）,https://www.cdpee.org.cn/,2026年09月17日
浙江省,台州市,婚礼策划,台州靓点文化传播有限公司,浙江省·台州市·温岭市,学历不限,,视力残疾1-4级;听力残疾1-4级;言语残疾1-4级;肢体残疾1-4级;智力残疾1-4级;精神残疾1-4级;多重残疾1-4级;,是,见原平台,中国残联就业服务平台（动态接口）,https://www.cdpee.org.cn/,2026年02月27日
广东省,江门市,生产工,江门市霞光照明电器有限公司,广东省·江门市·蓬江区,学历不限,1,听力残疾2-4级;言语残疾2-4级;肢体残疾4级;智力残疾4级;多重残疾4级;,是,见原平台,中国残联就业服务平台（动态接口）,https://www.cdpee.org.cn/,2026年09月17日
上海市,上海市,行政助理（上海闵行区）,北京易才人力资源顾问有限公司,上海市·上海市·闵行区,大专,1,视力残疾1-3级;听力残疾1-3级;言语残疾1-3级;肢体残疾1-3级;智力残疾1-3级;精神残疾1-3级;多重残疾1-3级;,是,见原平台,中国残联就业服务平台（动态接口）,https://www.cdpee.org.cn/,2026年08月17日
江苏省,南京市,HR招聘,北京易才人力资源顾问有限公司,江苏省·南京市·建邺区,大专,1,视力残疾1-3级;听力残疾1-3级;言语残疾1-3级;肢体残疾1-3级;智力残疾1-3级;精神残疾1-3级;多重残疾1-3级;,是,见原平台,中国残联就业服务平台（动态接口）,https://www.cdpee.org.cn/,2026年05月22日
四川省,成都市,成都急招（残疾人福利岗）五险一金，长白8小时，高薪技术岗,广州海仑企业服务有限公司,四川省·成都市·锦江区,学历不限,3,视力残疾1-4级;听力残疾1-4级;言语残疾1-4级;肢体残疾1-4级;智力残疾1-4级;精神残疾1-4级;多重残疾1-4级;,是,见原平台,中国残联就业服务平台（动态接口）,https://www.cdpee.org.cn/,2026年09月17日
天津市,天津市,天津档案处理员，双休，8小时，缴纳五险一金,广州海仑企业服务有限公司,天津市·天津市·河东区,学历不限,2,视力残疾1-4级;听力残疾1-4级;言语残疾1-4级;肢体残疾1-4级;智力残疾1-4级;精神残疾1-4级;多重残疾1-4级;,是,见原平台,中国残联就业服务平台（动态接口）,https://www.cdpee.org.cn/,2026年09月17日
云南省,昭通市,艾草加工，种植,云南鑫会盟艾绒制品生产有限公司,云南省·昭通市·巧家县,学历不限,100,视力残疾4级;听力残疾4级;言语残疾4级;肢体残疾4级;智力残疾4级;精神残疾4级;,是,见原平台,中国残联就业服务平台（动态接口）,https://www.cdpee.org.cn/,2026年09月17日
江苏省,宿迁市,食品加工处理,宿迁市宿城区陆小青猪肉批发经营部,江苏省·宿迁市·湖滨新区,小学,100,"视力残疾3,4级;听力残疾3,4级;肢体残疾3,4级;智力残疾4级;多重残疾3,4级;",是,见原平台,中国残联就业服务平台（动态接口）,https://www.cdpee.org.cn/,2026年09月17日
湖南省,株洲市,垃圾清运工,湖南仁仁洁国际清洁科技集团股份有限公司荷塘分公司,湖南省·株洲市·荷塘区,学历不限,1,言语残疾1级;智力残疾1级;,是,见原平台,中国残联就业服务平台（动态接口）,https://www.cdpee.org.cn/,2026年09月17日
河南省,商丘市,烘焙中工,睢县乐晴食品店（个体工商户）,河南省·商丘市·睢县,学历不限,,视力残疾1-4级;听力残疾1-4级;言语残疾1-4级;肢体残疾1-4级;智力残疾1-4级;精神残疾1-4级;多重残疾1-4级;,是,见原平台,中国残联就业服务平台（动态接口）,https://www.cdpee.org.cn/,2026年04月20日
江苏省,徐州市,江苏徐州组件工+早八晚六+包吃+五险+坐班,陕西致广人力资源有限公司,江苏省·徐州市·邳州市,学历不限,20,"视力残疾1-4级;听力残疾1-4级;言语残疾1-4级;肢体残疾1-4级;智力残疾3,4级;多重残疾1-4级;",是,见原平台,中国残联就业服务平台（动态接口）,https://www.cdpee.org.cn/,2026年09月17日
浙江省,台州市,婚礼策划,台州靓点文化传播有限公司,浙江省·台州市·温岭市,学历不限,,视力残疾1-4级;听力残疾1-4级;言语残疾1-4级;肢体残疾1-4级;智力残疾1-4级;精神残疾1-4级;多重残疾1-4级;,是,见原平台,中国残联就业服务平台（动态接口）,https://www.cdpee.org.cn/,2026年02月27日
广东省,江门市,生产工,江门市霞光照明电器有限公司,广东省·江门市·蓬江区,学历不限,1,听力残疾2-4级;言语残疾2-4级;肢体残疾4级;智力残疾4级;多重残疾4级;,是,见原平台,中国残联就业服务平台（动态接口）,https://www.cdpee.org.cn/,2026年09月17日
上海市,上海市,行政助理（上海闵行区）,北京易才人力资源顾问有限公司,上海市·上海市·闵行区,大专,1,视力残疾1-3级;听力残疾1-3级;言语残疾1-3级;肢体残疾1-3级;智力残疾1-3级;精神残疾1-3级;多重残疾1-3级;,是,见原平台,中国残联就业服务平台（动态接口）,https://www.cdpee.org.cn/,2026年08月17日
江苏省,南京市,HR招聘,北京易才人力资源顾问有限公司,江苏省·南京市·建邺区,大专,1,视力残疾1-3级;听力残疾1-3级;言语残疾1-3级;肢体残疾1-3级;智力残疾1-3级;精神残疾1-3级;多重残疾1-3级;,是,见原平台,中国残联就业服务平台（动态接口）,https://www.cdpee.org.cn/,2026年05月22日
四川省,成都市,成都急招（残疾人福利岗）五险一金，长白8小时，高薪技术岗,广州海仑企业服务有限公司,四川省·成都市·锦江区,学历不限,3,视力残疾1-4级;听力残疾1-4级;言语残疾1-4级;肢体残疾1-4级;智力残疾1-4级;精神残疾1-4级;多重残疾1-4级;,是,见原平台,中国残联就业服务平台（动态接口）,https://www.cdpee.org.cn/,2026年09月17日
天津市,天津市,天津档案处理员，双休，8小时，缴纳五险一金,广州海仑企业服务有限公司,天津市·天津市·河东区,学历不限,2,视力残疾1-4级;听力残疾1-4级;言语残疾1-4级;肢体残疾1-4级;智力残疾1-4级;精神残疾1-4级;多重残疾1-4级;,是,见原平台,中国残联就业服务平台（动态接口）,https://www.cdpee.org.cn/,2026年09月17日
云南省,昭通市,艾草加工，种植,云南鑫会盟艾绒制品生产有限公司,云南省·昭通市·巧家县,学历不限,100,视力残疾4级;听力残疾4级;言语残疾4级;肢体残疾4级;智力残疾4级;精神残疾4级;,是,见原平台,中国残联就业服务平台（动态接口）,https://www.cdpee.org.cn/,2026年09月17日
江苏省,宿迁市,食品加工处理,宿迁市宿城区陆小青猪肉批发经营部,江苏省·宿迁市·湖滨新区,小学,100,"视力残疾3,4级;听力残疾3,4级;肢体残疾3,4级;智力残疾4级;多重残疾3,4级;",是,见原平台,中国残联就业服务平台（动态接口）,https://www.cdpee.org.cn/,2026年09月17日
湖南省,株洲市,垃圾清运工,湖南仁仁洁国际清洁科技集团股份有限公司荷塘分公司,湖南省·株洲市·荷塘区,学历不限,1,言语残疾1级;智力残疾1级;,是,见原平台,中国残联就业服务平台（动态接口）,https://www.cdpee.org.cn/,2026年09月17日
河南省,商丘市,烘焙中工,睢县乐晴食品店（个体工商户）,河南省·商丘市·睢县,学历不限,,视力残疾1-4级;听力残疾1-4级;言语残疾1-4级;肢体残疾1-4级;智力残疾1-4级;精神残疾1-4级;多重残疾1-4级;,是,见原平台,中国残联就业服务平台（动态接口）,https://www.cdpee.org.cn/,2026年04月20日
江苏省,徐州市,江苏徐州组件工+早八晚六+包吃+五险+坐班,陕西致广人力资源有限公司,江苏省·徐州市·邳州市,学历不限,20,"视力残疾1-4级;听力残疾1-4级;言语残疾1-4级;肢体残疾1-4级;智力残疾3,4级;多重残疾1-4级;",是,见原平台,中国残联就业服务平台（动态接口）,https://www.cdpee.org.cn/,2026年09月17日
浙江省,台州市,婚礼策划,台州靓点文化传播有限公司,浙江省·台州市·温岭市,学历不限,,视力残疾1-4级;听力残疾1-4级;言语残疾1-4级;肢体残疾1-4级;智力残疾1-4级;精神残疾1-4级;多重残疾1-4级;,是,见原平台,中国残联就业服务平台（动态接口）,https://www.cdpee.org.cn/,2026年02月27日
广东省,江门市,生产工,江门市霞光照明电器有限公司,广东省·江门市·蓬江区,学历不限,1,听力残疾2-4级;言语残疾2-4级;肢体残疾4级;智力残疾4级;多重残疾4级;,是,见原平台,中国残联就业服务平台（动态接口）,https://www.cdpee.org.cn/,2026年09月17日
上海市,上海市,行政助理（上海闵行区）,北京易才人力资源顾问有限公司,上海市·上海市·闵行区,大专,1,视力残疾1-3级;听力残疾1-3级;言语残疾1-3级;肢体残疾1-3级;智力残疾1-3级;精神残疾1-3级;多重残疾1-3级;,是,见原平台,中国残联就业服务平台（动态接口）,https://www.cdpee.org.cn/,2026年08月17日
江苏省,南京市,HR招聘,北京易才人力资源顾问有限公司,江苏省·南京市·建邺区,大专,1,视力残疾1-3级;听力残疾1-3级;言语残疾1-3级;肢体残疾1-3级;智力残疾1-3级;精神残疾1-3级;多重残疾1-3级;,是,见原平台,中国残联就业服务平台（动态接口）,https://www.cdpee.org.cn/,2026年05月22日
四川省,成都市,成都急招（残疾人福利岗）五险一金，长白8小时，高薪技术岗,广州海仑企业服务有限公司,四川省·成都市·锦江区,学历不限,3,视力残疾1-4级;听力残疾1-4级;言语残疾1-4级;肢体残疾1-4级;智力残疾1-4级;精神残疾1-4级;多重残疾1-4级;,是,见原平台,中国残联就业服务平台（动态接口）,https://www.cdpee.org.cn/,2026年09月17日
天津市,天津市,天津档案处理员，双休，8小时，缴纳五险一金,广州海仑企业服务有限公司,天津市·天津市·河东区,学历不限,2,视力残疾1-4级;听力残疾1-4级;言语残疾1-4级;肢体残疾1-4级;智力残疾1-4级;精神残疾1-4级;多重残疾1-4级;,是,见原平台,中国残联就业服务平台（动态接口）,https://www.cdpee.org.cn/,2026年09月17日
云南省,昭通市,艾草加工，种植,云南鑫会盟艾绒制品生产有限公司,云南省·昭通市·巧家县,学历不限,100,视力残疾4级;听力残疾4级;言语残疾4级;肢体残疾4级;智力残疾4级;精神残疾4级;,是,见原平台,中国残联就业服务平台（动态接口）,https://www.cdpee.org.cn/,2026年09月17日
江苏省,宿迁市,食品加工处理,宿迁市宿城区陆小青猪肉批发经营部,江苏省·宿迁市·湖滨新区,小学,100,"视力残疾3,4级;听力残疾3,4级;肢体残疾3,4级;智力残疾4级;多重残疾3,4级;",是,见原平台,中国残联就业服务平台（动态接口）,https://www.cdpee.org.cn/,2026年09月17日
湖南省,株洲市,垃圾清运工,湖南仁仁洁国际清洁科技集团股份有限公司荷塘分公司,湖南省·株洲市·荷塘区,学历不限,1,言语残疾1级;智力残疾1级;,是,见原平台,中国残联就业服务平台（动态接口）,https://www.cdpee.org.cn/,2026年09月17日
河南省,商丘市,烘焙中工,睢县乐晴食品店（个体工商户）,河南省·商丘市·睢县,学历不限,,视力残疾1-4级;听力残疾1-4级;言语残疾1-4级;肢体残疾1-4级;智力残疾1-4级;精神残疾1-4级;多重残疾1-4级;,是,见原平台,中国残联就业服务平台（动态接口）,https://www.cdpee.org.cn/,2026年04月20日
江苏省,徐州市,江苏徐州组件工+早八晚六+包吃+五险+坐班,陕西致广人力资源有限公司,江苏省·徐州市·邳州市,学历不限,20,"视力残疾1-4级;听力残疾1-4级;言语残疾1-4级;肢体残疾1-4级;智力残疾3,4级;多重残疾1-4级;",是,见原平台,中国残联就业服务平台（动态接口）,https://www.cdpee.org.cn/,2026年09月17日
浙江省,台州市,婚礼策划,台州靓点文化传播有限公司,浙江省·台州市·温岭市,学历不限,,视力残疾1-4级;听力残疾1-4级;言语残疾1-4级;肢体残疾1-4级;智力残疾1-4级;精神残疾1-4级;多重残疾1-4级;,是,见原平台,中国残联就业服务平台（动态接口）,https://www.cdpee.org.cn/,2026年02月27日
广东省,江门市,生产工,江门市霞光照明电器有限公司,广东省·江门市·蓬江区,学历不限,1,听力残疾2-4级;言语残疾2-4级;肢体残疾4级;智力残疾4级;多重残疾4级;,是,见原平台,中国残联就业服务平台（动态接口）,https://www.cdpee.org.cn/,2026年09月17日
上海市,上海市,行政助理（上海闵行区）,北京易才人力资源顾问有限公司,上海市·上海市·闵行区,大专,1,视力残疾1-3级;听力残疾1-3级;言语残疾1-3级;肢体残疾1-3级;智力残疾1-3级;精神残疾1-3级;多重残疾1-3级;,是,见原平台,中国残联就业服务平台（动态接口）,https://www.cdpee.org.cn/,2026年08月17日
江苏省,南京市,HR招聘,北京易才人力资源顾问有限公司,江苏省·南京市·建邺区,大专,1,视力残疾1-3级;听力残疾1-3级;言语残疾1-3级;肢体残疾1-3级;智力残疾1-3级;精神残疾1-3级;多重残疾1-3级;,是,见原平台,中国残联就业服务平台（动态接口）,https://www.cdpee.org.cn/,2026年05月22日
四川省,成都市,成都急招（残疾人福利岗）五险一金，长白8小时，高薪技术岗,广州海仑企业服务有限公司,四川省·成都市·锦江区,学历不限,3,视力残疾1-4级;听力残疾1-4级;言语残疾1-4级;肢体残疾1-4级;智力残疾1-4级;精神残疾1-4级;多重残疾1-4级;,是,见原平台,中国残联就业服务平台（动态接口）,https://www.cdpee.org.cn/,2026年09月17日
天津市,天津市,天津档案处理员，双休，8小时，缴纳五险一金,广州海仑企业服务有限公司,天津市·天津市·河东区,学历不限,2,视力残疾1-4级;听力残疾1-4级;言语残疾1-4级;肢体残疾1-4级;智力残疾1-4级;精神残疾1-4级;多重残疾1-4级;,是,见原平台,中国残联就业服务平台（动态接口）,https://www.cdpee.org.cn/,2026年09月17日
云南省,昭通市,艾草加工，种植,云南鑫会盟艾绒制品生产有限公司,云南省·昭通市·巧家县,学历不限,100,视力残疾4级;听力残疾4级;言语残疾4级;肢体残疾4级;智力残疾4级;精神残疾4级;,是,见原平台,中国残联就业服务平台（动态接口）,https://www.cdpee.org.cn/,2026年09月17日
江苏省,宿迁市,食品加工处理,宿迁市宿城区陆小青猪肉批发经营部,江苏省·宿迁市·湖滨新区,小学,100,"视力残疾3,4级;听力残疾3,4级;肢体残疾3,4级;智力残疾4级;多重残疾3,4级;",是,见原平台,中国残联就业服务平台（动态接口）,https://www.cdpee.org.cn/,2026年09月17日
湖南省,株洲市,垃圾清运工,湖南仁仁洁国际清洁科技集团股份有限公司荷塘分公司,湖南省·株洲市·荷塘区,学历不限,1,言语残疾1级;智力残疾1级;,是,见原平台,中国残联就业服务平台（动态接口）,https://www.cdpee.org.cn/,2026年09月17日
河南省,商丘市,烘焙中工,睢县乐晴食品店（个体工商户）,河南省·商丘市·睢县,学历不限,,视力残疾1-4级;听力残疾1-4级;言语残疾1-4级;肢体残疾1-4级;智力残疾1-4级;精神残疾1-4级;多重残疾1-4级;,是,见原平台,中国残联就业服务平台（动态接口）,https://www.cdpee.org.cn/,2026年04月20日
江苏省,徐州市,江苏徐州组件工+早八晚六+包吃+五险+坐班,陕西致广人力资源有限公司,江苏省·徐州市·邳州市,学历不限,20,"视力残疾1-4级;听力残疾1-4级;言语残疾1-4级;肢体残疾1-4级;智力残疾3,4级;多重残疾1-4级;",是,见原平台,中国残联就业服务平台（动态接口）,https://www.cdpee.org.cn/,2026年09月17日
浙江省,台州市,婚礼策划,台州靓点文化传播有限公司,浙江省·台州市·温岭市,学历不限,,视力残疾1-4级;听力残疾1-4级;言语残疾1-4级;肢体残疾1-4级;智力残疾1-4级;精神残疾1-4级;多重残疾1-4级;,是,见原平台,中国残联就业服务平台（动态接口）,https://www.cdpee.org.cn/,2026年02月27日
广东省,江门市,生产工,江门市霞光照明电器有限公司,广东省·江门市·蓬江区,学历不限,1,听力残疾2-4级;言语残疾2-4级;肢体残疾4级;智力残疾4级;多重残疾4级;,是,见原平台,中国残联就业服务平台（动态接口）,https://www.cdpee.org.cn/,2026年09月17日
上海市,上海市,行政助理（上海闵行区）,北京易才人力资源顾问有限公司,上海市·上海市·闵行区,大专,1,视力残疾1-3级;听力残疾1-3级;言语残疾1-3级;肢体残疾1-3级;智力残疾1-3级;精神残疾1-3级;多重残疾1-3级;,是,见原平台,中国残联就业服务平台（动态接口）,https://www.cdpee.org.cn/,2026年08月17日
江苏省,南京市,HR招聘,北京易才人力资源顾问有限公司,江苏省·南京市·建邺区,大专,1,视力残疾1-3级;听力残疾1-3级;言语残疾1-3级;肢体残疾1-3级;智力残疾1-3级;精神残疾1-3级;多重残疾1-3级;,是,见原平台,中国残联就业服务平台（动态接口）,https://www.cdpee.org.cn/,2026年05月22日
四川省,成都市,成都急招（残疾人福利岗）五险一金，长白8小时，高薪技术岗,广州海仑企业服务有限公司,四川省·成都市·锦江区,学历不限,3,视力残疾1-4级;听力残疾1-4级;言语残疾1-4级;肢体残疾1-4级;智力残疾1-4级;精神残疾1-4级;多重残疾1-4级;,是,见原平台,中国残联就业服务平台（动态接口）,https://www.cdpee.org.cn/,2026年09月17日
天津市,天津市,天津档案处理员，双休，8小时，缴纳五险一金,广州海仑企业服务有限公司,天津市·天津市·河东区,学历不限,2,视力残疾1-4级;听力残疾1-4级;言语残疾1-4级;肢体残疾1-4级;智力残疾1-4级;精神残疾1-4级;多重残疾1-4级;,是,见原平台,中国残联就业服务平台（动态接口）,https://www.cdpee.org.cn/,2026年09月17日
云南省,昭通市,艾草加工，种植,云南鑫会盟艾绒制品生产有限公司,云南省·昭通市·巧家县,学历不限,100,视力残疾4级;听力残疾4级;言语残疾4级;肢体残疾4级;智力残疾4级;精神残疾4级;,是,见原平台,中国残联就业服务平台（动态接口）,https://www.cdpee.org.cn/,2026年09月17日
江苏省,宿迁市,食品加工处理,宿迁市宿城区陆小青猪肉批发经营部,江苏省·宿迁市·湖滨新区,小学,100,"视力残疾3,4级;听力残疾3,4级;肢体残疾3,4级;智力残疾4级;多重残疾3,4级;",是,见原平台,中国残联就业服务平台（动态接口）,https://www.cdpee.org.cn/,2026年09月17日
湖南省,株洲市,垃圾清运工,湖南仁仁洁国际清洁科技集团股份有限公司荷塘分公司,湖南省·株洲市·荷塘区,学历不限,1,言语残疾1级;智力残疾1级;,是,见原平台,中国残联就业服务平台（动态接口）,https://www.cdpee.org.cn/,2026年09月17日
河南省,商丘市,烘焙中工,睢县乐晴食品店（个体工商户）,河南省·商丘市·睢县,学历不限,,视力残疾1-4级;听力残疾1-4级;言语残疾1-4级;肢体残疾1-4级;智力残疾1-4级;精神残疾1-4级;多重残疾1-4级;,是,见原平台,中国残联就业服务平台（动态接口）,https://www.cdpee.org.cn/,2026年04月20日
江苏省,徐州市,江苏徐州组件工+早八晚六+包吃+五险+坐班,陕西致广人力资源有限公司,江苏省·徐州市·邳州市,学历不限,20,"视力残疾1-4级;听力残疾1-4级;言语残疾1-4级;肢体残疾1-4级;智力残疾3,4级;多重残疾1-4级;",是,见原平台,中国残联就业服务平台（动态接口）,https://www.cdpee.org.cn/,2026年09月17日
浙江省,台州市,婚礼策划,台州靓点文化传播有限公司,浙江省·台州市·温岭市,学历不限,,视力残疾1-4级;听力残疾1-4级;言语残疾1-4级;肢体残疾1-4级;智力残疾1-4级;精神残疾1-4级;多重残疾1-4级;,是,见原平台,中国残联就业服务平台（动态接口）,https://www.cdpee.org.cn/,2026年02月27日
广东省,江门市,生产工,江门市霞光照明电器有限公司,广东省·江门市·蓬江区,学历不限,1,听力残疾2-4级;言语残疾2-4级;肢体残疾4级;智力残疾4级;多重残疾4级;,是,见原平台,中国残联就业服务平台（动态接口）,https://www.cdpee.org.cn/,2026年09月17日
上海市,上海市,行政助理（上海闵行区）,北京易才人力资源顾问有限公司,上海市·上海市·闵行区,大专,1,视力残疾1-3级;听力残疾1-3级;言语残疾1-3级;肢体残疾1-3级;智力残疾1-3级;精神残疾1-3级;多重残疾1-3级;,是,见原平台,中国残联就业服务平台（动态接口）,https://www.cdpee.org.cn/,2026年08月17日
江苏省,南京市,HR招聘,北京易才人力资源顾问有限公司,江苏省·南京市·建邺区,大专,1,视力残疾1-3级;听力残疾1-3级;言语残疾1-3级;肢体残疾1-3级;智力残疾1-3级;精神残疾1-3级;多重残疾1-3级;,是,见原平台,中国残联就业服务平台（动态接口）,https://www.cdpee.org.cn/,2026年05月22日
四川省,成都市,成都急招（残疾人福利岗）五险一金，长白8小时，高薪技术岗,广州海仑企业服务有限公司,四川省·成都市·锦江区,学历不限,3,视力残疾1-4级;听力残疾1-4级;言语残疾1-4级;肢体残疾1-4级;智力残疾1-4级;精神残疾1-4级;多重残疾1-4级;,是,见原平台,中国残联就业服务平台（动态接口）,https://www.cdpee.org.cn/,2026年09月17日
天津市,天津市,天津档案处理员，双休，8小时，缴纳五险一金,广州海仑企业服务有限公司,天津市·天津市·河东区,学历不限,2,视力残疾1-4级;听力残疾1-4级;言语残疾1-4级;肢体残疾1-4级;智力残疾1-4级;精神残疾1-4级;多重残疾1-4级;,是,见原平台,中国残联就业服务平台（动态接口）,https://www.cdpee.org.cn/,2026年09月17日
云南省,昭通市,艾草加工，种植,云南鑫会盟艾绒制品生产有限公司,云南省·昭通市·巧家县,学历不限,100,视力残疾4级;听力残疾4级;言语残疾4级;肢体残疾4级;智力残疾4级;精神残疾4级;,是,见原平台,中国残联就业服务平台（动态接口）,https://www.cdpee.org.cn/,2026年09月17日
江苏省,宿迁市,食品加工处理,宿迁市宿城区陆小青猪肉批发经营部,江苏省·宿迁市·湖滨新区,小学,100,"视力残疾3,4级;听力残疾3,4级;肢体残疾3,4级;智力残疾4级;多重残疾3,4级;",是,见原平台,中国残联就业服务平台（动态接口）,https://www.cdpee.org.cn/,2026年09月17日
湖南省,株洲市,垃圾清运工,湖南仁仁洁国际清洁科技集团股份有限公司荷塘分公司,湖南省·株洲市·荷塘区,学历不限,1,言语残疾1级;智力残疾1级;,是,见原平台,中国残联就业服务平台（动态接口）,https://www.cdpee.org.cn/,2026年09月17日
江苏省,徐州市,江苏徐州组件工+早八晚六+包吃+五险+坐班,陕西致广人力资源有限公司,江苏省·徐州市·邳州市,学历不限,20,"视力残疾1-4级;听力残疾1-4级;言语残疾1-4级;肢体残疾1-4级;智力残疾3,4级;多重残疾1-4级;",是,见原平台,中国残联就业服务平台（动态接口）,https://www.cdpee.org.cn/,2026年09月17日
广东省,江门市,生产工,江门市霞光照明电器有限公司,广东省·江门市·蓬江区,学历不限,1,听力残疾2-4级;言语残疾2-4级;肢体残疾4级;智力残疾4级;多重残疾4级;,是,见原平台,中国残联就业服务平台（动态接口）,https://www.cdpee.org.cn/,2026年09月17日
四川省,成都市,洗涤工厂厂长,四川华序壹云数字科技有限公司,四川省·成都市·武侯区,大专,,视力残疾1-4级;听力残疾1-4级;言语残疾1-4级;肢体残疾1-4级;智力残疾1-4级;精神残疾1-4级;多重残疾1-4级;,是,见原平台,中国残联就业服务平台（动态接口）,https://www.cdpee.org.cn/,2026年05月14日
上海市,上海市,行政助理（上海闵行区）,北京易才人力资源顾问有限公司,上海市·上海市·闵行区,大专,1,视力残疾1-3级;听力残疾1-3级;言语残疾1-3级;肢体残疾1-3级;智力残疾1-3级;精神残疾1-3级;多重残疾1-3级;,是,见原平台,中国残联就业服务平台（动态接口）,https://www.cdpee.org.cn/,2026年08月17日
江苏省,南京市,HR招聘,北京易才人力资源顾问有限公司,江苏省·南京市·建邺区,大专,1,视力残疾1-3级;听力残疾1-3级;言语残疾1-3级;肢体残疾1-3级;智力残疾1-3级;精神残疾1-3级;多重残疾1-3级;,是,见原平台,中国残联就业服务平台（动态接口）,https://www.cdpee.org.cn/,2026年05月22日
四川省,成都市,成都急招（残疾人福利岗）五险一金，长白8小时，高薪技术岗,广州海仑企业服务有限公司,四川省·成都市·锦江区,学历不限,3,视力残疾1-4级;听力残疾1-4级;言语残疾1-4级;肢体残疾1-4级;智力残疾1-4级;精神残疾1-4级;多重残疾1-4级;,是,见原平台,中国残联就业服务平台（动态接口）,https://www.cdpee.org.cn/,2026年09月17日
天津市,天津市,天津档案处理员，双休，8小时，缴纳五险一金,广州海仑企业服务有限公司,天津市·天津市·河东区,学历不限,2,视力残疾1-4级;听力残疾1-4级;言语残疾1-4级;肢体残疾1-4级;智力残疾1-4级;精神残疾1-4级;多重残疾1-4级;,是,见原平台,中国残联就业服务平台（动态接口）,https://www.cdpee.org.cn/,2026年09月17日
甘肃省,定西市,养老护理员,甘肃海旺建筑安装（集团）有限公司,甘肃省·定西市·安定区,,,视力残疾1-4级;听力残疾1-4级;言语残疾1-4级;肢体残疾1-4级;智力残疾1-4级;精神残疾1-4级;多重残疾1-4级;,是,见原平台,中国残联就业服务平台（动态接口）,https://www.cdpee.org.cn/,2026年05月08日
云南省,昭通市,艾草加工，种植,云南鑫会盟艾绒制品生产有限公司,云南省·昭通市·巧家县,学历不限,100,视力残疾4级;听力残疾4级;言语残疾4级;肢体残疾4级;智力残疾4级;精神残疾4级;,是,见原平台,中国残联就业服务平台（动态接口）,https://www.cdpee.org.cn/,2026年09月17日
江苏省,宿迁市,食品加工处理,宿迁市宿城区陆小青猪肉批发经营部,江苏省·宿迁市·湖滨新区,小学,100,"视力残疾3,4级;听力残疾3,4级;肢体残疾3,4级;智力残疾4级;多重残疾3,4级;",是,见原平台,中国残联就业服务平台（动态接口）,https://www.cdpee.org.cn/,2026年09月17日
湖南省,株洲市,垃圾清运工,湖南仁仁洁国际清洁科技集团股份有限公司荷塘分公司,湖南省·株洲市·荷塘区,学历不限,1,言语残疾1级;智力残疾1级;,是,见原平台,中国残联就业服务平台（动态接口）,https://www.cdpee.org.cn/,2026年09月17日
江苏省,徐州市,江苏徐州组件工+早八晚六+包吃+五险+坐班,陕西致广人力资源有限公司,江苏省·徐州市·邳州市,学历不限,20,"视力残疾1-4级;听力残疾1-4级;言语残疾1-4级;肢体残疾1-4级;智力残疾3,4级;多重残疾1-4级;",是,见原平台,中国残联就业服务平台（动态接口）,https://www.cdpee.org.cn/,2026年09月17日
广东省,江门市,生产工,江门市霞光照明电器有限公司,广东省·江门市·蓬江区,学历不限,1,听力残疾2-4级;言语残疾2-4级;肢体残疾4级;智力残疾4级;多重残疾4级;,是,见原平台,中国残联就业服务平台（动态接口）,https://www.cdpee.org.cn/,2026年09月17日
四川省,成都市,洗涤工厂厂长,四川华序壹云数字科技有限公司,四川省·成都市·武侯区,大专,,视力残疾1-4级;听力残疾1-4级;言语残疾1-4级;肢体残疾1-4级;智力残疾1-4级;精神残疾1-4级;多重残疾1-4级;,是,见原平台,中国残联就业服务平台（动态接口）,https://www.cdpee.org.cn/,2026年05月14日
上海市,上海市,行政助理（上海闵行区）,北京易才人力资源顾问有限公司,上海市·上海市·闵行区,大专,1,视力残疾1-3级;听力残疾1-3级;言语残疾1-3级;肢体残疾1-3级;智力残疾1-3级;精神残疾1-3级;多重残疾1-3级;,是,见原平台,中国残联就业服务平台（动态接口）,https://www.cdpee.org.cn/,2026年08月17日
江苏省,南京市,HR招聘,北京易才人力资源顾问有限公司,江苏省·南京市·建邺区,大专,1,视力残疾1-3级;听力残疾1-3级;言语残疾1-3级;肢体残疾1-3级;智力残疾1-3级;精神残疾1-3级;多重残疾1-3级;,是,见原平台,中国残联就业服务平台（动态接口）,https://www.cdpee.org.cn/,2026年05月22日
四川省,成都市,成都急招（残疾人福利岗）五险一金，长白8小时，高薪技术岗,广州海仑企业服务有限公司,四川省·成都市·锦江区,学历不限,3,视力残疾1-4级;听力残疾1-4级;言语残疾1-4级;肢体残疾1-4级;智力残疾1-4级;精神残疾1-4级;多重残疾1-4级;,是,见原平台,中国残联就业服务平台（动态接口）,https://www.cdpee.org.cn/,2026年09月17日
天津市,天津市,天津档案处理员，双休，8小时，缴纳五险一金,广州海仑企业服务有限公司,天津市·天津市·河东区,学历不限,2,视力残疾1-4级;听力残疾1-4级;言语残疾1-4级;肢体残疾1-4级;智力残疾1-4级;精神残疾1-4级;多重残疾1-4级;,是,见原平台,中国残联就业服务平台（动态接口）,https://www.cdpee.org.cn/,2026年09月17日
甘肃省,定西市,养老护理员,甘肃海旺建筑安装（集团）有限公司,甘肃省·定西市·安定区,,,视力残疾1-4级;听力残疾1-4级;言语残疾1-4级;肢体残疾1-4级;智力残疾1-4级;精神残疾1-4级;多重残疾1-4级;,是,见原平台,中国残联就业服务平台（动态接口）,https://www.cdpee.org.cn/,2026年05月08日
云南省,昭通市,艾草加工，种植,云南鑫会盟艾绒制品生产有限公司,云南省·昭通市·巧家县,学历不限,100,视力残疾4级;听力残疾4级;言语残疾4级;肢体残疾4级;智力残疾4级;精神残疾4级;,是,见原平台,中国残联就业服务平台（动态接口）,https://www.cdpee.org.cn/,2026年09月17日
江苏省,宿迁市,食品加工处理,宿迁市宿城区陆小青猪肉批发经营部,江苏省·宿迁市·湖滨新区,小学,100,"视力残疾3,4级;听力残疾3,4级;肢体残疾3,4级;智力残疾4级;多重残疾3,4级;",是,见原平台,中国残联就业服务平台（动态接口）,https://www.cdpee.org.cn/,2026年09月17日
湖南省,株洲市,垃圾清运工,湖南仁仁洁国际清洁科技集团股份有限公司荷塘分公司,湖南省·株洲市·荷塘区,学历不限,1,言语残疾1级;智力残疾1级;,是,见原平台,中国残联就业服务平台（动态接口）,https://www.cdpee.org.cn/,2026年09月17日
江苏省,徐州市,江苏徐州组件工+早八晚六+包吃+五险+坐班,陕西致广人力资源有限公司,江苏省·徐州市·邳州市,学历不限,20,"视力残疾1-4级;听力残疾1-4级;言语残疾1-4级;肢体残疾1-4级;智力残疾3,4级;多重残疾1-4级;",是,见原平台,中国残联就业服务平台（动态接口）,https://www.cdpee.org.cn/,2026年09月17日
广东省,江门市,生产工,江门市霞光照明电器有限公司,广东省·江门市·蓬江区,学历不限,1,听力残疾2-4级;言语残疾2-4级;肢体残疾4级;智力残疾4级;多重残疾4级;,是,见原平台,中国残联就业服务平台（动态接口）,https://www.cdpee.org.cn/,2026年09月17日
四川省,成都市,洗涤工厂厂长,四川华序壹云数字科技有限公司,四川省·成都市·武侯区,大专,,视力残疾1-4级;听力残疾1-4级;言语残疾1-4级;肢体残疾1-4级;智力残疾1-4级;精神残疾1-4级;多重残疾1-4级;,是,见原平台,中国残联就业服务平台（动态接口）,https://www.cdpee.org.cn/,2026年05月14日
上海市,上海市,行政助理（上海闵行区）,北京易才人力资源顾问有限公司,上海市·上海市·闵行区,大专,1,视力残疾1-3级;听力残疾1-3级;言语残疾1-3级;肢体残疾1-3级;智力残疾1-3级;精神残疾1-3级;多重残疾1-3级;,是,见原平台,中国残联就业服务平台（动态接口）,https://www.cdpee.org.cn/,2026年08月17日
江苏省,南京市,HR招聘,北京易才人力资源顾问有限公司,江苏省·南京市·建邺区,大专,1,视力残疾1-3级;听力残疾1-3级;言语残疾1-3级;肢体残疾1-3级;智力残疾1-3级;精神残疾1-3级;多重残疾1-3级;,是,见原平台,中国残联就业服务平台（动态接口）,https://www.cdpee.org.cn/,2026年05月22日
四川省,成都市,成都急招（残疾人福利岗）五险一金，长白8小时，高薪技术岗,广州海仑企业服务有限公司,四川省·成都市·锦江区,学历不限,3,视力残疾1-4级;听力残疾1-4级;言语残疾1-4级;肢体残疾1-4级;智力残疾1-4级;精神残疾1-4级;多重残疾1-4级;,是,见原平台,中国残联就业服务平台（动态接口）,https://www.cdpee.org.cn/,2026年09月17日
天津市,天津市,天津档案处理员，双休，8小时，缴纳五险一金,广州海仑企业服务有限公司,天津市·天津市·河东区,学历不限,2,视力残疾1-4级;听力残疾1-4级;言语残疾1-4级;肢体残疾1-4级;智力残疾1-4级;精神残疾1-4级;多重残疾1-4级;,是,见原平台,中国残联就业服务平台（动态接口）,https://www.cdpee.org.cn/,2026年09月17日
甘肃省,定西市,养老护理员,甘肃海旺建筑安装（集团）有限公司,甘肃省·定西市·安定区,,,视力残疾1-4级;听力残疾1-4级;言语残疾1-4级;肢体残疾1-4级;智力残疾1-4级;精神残疾1-4级;多重残疾1-4级;,是,见原平台,中国残联就业服务平台（动态接口）,https://www.cdpee.org.cn/,2026年05月08日
云南省,昭通市,艾草加工，种植,云南鑫会盟艾绒制品生产有限公司,云南省·昭通市·巧家县,学历不限,100,视力残疾4级;听力残疾4级;言语残疾4级;肢体残疾4级;智力残疾4级;精神残疾4级;,是,见原平台,中国残联就业服务平台（动态接口）,https://www.cdpee.org.cn/,2026年09月17日
江苏省,宿迁市,食品加工处理,宿迁市宿城区陆小青猪肉批发经营部,江苏省·宿迁市·湖滨新区,小学,100,"视力残疾3,4级;听力残疾3,4级;肢体残疾3,4级;智力残疾4级;多重残疾3,4级;",是,见原平台,中国残联就业服务平台（动态接口）,https://www.cdpee.org.cn/,2026年09月17日
湖南省,株洲市,垃圾清运工,湖南仁仁洁国际清洁科技集团股份有限公司荷塘分公司,湖南省·株洲市·荷塘区,学历不限,1,言语残疾1级;智力残疾1级;,是,见原平台,中国残联就业服务平台（动态接口）,https://www.cdpee.org.cn/,2026年09月17日
江苏省,徐州市,江苏徐州组件工+早八晚六+包吃+五险+坐班,陕西致广人力资源有限公司,江苏省·徐州市·邳州市,学历不限,20,"视力残疾1-4级;听力残疾1-4级;言语残疾1-4级;肢体残疾1-4级;智力残疾3,4级;多重残疾1-4级;",是,见原平台,中国残联就业服务平台（动态接口）,https://www.cdpee.org.cn/,2026年09月17日
广东省,江门市,生产工,江门市霞光照明电器有限公司,广东省·江门市·蓬江区,学历不限,1,听力残疾2-4级;言语残疾2-4级;肢体残疾4级;智力残疾4级;多重残疾4级;,是,见原平台,中国残联就业服务平台（动态接口）,https://www.cdpee.org.cn/,2026年09月17日
四川省,成都市,洗涤工厂厂长,四川华序壹云数字科技有限公司,四川省·成都市·武侯区,大专,,视力残疾1-4级;听力残疾1-4级;言语残疾1-4级;肢体残疾1-4级;智力残疾1-4级;精神残疾1-4级;多重残疾1-4级;,是,见原平台,中国残联就业服务平台（动态接口）,https://www.cdpee.org.cn/,2026年05月14日
上海市,上海市,行政助理（上海闵行区）,北京易才人力资源顾问有限公司,上海市·上海市·闵行区,大专,1,视力残疾1-3级;听力残疾1-3级;言语残疾1-3级;肢体残疾1-3级;智力残疾1-3级;精神残疾1-3级;多重残疾1-3级;,是,见原平台,中国残联就业服务平台（动态接口）,https://www.cdpee.org.cn/,2026年08月17日
江苏省,南京市,HR招聘,北京易才人力资源顾问有限公司,江苏省·南京市·建邺区,大专,1,视力残疾1-3级;听力残疾1-3级;言语残疾1-3级;肢体残疾1-3级;智力残疾1-3级;精神残疾1-3级;多重残疾1-3级;,是,见原平台,中国残联就业服务平台（动态接口）,https://www.cdpee.org.cn/,2026年05月22日
四川省,成都市,成都急招（残疾人福利岗）五险一金，长白8小时，高薪技术岗,广州海仑企业服务有限公司,四川省·成都市·锦江区,学历不限,3,视力残疾1-4级;听力残疾1-4级;言语残疾1-4级;肢体残疾1-4级;智力残疾1-4级;精神残疾1-4级;多重残疾1-4级;,是,见原平台,中国残联就业服务平台（动态接口）,https://www.cdpee.org.cn/,2026年09月17日
天津市,天津市,天津档案处理员，双休，8小时，缴纳五险一金,广州海仑企业服务有限公司,天津市·天津市·河东区,学历不限,2,视力残疾1-4级;听力残疾1-4级;言语残疾1-4级;肢体残疾1-4级;智力残疾1-4级;精神残疾1-4级;多重残疾1-4级;,是,见原平台,中国残联就业服务平台（动态接口）,https://www.cdpee.org.cn/,2026年09月17日
甘肃省,定西市,养老护理员,甘肃海旺建筑安装（集团）有限公司,甘肃省·定西市·安定区,,,视力残疾1-4级;听力残疾1-4级;言语残疾1-4级;肢体残疾1-4级;智力残疾1-4级;精神残疾1-4级;多重残疾1-4级;,是,见原平台,中国残联就业服务平台（动态接口）,https://www.cdpee.org.cn/,2026年05月08日
云南省,昭通市,艾草加工，种植,云南鑫会盟艾绒制品生产有限公司,云南省·昭通市·巧家县,学历不限,100,视力残疾4级;听力残疾4级;言语残疾4级;肢体残疾4级;智力残疾4级;精神残疾4级;,是,见原平台,中国残联就业服务平台（动态接口）,https://www.cdpee.org.cn/,2026年09月17日
江苏省,宿迁市,食品加工处理,宿迁市宿城区陆小青猪肉批发经营部,江苏省·宿迁市·湖滨新区,小学,100,"视力残疾3,4级;听力残疾3,4级;肢体残疾3,4级;智力残疾4级;多重残疾3,4级;",是,见原平台,中国残联就业服务平台（动态接口）,https://www.cdpee.org.cn/,2026年09月17日
湖南省,株洲市,垃圾清运工,湖南仁仁洁国际清洁科技集团股份有限公司荷塘分公司,湖南省·株洲市·荷塘区,学历不限,1,言语残疾1级;智力残疾1级;,是,见原平台,中国残联就业服务平台（动态接口）,https://www.cdpee.org.cn/,2026年09月17日
江苏省,徐州市,江苏徐州组件工+早八晚六+包吃+五险+坐班,陕西致广人力资源有限公司,江苏省·徐州市·邳州市,学历不限,20,"视力残疾1-4级;听力残疾1-4级;言语残疾1-4级;肢体残疾1-4级;智力残疾3,4级;多重残疾1-4级;",是,见原平台,中国残联就业服务平台（动态接口）,https://www.cdpee.org.cn/,2026年09月17日
广东省,江门市,生产工,江门市霞光照明电器有限公司,广东省·江门市·蓬江区,学历不限,1,听力残疾2-4级;言语残疾2-4级;肢体残疾4级;智力残疾4级;多重残疾4级;,是,见原平台,中国残联就业服务平台（动态接口）,https://www.cdpee.org.cn/,2026年09月17日
四川省,成都市,洗涤工厂厂长,四川华序壹云数字科技有限公司,四川省·成都市·武侯区,大专,,视力残疾1-4级;听力残疾1-4级;言语残疾1-4级;肢体残疾1-4级;智力残疾1-4级;精神残疾1-4级;多重残疾1-4级;,是,见原平台,中国残联就业服务平台（动态接口）,https://www.cdpee.org.cn/,2026年05月14日
上海市,上海市,行政助理（上海闵行区）,北京易才人力资源顾问有限公司,上海市·上海市·闵行区,大专,1,视力残疾1-3级;听力残疾1-3级;言语残疾1-3级;肢体残疾1-3级;智力残疾1-3级;精神残疾1-3级;多重残疾1-3级;,是,见原平台,中国残联就业服务平台（动态接口）,https://www.cdpee.org.cn/,2026年08月17日
江苏省,南京市,HR招聘,北京易才人力资源顾问有限公司,江苏省·南京市·建邺区,大专,1,视力残疾1-3级;听力残疾1-3级;言语残疾1-3级;肢体残疾1-3级;智力残疾1-3级;精神残疾1-3级;多重残疾1-3级;,是,见原平台,中国残联就业服务平台（动态接口）,https://www.cdpee.org.cn/,2026年05月22日
四川省,成都市,成都急招（残疾人福利岗）五险一金，长白8小时，高薪技术岗,广州海仑企业服务有限公司,四川省·成都市·锦江区,学历不限,3,视力残疾1-4级;听力残疾1-4级;言语残疾1-4级;肢体残疾1-4级;智力残疾1-4级;精神残疾1-4级;多重残疾1-4级;,是,见原平台,中国残联就业服务平台（动态接口）,https://www.cdpee.org.cn/,2026年09月17日
天津市,天津市,天津档案处理员，双休，8小时，缴纳五险一金,广州海仑企业服务有限公司,天津市·天津市·河东区,学历不限,2,视力残疾1-4级;听力残疾1-4级;言语残疾1-4级;肢体残疾1-4级;智力残疾1-4级;精神残疾1-4级;多重残疾1-4级;,是,见原平台,中国残联就业服务平台（动态接口）,https://www.cdpee.org.cn/,2026年09月17日
甘肃省,定西市,养老护理员,甘肃海旺建筑安装（集团）有限公司,甘肃省·定西市·安定区,,,视力残疾1-4级;听力残疾1-4级;言语残疾1-4级;肢体残疾1-4级;智力残疾1-4级;精神残疾1-4级;多重残疾1-4级;,是,见原平台,中国残联就业服务平台（动态接口）,https://www.cdpee.org.cn/,2026年05月08日
云南省,昭通市,艾草加工，种植,云南鑫会盟艾绒制品生产有限公司,云南省·昭通市·巧家县,学历不限,100,视力残疾4级;听力残疾4级;言语残疾4级;肢体残疾4级;智力残疾4级;精神残疾4级;,是,见原平台,中国残联就业服务平台（动态接口）,https://www.cdpee.org.cn/,2026年09月17日
江苏省,宿迁市,食品加工处理,宿迁市宿城区陆小青猪肉批发经营部,江苏省·宿迁市·湖滨新区,小学,100,"视力残疾3,4级;听力残疾3,4级;肢体残疾3,4级;智力残疾4级;多重残疾3,4级;",是,见原平台,中国残联就业服务平台（动态接口）,https://www.cdpee.org.cn/,2026年09月17日
湖南省,株洲市,垃圾清运工,湖南仁仁洁国际清洁科技集团股份有限公司荷塘分公司,湖南省·株洲市·荷塘区,学历不限,1,言语残疾1级;智力残疾1级;,是,见原平台,中国残联就业服务平台（动态接口）,https://www.cdpee.org.cn/,2026年09月17日
江苏省,徐州市,江苏徐州组件工+早八晚六+包吃+五险+坐班,陕西致广人力资源有限公司,江苏省·徐州市·邳州市,学历不限,20,"视力残疾1-4级;听力残疾1-4级;言语残疾1-4级;肢体残疾1-4级;智力残疾3,4级;多重残疾1-4级;",是,见原平台,中国残联就业服务平台（动态接口）,https://www.cdpee.org.cn/,2026年09月17日
广东省,江门市,生产工,江门市霞光照明电器有限公司,广东省·江门市·蓬江区,学历不限,1,听力残疾2-4级;言语残疾2-4级;肢体残疾4级;智力残疾4级;多重残疾4级;,是,见原平台,中国残联就业服务平台（动态接口）,https://www.cdpee.org.cn/,2026年09月17日
四川省,成都市,洗涤工厂厂长,四川华序壹云数字科技有限公司,四川省·成都市·武侯区,大专,,视力残疾1-4级;听力残疾1-4级;言语残疾1-4级;肢体残疾1-4级;智力残疾1-4级;精神残疾1-4级;多重残疾1-4级;,是,见原平台,中国残联就业服务平台（动态接口）,https://www.cdpee.org.cn/,2026年05月14日
上海市,上海市,行政助理（上海闵行区）,北京易才人力资源顾问有限公司,上海市·上海市·闵行区,大专,1,视力残疾1-3级;听力残疾1-3级;言语残疾1-3级;肢体残疾1-3级;智力残疾1-3级;精神残疾1-3级;多重残疾1-3级;,是,见原平台,中国残联就业服务平台（动态接口）,https://www.cdpee.org.cn/,2026年08月17日
江苏省,南京市,HR招聘,北京易才人力资源顾问有限公司,江苏省·南京市·建邺区,大专,1,视力残疾1-3级;听力残疾1-3级;言语残疾1-3级;肢体残疾1-3级;智力残疾1-3级;精神残疾1-3级;多重残疾1-3级;,是,见原平台,中国残联就业服务平台（动态接口）,https://www.cdpee.org.cn/,2026年05月22日
四川省,成都市,成都急招（残疾人福利岗）五险一金，长白8小时，高薪技术岗,广州海仑企业服务有限公司,四川省·成都市·锦江区,学历不限,3,视力残疾1-4级;听力残疾1-4级;言语残疾1-4级;肢体残疾1-4级;智力残疾1-4级;精神残疾1-4级;多重残疾1-4级;,是,见原平台,中国残联就业服务平台（动态接口）,https://www.cdpee.org.cn/,2026年09月17日
天津市,天津市,天津档案处理员，双休，8小时，缴纳五险一金,广州海仑企业服务有限公司,天津市·天津市·河东区,学历不限,2,视力残疾1-4级;听力残疾1-4级;言语残疾1-4级;肢体残疾1-4级;智力残疾1-4级;精神残疾1-4级;多重残疾1-4级;,是,见原平台,中国残联就业服务平台（动态接口）,https://www.cdpee.org.cn/,2026年09月17日
甘肃省,定西市,养老护理员,甘肃海旺建筑安装（集团）有限公司,甘肃省·定西市·安定区,,,视力残疾1-4级;听力残疾1-4级;言语残疾1-4级;肢体残疾1-4级;智力残疾1-4级;精神残疾1-4级;多重残疾1-4级;,是,见原平台,中国残联就业服务平台（动态接口）,https://www.cdpee.org.cn/,2026年05月08日
云南省,昭通市,艾草加工，种植,云南鑫会盟艾绒制品生产有限公司,云南省·昭通市·巧家县,学历不限,100,视力残疾4级;听力残疾4级;言语残疾4级;肢体残疾4级;智力残疾4级;精神残疾4级;,是,见原平台,中国残联就业服务平台（动态接口）,https://www.cdpee.org.cn/,2026年09月17日
江苏省,宿迁市,食品加工处理,宿迁市宿城区陆小青猪肉批发经营部,江苏省·宿迁市·湖滨新区,小学,100,"视力残疾3,4级;听力残疾3,4级;肢体残疾3,4级;智力残疾4级;多重残疾3,4级;",是,见原平台,中国残联就业服务平台（动态接口）,https://www.cdpee.org.cn/,2026年09月17日
湖南省,株洲市,垃圾清运工,湖南仁仁洁国际清洁科技集团股份有限公司荷塘分公司,湖南省·株洲市·荷塘区,学历不限,1,言语残疾1级;智力残疾1级;,是,见原平台,中国残联就业服务平台（动态接口）,https://www.cdpee.org.cn/,2026年09月17日
江苏省,徐州市,江苏徐州组件工+早八晚六+包吃+五险+坐班,陕西致广人力资源有限公司,江苏省·徐州市·邳州市,学历不限,20,"视力残疾1-4级;听力残疾1-4级;言语残疾1-4级;肢体残疾1-4级;智力残疾3,4级;多重残疾1-4级;",是,见原平台,中国残联就业服务平台（动态接口）,https://www.cdpee.org.cn/,2026年09月17日
广东省,江门市,生产工,江门市霞光照明电器有限公司,广东省·江门市·蓬江区,学历不限,1,听力残疾2-4级;言语残疾2-4级;肢体残疾4级;智力残疾4级;多重残疾4级;,是,见原平台,中国残联就业服务平台（动态接口）,https://www.cdpee.org.cn/,2026年09月17日
四川省,成都市,洗涤工厂厂长,四川华序壹云数字科技有限公司,四川省·成都市·武侯区,大专,,视力残疾1-4级;听力残疾1-4级;言语残疾1-4级;肢体残疾1-4级;智力残疾1-4级;精神残疾1-4级;多重残疾1-4级;,是,见原平台,中国残联就业服务平台（动态接口）,https://www.cdpee.org.cn/,2026年05月14日
上海市,上海市,行政助理（上海闵行区）,北京易才人力资源顾问有限公司,上海市·上海市·闵行区,大专,1,视力残疾1-3级;听力残疾1-3级;言语残疾1-3级;肢体残疾1-3级;智力残疾1-3级;精神残疾1-3级;多重残疾1-3级;,是,见原平台,中国残联就业服务平台（动态接口）,https://www.cdpee.org.cn/,2026年08月17日
江苏省,南京市,HR招聘,北京易才人力资源顾问有限公司,江苏省·南京市·建邺区,大专,1,视力残疾1-3级;听力残疾1-3级;言语残疾1-3级;肢体残疾1-3级;智力残疾1-3级;精神残疾1-3级;多重残疾1-3级;,是,见原平台,中国残联就业服务平台（动态接口）,https://www.cdpee.org.cn/,2026年05月22日
四川省,成都市,成都急招（残疾人福利岗）五险一金，长白8小时，高薪技术岗,广州海仑企业服务有限公司,四川省·成都市·锦江区,学历不限,3,视力残疾1-4级;听力残疾1-4级;言语残疾1-4级;肢体残疾1-4级;智力残疾1-4级;精神残疾1-4级;多重残疾1-4级;,是,见原平台,中国残联就业服务平台（动态接口）,https://www.cdpee.org.cn/,2026年09月17日
天津市,天津市,天津档案处理员，双休，8小时，缴纳五险一金,广州海仑企业服务有限公司,天津市·天津市·河东区,学历不限,2,视力残疾1-4级;听力残疾1-4级;言语残疾1-4级;肢体残疾1-4级;智力残疾1-4级;精神残疾1-4级;多重残疾1-4级;,是,见原平台,中国残联就业服务平台（动态接口）,https://www.cdpee.org.cn/,2026年09月17日
甘肃省,定西市,养老护理员,甘肃海旺建筑安装（集团）有限公司,甘肃省·定西市·安定区,,,视力残疾1-4级;听力残疾1-4级;言语残疾1-4级;肢体残疾1-4级;智力残疾1-4级;精神残疾1-4级;多重残疾1-4级;,是,见原平台,中国残联就业服务平台（动态接口）,https://www.cdpee.org.cn/,2026年05月08日
云南省,昭通市,艾草加工，种植,云南鑫会盟艾绒制品生产有限公司,云南省·昭通市·巧家县,学历不限,100,视力残疾4级;听力残疾4级;言语残疾4级;肢体残疾4级;智力残疾4级;精神残疾4级;,是,见原平台,中国残联就业服务平台（动态接口）,https://www.cdpee.org.cn/,2026年09月17日
江苏省,宿迁市,食品加工处理,宿迁市宿城区陆小青猪肉批发经营部,江苏省·宿迁市·湖滨新区,小学,100,"视力残疾3,4级;听力残疾3,4级;肢体残疾3,4级;智力残疾4级;多重残疾3,4级;",是,见原平台,中国残联就业服务平台（动态接口）,https://www.cdpee.org.cn/,2026年09月17日
湖南省,株洲市,垃圾清运工,湖南仁仁洁国际清洁科技集团股份有限公司荷塘分公司,湖南省·株洲市·荷塘区,学历不限,1,言语残疾1级;智力残疾1级;,是,见原平台,中国残联就业服务平台（动态接口）,https://www.cdpee.org.cn/,2026年09月17日
江苏省,徐州市,江苏徐州组件工+早八晚六+包吃+五险+坐班,陕西致广人力资源有限公司,江苏省·徐州市·邳州市,学历不限,20,"视力残疾1-4级;听力残疾1-4级;言语残疾1-4级;肢体残疾1-4级;智力残疾3,4级;多重残疾1-4级;",是,见原平台,中国残联就业服务平台（动态接口）,https://www.cdpee.org.cn/,2026年09月17日
广东省,江门市,生产工,江门市霞光照明电器有限公司,广东省·江门市·蓬江区,学历不限,1,听力残疾2-4级;言语残疾2-4级;肢体残疾4级;智力残疾4级;多重残疾4级;,是,见原平台,中国残联就业服务平台（动态接口）,https://www.cdpee.org.cn/,2026年09月17日
四川省,成都市,洗涤工厂厂长,四川华序壹云数字科技有限公司,四川省·成都市·武侯区,大专,,视力残疾1-4级;听力残疾1-4级;言语残疾1-4级;肢体残疾1-4级;智力残疾1-4级;精神残疾1-4级;多重残疾1-4级;,是,见原平台,中国残联就业服务平台（动态接口）,https://www.cdpee.org.cn/,2026年05月14日
上海市,上海市,行政助理（上海闵行区）,北京易才人力资源顾问有限公司,上海市·上海市·闵行区,大专,1,视力残疾1-3级;听力残疾1-3级;言语残疾1-3级;肢体残疾1-3级;智力残疾1-3级;精神残疾1-3级;多重残疾1-3级;,是,见原平台,中国残联就业服务平台（动态接口）,https://www.cdpee.org.cn/,2026年08月17日
江苏省,南京市,HR招聘,北京易才人力资源顾问有限公司,江苏省·南京市·建邺区,大专,1,视力残疾1-3级;听力残疾1-3级;言语残疾1-3级;肢体残疾1-3级;智力残疾1-3级;精神残疾1-3级;多重残疾1-3级;,是,见原平台,中国残联就业服务平台（动态接口）,https://www.cdpee.org.cn/,2026年05月22日
四川省,成都市,成都急招（残疾人福利岗）五险一金，长白8小时，高薪技术岗,广州海仑企业服务有限公司,四川省·成都市·锦江区,学历不限,3,视力残疾1-4级;听力残疾1-4级;言语残疾1-4级;肢体残疾1-4级;智力残疾1-4级;精神残疾1-4级;多重残疾1-4级;,是,见原平台,中国残联就业服务平台（动态接口）,https://www.cdpee.org.cn/,2026年09月17日
天津市,天津市,天津档案处理员，双休，8小时，缴纳五险一金,广州海仑企业服务有限公司,天津市·天津市·河东区,学历不限,2,视力残疾1-4级;听力残疾1-4级;言语残疾1-4级;肢体残疾1-4级;智力残疾1-4级;精神残疾1-4级;多重残疾1-4级;,是,见原平台,中国残联就业服务平台（动态接口）,https://www.cdpee.org.cn/,2026年09月17日
甘肃省,定西市,养老护理员,甘肃海旺建筑安装（集团）有限公司,甘肃省·定西市·安定区,,,视力残疾1-4级;听力残疾1-4级;言语残疾1-4级;肢体残疾1-4级;智力残疾1-4级;精神残疾1-4级;多重残疾1-4级;,是,见原平台,中国残联就业服务平台（动态接口）,https://www.cdpee.org.cn/,2026年05月08日
云南省,昭通市,艾草加工，种植,云南鑫会盟艾绒制品生产有限公司,云南省·昭通市·巧家县,学历不限,100,视力残疾4级;听力残疾4级;言语残疾4级;肢体残疾4级;智力残疾4级;精神残疾4级;,是,见原平台,中国残联就业服务平台（动态接口）,https://www.cdpee.org.cn/,2026年09月17日
江苏省,宿迁市,食品加工处理,宿迁市宿城区陆小青猪肉批发经营部,江苏省·宿迁市·湖滨新区,小学,100,"视力残疾3,4级;听力残疾3,4级;肢体残疾3,4级;智力残疾4级;多重残疾3,4级;",是,见原平台,中国残联就业服务平台（动态接口）,https://www.cdpee.org.cn/,2026年09月17日
湖南省,株洲市,垃圾清运工,湖南仁仁洁国际清洁科技集团股份有限公司荷塘分公司,湖南省·株洲市·荷塘区,学历不限,1,言语残疾1级;智力残疾1级;,是,见原平台,中国残联就业服务平台（动态接口）,https://www.cdpee.org.cn/,2026年09月17日
江苏省,徐州市,江苏徐州组件工+早八晚六+包吃+五险+坐班,陕西致广人力资源有限公司,江苏省·徐州市·邳州市,学历不限,20,"视力残疾1-4级;听力残疾1-4级;言语残疾1-4级;肢体残疾1-4级;智力残疾3,4级;多重残疾1-4级;",是,见原平台,中国残联就业服务平台（动态接口）,https://www.cdpee.org.cn/,2026年09月17日
广东省,江门市,生产工,江门市霞光照明电器有限公司,广东省·江门市·蓬江区,学历不限,1,听力残疾2-4级;言语残疾2-4级;肢体残疾4级;智力残疾4级;多重残疾4级;,是,见原平台,中国残联就业服务平台（动态接口）,https://www.cdpee.org.cn/,2026年09月17日
四川省,成都市,洗涤工厂厂长,四川华序壹云数字科技有限公司,四川省·成都市·武侯区,大专,,视力残疾1-4级;听力残疾1-4级;言语残疾1-4级;肢体残疾1-4级;智力残疾1-4级;精神残疾1-4级;多重残疾1-4级;,是,见原平台,中国残联就业服务平台（动态接口）,https://www.cdpee.org.cn/,2026年05月14日
上海市,上海市,行政助理（上海闵行区）,北京易才人力资源顾问有限公司,上海市·上海市·闵行区,大专,1,视力残疾1-3级;听力残疾1-3级;言语残疾1-3级;肢体残疾1-3级;智力残疾1-3级;精神残疾1-3级;多重残疾1-3级;,是,见原平台,中国残联就业服务平台（动态接口）,https://www.cdpee.org.cn/,2026年08月17日
江苏省,南京市,HR招聘,北京易才人力资源顾问有限公司,江苏省·南京市·建邺区,大专,1,视力残疾1-3级;听力残疾1-3级;言语残疾1-3级;肢体残疾1-3级;智力残疾1-3级;精神残疾1-3级;多重残疾1-3级;,是,见原平台,中国残联就业服务平台（动态接口）,https://www.cdpee.org.cn/,2026年05月22日
四川省,成都市,成都急招（残疾人福利岗）五险一金，长白8小时，高薪技术岗,广州海仑企业服务有限公司,四川省·成都市·锦江区,学历不限,3,视力残疾1-4级;听力残疾1-4级;言语残疾1-4级;肢体残疾1-4级;智力残疾1-4级;精神残疾1-4级;多重残疾1-4级;,是,见原平台,中国残联就业服务平台（动态接口）,https://www.cdpee.org.cn/,2026年09月17日
天津市,天津市,天津档案处理员，双休，8小时，缴纳五险一金,广州海仑企业服务有限公司,天津市·天津市·河东区,学历不限,2,视力残疾1-4级;听力残疾1-4级;言语残疾1-4级;肢体残疾1-4级;智力残疾1-4级;精神残疾1-4级;多重残疾1-4级;,是,见原平台,中国残联就业服务平台（动态接口）,https://www.cdpee.org.cn/,2026年09月17日
甘肃省,定西市,养老护理员,甘肃海旺建筑安装（集团）有限公司,甘肃省·定西市·安定区,,,视力残疾1-4级;听力残疾1-4级;言语残疾1-4级;肢体残疾1-4级;智力残疾1-4级;精神残疾1-4级;多重残疾1-4级;,是,见原平台,中国残联就业服务平台（动态接口）,https://www.cdpee.org.cn/,2026年05月08日
云南省,昭通市,艾草加工，种植,云南鑫会盟艾绒制品生产有限公司,云南省·昭通市·巧家县,学历不限,100,视力残疾4级;听力残疾4级;言语残疾4级;肢体残疾4级;智力残疾4级;精神残疾4级;,是,见原平台,中国残联就业服务平台（动态接口）,https://www.cdpee.org.cn/,2026年09月17日
江苏省,宿迁市,食品加工处理,宿迁市宿城区陆小青猪肉批发经营部,江苏省·宿迁市·湖滨新区,小学,100,"视力残疾3,4级;听力残疾3,4级;肢体残疾3,4级;智力残疾4级;多重残疾3,4级;",是,见原平台,中国残联就业服务平台（动态接口）,https://www.cdpee.org.cn/,2026年09月17日
湖南省,株洲市,垃圾清运工,湖南仁仁洁国际清洁科技集团股份有限公司荷塘分公司,湖南省·株洲市·荷塘区,学历不限,1,言语残疾1级;智力残疾1级;,是,见原平台,中国残联就业服务平台（动态接口）,https://www.cdpee.org.cn/,2026年09月17日
江苏省,徐州市,江苏徐州组件工+早八晚六+包吃+五险+坐班,陕西致广人力资源有限公司,江苏省·徐州市·邳州市,学历不限,20,"视力残疾1-4级;听力残疾1-4级;言语残疾1-4级;肢体残疾1-4级;智力残疾3,4级;多重残疾1-4级;",是,见原平台,中国残联就业服务平台（动态接口）,https://www.cdpee.org.cn/,2026年09月17日
广东省,江门市,生产工,江门市霞光照明电器有限公司,广东省·江门市·蓬江区,学历不限,1,听力残疾2-4级;言语残疾2-4级;肢体残疾4级;智力残疾4级;多重残疾4级;,是,见原平台,中国残联就业服务平台（动态接口）,https://www.cdpee.org.cn/,2026年09月17日
四川省,成都市,洗涤工厂厂长,四川华序壹云数字科技有限公司,四川省·成都市·武侯区,大专,,视力残疾1-4级;听力残疾1-4级;言语残疾1-4级;肢体残疾1-4级;智力残疾1-4级;精神残疾1-4级;多重残疾1-4级;,是,见原平台,中国残联就业服务平台（动态接口）,https://www.cdpee.org.cn/,2026年05月14日
上海市,上海市,行政助理（上海闵行区）,北京易才人力资源顾问有限公司,上海市·上海市·闵行区,大专,1,视力残疾1-3级;听力残疾1-3级;言语残疾1-3级;肢体残疾1-3级;智力残疾1-3级;精神残疾1-3级;多重残疾1-3级;,是,见原平台,中国残联就业服务平台（动态接口）,https://www.cdpee.org.cn/,2026年08月17日
江苏省,南京市,HR招聘,北京易才人力资源顾问有限公司,江苏省·南京市·建邺区,大专,1,视力残疾1-3级;听力残疾1-3级;言语残疾1-3级;肢体残疾1-3级;智力残疾1-3级;精神残疾1-3级;多重残疾1-3级;,是,见原平台,中国残联就业服务平台（动态接口）,https://www.cdpee.org.cn/,2026年05月22日
四川省,成都市,成都急招（残疾人福利岗）五险一金，长白8小时，高薪技术岗,广州海仑企业服务有限公司,四川省·成都市·锦江区,学历不限,3,视力残疾1-4级;听力残疾1-4级;言语残疾1-4级;肢体残疾1-4级;智力残疾1-4级;精神残疾1-4级;多重残疾1-4级;,是,见原平台,中国残联就业服务平台（动态接口）,https://www.cdpee.org.cn/,2026年09月17日
天津市,天津市,天津档案处理员，双休，8小时，缴纳五险一金,广州海仑企业服务有限公司,天津市·天津市·河东区,学历不限,2,视力残疾1-4级;听力残疾1-4级;言语残疾1-4级;肢体残疾1-4级;智力残疾1-4级;精神残疾1-4级;多重残疾1-4级;,是,见原平台,中国残联就业服务平台（动态接口）,https://www.cdpee.org.cn/,2026年09月17日
甘肃省,定西市,养老护理员,甘肃海旺建筑安装（集团）有限公司,甘肃省·定西市·安定区,,,视力残疾1-4级;听力残疾1-4级;言语残疾1-4级;肢体残疾1-4级;智力残疾1-4级;精神残疾1-4级;多重残疾1-4级;,是,见原平台,中国残联就业服务平台（动态接口）,https://www.cdpee.org.cn/,2026年05月08日
云南省,昭通市,艾草加工，种植,云南鑫会盟艾绒制品生产有限公司,云南省·昭通市·巧家县,学历不限,100,视力残疾4级;听力残疾4级;言语残疾4级;肢体残疾4级;智力残疾4级;精神残疾4级;,是,见原平台,中国残联就业服务平台（动态接口）,https://www.cdpee.org.cn/,2026年09月17日
江苏省,宿迁市,食品加工处理,宿迁市宿城区陆小青猪肉批发经营部,江苏省·宿迁市·湖滨新区,小学,100,"视力残疾3,4级;听力残疾3,4级;肢体残疾3,4级;智力残疾4级;多重残疾3,4级;",是,见原平台,中国残联就业服务平台（动态接口）,https://www.cdpee.org.cn/,2026年09月17日
湖南省,株洲市,垃圾清运工,湖南仁仁洁国际清洁科技集团股份有限公司荷塘分公司,湖南省·株洲市·荷塘区,学历不限,1,言语残疾1级;智力残疾1级;,是,见原平台,中国残联就业服务平台（动态接口）,https://www.cdpee.org.cn/,2026年09月17日
江苏省,徐州市,江苏徐州组件工+早八晚六+包吃+五险+坐班,陕西致广人力资源有限公司,江苏省·徐州市·邳州市,学历不限,20,"视力残疾1-4级;听力残疾1-4级;言语残疾1-4级;肢体残疾1-4级;智力残疾3,4级;多重残疾1-4级;",是,见原平台,中国残联就业服务平台（动态接口）,https://www.cdpee.org.cn/,2026年09月17日
广东省,江门市,生产工,江门市霞光照明电器有限公司,广东省·江门市·蓬江区,学历不限,1,听力残疾2-4级;言语残疾2-4级;肢体残疾4级;智力残疾4级;多重残疾4级;,是,见原平台,中国残联就业服务平台（动态接口）,https://www.cdpee.org.cn/,2026年09月17日
四川省,成都市,洗涤工厂厂长,四川华序壹云数字科技有限公司,四川省·成都市·武侯区,大专,,视力残疾1-4级;听力残疾1-4级;言语残疾1-4级;肢体残疾1-4级;智力残疾1-4级;精神残疾1-4级;多重残疾1-4级;,是,见原平台,中国残联就业服务平台（动态接口）,https://www.cdpee.org.cn/,2026年05月14日
上海市,上海市,行政助理（上海闵行区）,北京易才人力资源顾问有限公司,上海市·上海市·闵行区,大专,1,视力残疾1-3级;听力残疾1-3级;言语残疾1-3级;肢体残疾1-3级;智力残疾1-3级;精神残疾1-3级;多重残疾1-3级;,是,见原平台,中国残联就业服务平台（动态接口）,https://www.cdpee.org.cn/,2026年08月17日
江苏省,南京市,HR招聘,北京易才人力资源顾问有限公司,江苏省·南京市·建邺区,大专,1,视力残疾1-3级;听力残疾1-3级;言语残疾1-3级;肢体残疾1-3级;智力残疾1-3级;精神残疾1-3级;多重残疾1-3级;,是,见原平台,中国残联就业服务平台（动态接口）,https://www.cdpee.org.cn/,2026年05月22日
四川省,成都市,成都急招（残疾人福利岗）五险一金，长白8小时，高薪技术岗,广州海仑企业服务有限公司,四川省·成都市·锦江区,学历不限,3,视力残疾1-4级;听力残疾1-4级;言语残疾1-4级;肢体残疾1-4级;智力残疾1-4级;精神残疾1-4级;多重残疾1-4级;,是,见原平台,中国残联就业服务平台（动态接口）,https://www.cdpee.org.cn/,2026年09月17日
天津市,天津市,天津档案处理员，双休，8小时，缴纳五险一金,广州海仑企业服务有限公司,天津市·天津市·河东区,学历不限,2,视力残疾1-4级;听力残疾1-4级;言语残疾1-4级;肢体残疾1-4级;智力残疾1-4级;精神残疾1-4级;多重残疾1-4级;,是,见原平台,中国残联就业服务平台（动态接口）,https://www.cdpee.org.cn/,2026年09月17日
甘肃省,定西市,养老护理员,甘肃海旺建筑安装（集团）有限公司,甘肃省·定西市·安定区,,,视力残疾1-4级;听力残疾1-4级;言语残疾1-4级;肢体残疾1-4级;智力残疾1-4级;精神残疾1-4级;多重残疾1-4级;,是,见原平台,中国残联就业服务平台（动态接口）,https://www.cdpee.org.cn/,2026年05月08日
云南省,昭通市,艾草加工，种植,云南鑫会盟艾绒制品生产有限公司,云南省·昭通市·巧家县,学历不限,100,视力残疾4级;听力残疾4级;言语残疾4级;肢体残疾4级;智力残疾4级;精神残疾4级;,是,见原平台,中国残联就业服务平台（动态接口）,https://www.cdpee.org.cn/,2026年09月17日
江苏省,宿迁市,食品加工处理,宿迁市宿城区陆小青猪肉批发经营部,江苏省·宿迁市·湖滨新区,小学,100,"视力残疾3,4级;听力残疾3,4级;肢体残疾3,4级;智力残疾4级;多重残疾3,4级;",是,见原平台,中国残联就业服务平台（动态接口）,https://www.cdpee.org.cn/,2026年09月17日
安徽省,阜阳市,木工师傅,阜阳市颍州区隆钒客家具厂,安徽省·阜阳市·颍州区,学历不限,,视力残疾1-4级;听力残疾1-4级;言语残疾1-4级;肢体残疾1-4级;智力残疾1-4级;精神残疾1-4级;多重残疾1-4级;,是,见原平台,中国残联就业服务平台（动态接口）,https://www.cdpee.org.cn/,2026年07月06日
湖南省,株洲市,垃圾清运工,湖南仁仁洁国际清洁科技集团股份有限公司荷塘分公司,湖南省·株洲市·荷塘区,学历不限,1,言语残疾1级;智力残疾1级;,是,见原平台,中国残联就业服务平台（动态接口）,https://www.cdpee.org.cn/,2026年09月17日
江苏省,徐州市,江苏徐州组件工+早八晚六+包吃+五险+坐班,陕西致广人力资源有限公司,江苏省·徐州市·邳州市,学历不限,20,"视力残疾1-4级;听力残疾1-4级;言语残疾1-4级;肢体残疾1-4级;智力残疾3,4级;多重残疾1-4级;",是,见原平台,中国残联就业服务平台（动态接口）,https://www.cdpee.org.cn/,2026年09月17日
广东省,江门市,生产工,江门市霞光照明电器有限公司,广东省·江门市·蓬江区,学历不限,1,听力残疾2-4级;言语残疾2-4级;肢体残疾4级;智力残疾4级;多重残疾4级;,是,见原平台,中国残联就业服务平台（动态接口）,https://www.cdpee.org.cn/,2026年09月17日
上海市,上海市,行政助理（上海闵行区）,北京易才人力资源顾问有限公司,上海市·上海市·闵行区,大专,1,视力残疾1-3级;听力残疾1-3级;言语残疾1-3级;肢体残疾1-3级;智力残疾1-3级;精神残疾1-3级;多重残疾1-3级;,是,见原平台,中国残联就业服务平台（动态接口）,https://www.cdpee.org.cn/,2026年08月17日
江苏省,南京市,HR招聘,北京易才人力资源顾问有限公司,江苏省·南京市·建邺区,大专,1,视力残疾1-3级;听力残疾1-3级;言语残疾1-3级;肢体残疾1-3级;智力残疾1-3级;精神残疾1-3级;多重残疾1-3级;,是,见原平台,中国残联就业服务平台（动态接口）,https://www.cdpee.org.cn/,2026年05月22日
新疆维吾尔自治区,乌鲁木齐市,台球助教,头屯河区球友台球厅（个体工商户）,新疆维吾尔自治区·乌鲁木齐市·头屯河区,学历不限,,视力残疾1-4级;听力残疾1-4级;言语残疾1-4级;肢体残疾1-4级;智力残疾1-4级;精神残疾1-4级;多重残疾1-4级;,是,见原平台,中国残联就业服务平台（动态接口）,https://www.cdpee.org.cn/,2026年07月18日
四川省,成都市,成都急招（残疾人福利岗）五险一金，长白8小时，高薪技术岗,广州海仑企业服务有限公司,四川省·成都市·锦江区,学历不限,3,视力残疾1-4级;听力残疾1-4级;言语残疾1-4级;肢体残疾1-4级;智力残疾1-4级;精神残疾1-4级;多重残疾1-4级;,是,见原平台,中国残联就业服务平台（动态接口）,https://www.cdpee.org.cn/,2026年09月17日
天津市,天津市,天津档案处理员，双休，8小时，缴纳五险一金,广州海仑企业服务有限公司,天津市·天津市·河东区,学历不限,2,视力残疾1-4级;听力残疾1-4级;言语残疾1-4级;肢体残疾1-4级;智力残疾1-4级;精神残疾1-4级;多重残疾1-4级;,是,见原平台,中国残联就业服务平台（动态接口）,https://www.cdpee.org.cn/,2026年09月17日
云南省,昭通市,艾草加工，种植,云南鑫会盟艾绒制品生产有限公司,云南省·昭通市·巧家县,学历不限,100,视力残疾4级;听力残疾4级;言语残疾4级;肢体残疾4级;智力残疾4级;精神残疾4级;,是,见原平台,中国残联就业服务平台（动态接口）,https://www.cdpee.org.cn/,2026年09月17日
江苏省,宿迁市,食品加工处理,宿迁市宿城区陆小青猪肉批发经营部,江苏省·宿迁市·湖滨新区,小学,100,"视力残疾3,4级;听力残疾3,4级;肢体残疾3,4级;智力残疾4级;多重残疾3,4级;",是,见原平台,中国残联就业服务平台（动态接口）,https://www.cdpee.org.cn/,2026年09月17日
安徽省,阜阳市,木工师傅,阜阳市颍州区隆钒客家具厂,安徽省·阜阳市·颍州区,学历不限,,视力残疾1-4级;听力残疾1-4级;言语残疾1-4级;肢体残疾1-4级;智力残疾1-4级;精神残疾1-4级;多重残疾1-4级;,是,见原平台,中国残联就业服务平台（动态接口）,https://www.cdpee.org.cn/,2026年07月06日
湖南省,株洲市,垃圾清运工,湖南仁仁洁国际清洁科技集团股份有限公司荷塘分公司,湖南省·株洲市·荷塘区,学历不限,1,言语残疾1级;智力残疾1级;,是,见原平台,中国残联就业服务平台（动态接口）,https://www.cdpee.org.cn/,2026年09月17日
江苏省,徐州市,江苏徐州组件工+早八晚六+包吃+五险+坐班,陕西致广人力资源有限公司,江苏省·徐州市·邳州市,学历不限,20,"视力残疾1-4级;听力残疾1-4级;言语残疾1-4级;肢体残疾1-4级;智力残疾3,4级;多重残疾1-4级;",是,见原平台,中国残联就业服务平台（动态接口）,https://www.cdpee.org.cn/,2026年09月17日
广东省,江门市,生产工,江门市霞光照明电器有限公司,广东省·江门市·蓬江区,学历不限,1,听力残疾2-4级;言语残疾2-4级;肢体残疾4级;智力残疾4级;多重残疾4级;,是,见原平台,中国残联就业服务平台（动态接口）,https://www.cdpee.org.cn/,2026年09月17日
上海市,上海市,行政助理（上海闵行区）,北京易才人力资源顾问有限公司,上海市·上海市·闵行区,大专,1,视力残疾1-3级;听力残疾1-3级;言语残疾1-3级;肢体残疾1-3级;智力残疾1-3级;精神残疾1-3级;多重残疾1-3级;,是,见原平台,中国残联就业服务平台（动态接口）,https://www.cdpee.org.cn/,2026年08月17日
江苏省,南京市,HR招聘,北京易才人力资源顾问有限公司,江苏省·南京市·建邺区,大专,1,视力残疾1-3级;听力残疾1-3级;言语残疾1-3级;肢体残疾1-3级;智力残疾1-3级;精神残疾1-3级;多重残疾1-3级;,是,见原平台,中国残联就业服务平台（动态接口）,https://www.cdpee.org.cn/,2026年05月22日
新疆维吾尔自治区,乌鲁木齐市,台球助教,头屯河区球友台球厅（个体工商户）,新疆维吾尔自治区·乌鲁木齐市·头屯河区,学历不限,,视力残疾1-4级;听力残疾1-4级;言语残疾1-4级;肢体残疾1-4级;智力残疾1-4级;精神残疾1-4级;多重残疾1-4级;,是,见原平台,中国残联就业服务平台（动态接口）,https://www.cdpee.org.cn/,2026年07月18日
四川省,成都市,成都急招（残疾人福利岗）五险一金，长白8小时，高薪技术岗,广州海仑企业服务有限公司,四川省·成都市·锦江区,学历不限,3,视力残疾1-4级;听力残疾1-4级;言语残疾1-4级;肢体残疾1-4级;智力残疾1-4级;精神残疾1-4级;多重残疾1-4级;,是,见原平台,中国残联就业服务平台（动态接口）,https://www.cdpee.org.cn/,2026年09月17日
天津市,天津市,天津档案处理员，双休，8小时，缴纳五险一金,广州海仑企业服务有限公司,天津市·天津市·河东区,学历不限,2,视力残疾1-4级;听力残疾1-4级;言语残疾1-4级;肢体残疾1-4级;智力残疾1-4级;精神残疾1-4级;多重残疾1-4级;,是,见原平台,中国残联就业服务平台（动态接口）,https://www.cdpee.org.cn/,2026年09月17日
云南省,昭通市,艾草加工，种植,云南鑫会盟艾绒制品生产有限公司,云南省·昭通市·巧家县,学历不限,100,视力残疾4级;听力残疾4级;言语残疾4级;肢体残疾4级;智力残疾4级;精神残疾4级;,是,见原平台,中国残联就业服务平台（动态接口）,https://www.cdpee.org.cn/,2026年09月17日
江苏省,宿迁市,食品加工处理,宿迁市宿城区陆小青猪肉批发经营部,江苏省·宿迁市·湖滨新区,小学,100,"视力残疾3,4级;听力残疾3,4级;肢体残疾3,4级;智力残疾4级;多重残疾3,4级;",是,见原平台,中国残联就业服务平台（动态接口）,https://www.cdpee.org.cn/,2026年09月17日
安徽省,阜阳市,木工师傅,阜阳市颍州区隆钒客家具厂,安徽省·阜阳市·颍州区,学历不限,,视力残疾1-4级;听力残疾1-4级;言语残疾1-4级;肢体残疾1-4级;智力残疾1-4级;精神残疾1-4级;多重残疾1-4级;,是,见原平台,中国残联就业服务平台（动态接口）,https://www.cdpee.org.cn/,2026年07月06日
湖南省,株洲市,垃圾清运工,湖南仁仁洁国际清洁科技集团股份有限公司荷塘分公司,湖南省·株洲市·荷塘区,学历不限,1,言语残疾1级;智力残疾1级;,是,见原平台,中国残联就业服务平台（动态接口）,https://www.cdpee.org.cn/,2026年09月17日
江苏省,徐州市,江苏徐州组件工+早八晚六+包吃+五险+坐班,陕西致广人力资源有限公司,江苏省·徐州市·邳州市,学历不限,20,"视力残疾1-4级;听力残疾1-4级;言语残疾1-4级;肢体残疾1-4级;智力残疾3,4级;多重残疾1-4级;",是,见原平台,中国残联就业服务平台（动态接口）,https://www.cdpee.org.cn/,2026年09月17日
广东省,江门市,生产工,江门市霞光照明电器有限公司,广东省·江门市·蓬江区,学历不限,1,听力残疾2-4级;言语残疾2-4级;肢体残疾4级;智力残疾4级;多重残疾4级;,是,见原平台,中国残联就业服务平台（动态接口）,https://www.cdpee.org.cn/,2026年09月17日
上海市,上海市,行政助理（上海闵行区）,北京易才人力资源顾问有限公司,上海市·上海市·闵行区,大专,1,视力残疾1-3级;听力残疾1-3级;言语残疾1-3级;肢体残疾1-3级;智力残疾1-3级;精神残疾1-3级;多重残疾1-3级;,是,见原平台,中国残联就业服务平台（动态接口）,https://www.cdpee.org.cn/,2026年08月17日
江苏省,南京市,HR招聘,北京易才人力资源顾问有限公司,江苏省·南京市·建邺区,大专,1,视力残疾1-3级;听力残疾1-3级;言语残疾1-3级;肢体残疾1-3级;智力残疾1-3级;精神残疾1-3级;多重残疾1-3级;,是,见原平台,中国残联就业服务平台（动态接口）,https://www.cdpee.org.cn/,2026年05月22日
新疆维吾尔自治区,乌鲁木齐市,台球助教,头屯河区球友台球厅（个体工商户）,新疆维吾尔自治区·乌鲁木齐市·头屯河区,学历不限,,视力残疾1-4级;听力残疾1-4级;言语残疾1-4级;肢体残疾1-4级;智力残疾1-4级;精神残疾1-4级;多重残疾1-4级;,是,见原平台,中国残联就业服务平台（动态接口）,https://www.cdpee.org.cn/,2026年07月18日
四川省,成都市,成都急招（残疾人福利岗）五险一金，长白8小时，高薪技术岗,广州海仑企业服务有限公司,四川省·成都市·锦江区,学历不限,3,视力残疾1-4级;听力残疾1-4级;言语残疾1-4级;肢体残疾1-4级;智力残疾1-4级;精神残疾1-4级;多重残疾1-4级;,是,见原平台,中国残联就业服务平台（动态接口）,https://www.cdpee.org.cn/,2026年09月17日
天津市,天津市,天津档案处理员，双休，8小时，缴纳五险一金,广州海仑企业服务有限公司,天津市·天津市·河东区,学历不限,2,视力残疾1-4级;听力残疾1-4级;言语残疾1-4级;肢体残疾1-4级;智力残疾1-4级;精神残疾1-4级;多重残疾1-4级;,是,见原平台,中国残联就业服务平台（动态接口）,https://www.cdpee.org.cn/,2026年09月17日
云南省,昭通市,艾草加工，种植,云南鑫会盟艾绒制品生产有限公司,云南省·昭通市·巧家县,学历不限,100,视力残疾4级;听力残疾4级;言语残疾4级;肢体残疾4级;智力残疾4级;精神残疾4级;,是,见原平台,中国残联就业服务平台（动态接口）,https://www.cdpee.org.cn/,2026年09月17日
江苏省,宿迁市,食品加工处理,宿迁市宿城区陆小青猪肉批发经营部,江苏省·宿迁市·湖滨新区,小学,100,"视力残疾3,4级;听力残疾3,4级;肢体残疾3,4级;智力残疾4级;多重残疾3,4级;",是,见原平台,中国残联就业服务平台（动态接口）,https://www.cdpee.org.cn/,2026年09月17日
安徽省,阜阳市,木工师傅,阜阳市颍州区隆钒客家具厂,安徽省·阜阳市·颍州区,学历不限,,视力残疾1-4级;听力残疾1-4级;言语残疾1-4级;肢体残疾1-4级;智力残疾1-4级;精神残疾1-4级;多重残疾1-4级;,是,见原平台,中国残联就业服务平台（动态接口）,https://www.cdpee.org.cn/,2026年07月06日
湖南省,株洲市,垃圾清运工,湖南仁仁洁国际清洁科技集团股份有限公司荷塘分公司,湖南省·株洲市·荷塘区,学历不限,1,言语残疾1级;智力残疾1级;,是,见原平台,中国残联就业服务平台（动态接口）,https://www.cdpee.org.cn/,2026年09月17日
江苏省,徐州市,江苏徐州组件工+早八晚六+包吃+五险+坐班,陕西致广人力资源有限公司,江苏省·徐州市·邳州市,学历不限,20,"视力残疾1-4级;听力残疾1-4级;言语残疾1-4级;肢体残疾1-4级;智力残疾3,4级;多重残疾1-4级;",是,见原平台,中国残联就业服务平台（动态接口）,https://www.cdpee.org.cn/,2026年09月17日
广东省,江门市,生产工,江门市霞光照明电器有限公司,广东省·江门市·蓬江区,学历不限,1,听力残疾2-4级;言语残疾2-4级;肢体残疾4级;智力残疾4级;多重残疾4级;,是,见原平台,中国残联就业服务平台（动态接口）,https://www.cdpee.org.cn/,2026年09月17日
上海市,上海市,行政助理（上海闵行区）,北京易才人力资源顾问有限公司,上海市·上海市·闵行区,大专,1,视力残疾1-3级;听力残疾1-3级;言语残疾1-3级;肢体残疾1-3级;智力残疾1-3级;精神残疾1-3级;多重残疾1-3级;,是,见原平台,中国残联就业服务平台（动态接口）,https://www.cdpee.org.cn/,2026年08月17日
江苏省,南京市,HR招聘,北京易才人力资源顾问有限公司,江苏省·南京市·建邺区,大专,1,视力残疾1-3级;听力残疾1-3级;言语残疾1-3级;肢体残疾1-3级;智力残疾1-3级;精神残疾1-3级;多重残疾1-3级;,是,见原平台,中国残联就业服务平台（动态接口）,https://www.cdpee.org.cn/,2026年05月22日
新疆维吾尔自治区,乌鲁木齐市,台球助教,头屯河区球友台球厅（个体工商户）,新疆维吾尔自治区·乌鲁木齐市·头屯河区,学历不限,,视力残疾1-4级;听力残疾1-4级;言语残疾1-4级;肢体残疾1-4级;智力残疾1-4级;精神残疾1-4级;多重残疾1-4级;,是,见原平台,中国残联就业服务平台（动态接口）,https://www.cdpee.org.cn/,2026年07月18日
四川省,成都市,成都急招（残疾人福利岗）五险一金，长白8小时，高薪技术岗,广州海仑企业服务有限公司,四川省·成都市·锦江区,学历不限,3,视力残疾1-4级;听力残疾1-4级;言语残疾1-4级;肢体残疾1-4级;智力残疾1-4级;精神残疾1-4级;多重残疾1-4级;,是,见原平台,中国残联就业服务平台（动态接口）,https://www.cdpee.org.cn/,2026年09月17日
天津市,天津市,天津档案处理员，双休，8小时，缴纳五险一金,广州海仑企业服务有限公司,天津市·天津市·河东区,学历不限,2,视力残疾1-4级;听力残疾1-4级;言语残疾1-4级;肢体残疾1-4级;智力残疾1-4级;精神残疾1-4级;多重残疾1-4级;,是,见原平台,中国残联就业服务平台（动态接口）,https://www.cdpee.org.cn/,2026年09月17日
云南省,昭通市,艾草加工，种植,云南鑫会盟艾绒制品生产有限公司,云南省·昭通市·巧家县,学历不限,100,视力残疾4级;听力残疾4级;言语残疾4级;肢体残疾4级;智力残疾4级;精神残疾4级;,是,见原平台,中国残联就业服务平台（动态接口）,https://www.cdpee.org.cn/,2026年09月17日
江苏省,宿迁市,食品加工处理,宿迁市宿城区陆小青猪肉批发经营部,江苏省·宿迁市·湖滨新区,小学,100,"视力残疾3,4级;听力残疾3,4级;肢体残疾3,4级;智力残疾4级;多重残疾3,4级;",是,见原平台,中国残联就业服务平台（动态接口）,https://www.cdpee.org.cn/,2026年09月17日
安徽省,阜阳市,木工师傅,阜阳市颍州区隆钒客家具厂,安徽省·阜阳市·颍州区,学历不限,,视力残疾1-4级;听力残疾1-4级;言语残疾1-4级;肢体残疾1-4级;智力残疾1-4级;精神残疾1-4级;多重残疾1-4级;,是,见原平台,中国残联就业服务平台（动态接口）,https://www.cdpee.org.cn/,2026年07月06日
湖南省,株洲市,垃圾清运工,湖南仁仁洁国际清洁科技集团股份有限公司荷塘分公司,湖南省·株洲市·荷塘区,学历不限,1,言语残疾1级;智力残疾1级;,是,见原平台,中国残联就业服务平台（动态接口）,https://www.cdpee.org.cn/,2026年09月17日
江苏省,徐州市,江苏徐州组件工+早八晚六+包吃+五险+坐班,陕西致广人力资源有限公司,江苏省·徐州市·邳州市,学历不限,20,"视力残疾1-4级;听力残疾1-4级;言语残疾1-4级;肢体残疾1-4级;智力残疾3,4级;多重残疾1-4级;",是,见原平台,中国残联就业服务平台（动态接口）,https://www.cdpee.org.cn/,2026年09月17日
广东省,江门市,生产工,江门市霞光照明电器有限公司,广东省·江门市·蓬江区,学历不限,1,听力残疾2-4级;言语残疾2-4级;肢体残疾4级;智力残疾4级;多重残疾4级;,是,见原平台,中国残联就业服务平台（动态接口）,https://www.cdpee.org.cn/,2026年09月17日
上海市,上海市,行政助理（上海闵行区）,北京易才人力资源顾问有限公司,上海市·上海市·闵行区,大专,1,视力残疾1-3级;听力残疾1-3级;言语残疾1-3级;肢体残疾1-3级;智力残疾1-3级;精神残疾1-3级;多重残疾1-3级;,是,见原平台,中国残联就业服务平台（动态接口）,https://www.cdpee.org.cn/,2026年08月17日
江苏省,南京市,HR招聘,北京易才人力资源顾问有限公司,江苏省·南京市·建邺区,大专,1,视力残疾1-3级;听力残疾1-3级;言语残疾1-3级;肢体残疾1-3级;智力残疾1-3级;精神残疾1-3级;多重残疾1-3级;,是,见原平台,中国残联就业服务平台（动态接口）,https://www.cdpee.org.cn/,2026年05月22日
新疆维吾尔自治区,乌鲁木齐市,台球助教,头屯河区球友台球厅（个体工商户）,新疆维吾尔自治区·乌鲁木齐市·头屯河区,学历不限,,视力残疾1-4级;听力残疾1-4级;言语残疾1-4级;肢体残疾1-4级;智力残疾1-4级;精神残疾1-4级;多重残疾1-4级;,是,见原平台,中国残联就业服务平台（动态接口）,https://www.cdpee.org.cn/,2026年07月18日
四川省,成都市,成都急招（残疾人福利岗）五险一金，长白8小时，高薪技术岗,广州海仑企业服务有限公司,四川省·成都市·锦江区,学历不限,3,视力残疾1-4级;听力残疾1-4级;言语残疾1-4级;肢体残疾1-4级;智力残疾1-4级;精神残疾1-4级;多重残疾1-4级;,是,见原平台,中国残联就业服务平台（动态接口）,https://www.cdpee.org.cn/,2026年09月17日
天津市,天津市,天津档案处理员，双休，8小时，缴纳五险一金,广州海仑企业服务有限公司,天津市·天津市·河东区,学历不限,2,视力残疾1-4级;听力残疾1-4级;言语残疾1-4级;肢体残疾1-4级;智力残疾1-4级;精神残疾1-4级;多重残疾1-4级;,是,见原平台,中国残联就业服务平台（动态接口）,https://www.cdpee.org.cn/,2026年09月17日
云南省,昭通市,艾草加工，种植,云南鑫会盟艾绒制品生产有限公司,云南省·昭通市·巧家县,学历不限,100,视力残疾4级;听力残疾4级;言语残疾4级;肢体残疾4级;智力残疾4级;精神残疾4级;,是,见原平台,中国残联就业服务平台（动态接口）,https://www.cdpee.org.cn/,2026年09月17日
江苏省,宿迁市,食品加工处理,宿迁市宿城区陆小青猪肉批发经营部,江苏省·宿迁市·湖滨新区,小学,100,"视力残疾3,4级;听力残疾3,4级;肢体残疾3,4级;智力残疾4级;多重残疾3,4级;",是,见原平台,中国残联就业服务平台（动态接口）,https://www.cdpee.org.cn/,2026年09月17日
安徽省,阜阳市,木工师傅,阜阳市颍州区隆钒客家具厂,安徽省·阜阳市·颍州区,学历不限,,视力残疾1-4级;听力残疾1-4级;言语残疾1-4级;肢体残疾1-4级;智力残疾1-4级;精神残疾1-4级;多重残疾1-4级;,是,见原平台,中国残联就业服务平台（动态接口）,https://www.cdpee.org.cn/,2026年07月06日
湖南省,株洲市,垃圾清运工,湖南仁仁洁国际清洁科技集团股份有限公司荷塘分公司,湖南省·株洲市·荷塘区,学历不限,1,言语残疾1级;智力残疾1级;,是,见原平台,中国残联就业服务平台（动态接口）,https://www.cdpee.org.cn/,2026年09月17日
江苏省,徐州市,江苏徐州组件工+早八晚六+包吃+五险+坐班,陕西致广人力资源有限公司,江苏省·徐州市·邳州市,学历不限,20,"视力残疾1-4级;听力残疾1-4级;言语残疾1-4级;肢体残疾1-4级;智力残疾3,4级;多重残疾1-4级;",是,见原平台,中国残联就业服务平台（动态接口）,https://www.cdpee.org.cn/,2026年09月17日
广东省,江门市,生产工,江门市霞光照明电器有限公司,广东省·江门市·蓬江区,学历不限,1,听力残疾2-4级;言语残疾2-4级;肢体残疾4级;智力残疾4级;多重残疾4级;,是,见原平台,中国残联就业服务平台（动态接口）,https://www.cdpee.org.cn/,2026年09月17日
上海市,上海市,行政助理（上海闵行区）,北京易才人力资源顾问有限公司,上海市·上海市·闵行区,大专,1,视力残疾1-3级;听力残疾1-3级;言语残疾1-3级;肢体残疾1-3级;智力残疾1-3级;精神残疾1-3级;多重残疾1-3级;,是,见原平台,中国残联就业服务平台（动态接口）,https://www.cdpee.org.cn/,2026年08月17日
江苏省,南京市,HR招聘,北京易才人力资源顾问有限公司,江苏省·南京市·建邺区,大专,1,视力残疾1-3级;听力残疾1-3级;言语残疾1-3级;肢体残疾1-3级;智力残疾1-3级;精神残疾1-3级;多重残疾1-3级;,是,见原平台,中国残联就业服务平台（动态接口）,https://www.cdpee.org.cn/,2026年05月22日
新疆维吾尔自治区,乌鲁木齐市,台球助教,头屯河区球友台球厅（个体工商户）,新疆维吾尔自治区·乌鲁木齐市·头屯河区,学历不限,,视力残疾1-4级;听力残疾1-4级;言语残疾1-4级;肢体残疾1-4级;智力残疾1-4级;精神残疾1-4级;多重残疾1-4级;,是,见原平台,中国残联就业服务平台（动态接口）,https://www.cdpee.org.cn/,2026年07月18日
四川省,成都市,成都急招（残疾人福利岗）五险一金，长白8小时，高薪技术岗,广州海仑企业服务有限公司,四川省·成都市·锦江区,学历不限,3,视力残疾1-4级;听力残疾1-4级;言语残疾1-4级;肢体残疾1-4级;智力残疾1-4级;精神残疾1-4级;多重残疾1-4级;,是,见原平台,中国残联就业服务平台（动态接口）,https://www.cdpee.org.cn/,2026年09月17日
天津市,天津市,天津档案处理员，双休，8小时，缴纳五险一金,广州海仑企业服务有限公司,天津市·天津市·河东区,学历不限,2,视力残疾1-4级;听力残疾1-4级;言语残疾1-4级;肢体残疾1-4级;智力残疾1-4级;精神残疾1-4级;多重残疾1-4级;,是,见原平台,中国残联就业服务平台（动态接口）,https://www.cdpee.org.cn/,2026年09月17日
云南省,昭通市,艾草加工，种植,云南鑫会盟艾绒制品生产有限公司,云南省·昭通市·巧家县,学历不限,100,视力残疾4级;听力残疾4级;言语残疾4级;肢体残疾4级;智力残疾4级;精神残疾4级;,是,见原平台,中国残联就业服务平台（动态接口）,https://www.cdpee.org.cn/,2026年09月17日
江苏省,宿迁市,食品加工处理,宿迁市宿城区陆小青猪肉批发经营部,江苏省·宿迁市·湖滨新区,小学,100,"视力残疾3,4级;听力残疾3,4级;肢体残疾3,4级;智力残疾4级;多重残疾3,4级;",是,见原平台,中国残联就业服务平台（动态接口）,https://www.cdpee.org.cn/,2026年09月17日
安徽省,阜阳市,木工师傅,阜阳市颍州区隆钒客家具厂,安徽省·阜阳市·颍州区,学历不限,,视力残疾1-4级;听力残疾1-4级;言语残疾1-4级;肢体残疾1-4级;智力残疾1-4级;精神残疾1-4级;多重残疾1-4级;,是,见原平台,中国残联就业服务平台（动态接口）,https://www.cdpee.org.cn/,2026年07月06日
湖南省,株洲市,垃圾清运工,湖南仁仁洁国际清洁科技集团股份有限公司荷塘分公司,湖南省·株洲市·荷塘区,学历不限,1,言语残疾1级;智力残疾1级;,是,见原平台,中国残联就业服务平台（动态接口）,https://www.cdpee.org.cn/,2026年09月17日
江苏省,徐州市,江苏徐州组件工+早八晚六+包吃+五险+坐班,陕西致广人力资源有限公司,江苏省·徐州市·邳州市,学历不限,20,"视力残疾1-4级;听力残疾1-4级;言语残疾1-4级;肢体残疾1-4级;智力残疾3,4级;多重残疾1-4级;",是,见原平台,中国残联就业服务平台（动态接口）,https://www.cdpee.org.cn/,2026年09月17日
广东省,江门市,生产工,江门市霞光照明电器有限公司,广东省·江门市·蓬江区,学历不限,1,听力残疾2-4级;言语残疾2-4级;肢体残疾4级;智力残疾4级;多重残疾4级;,是,见原平台,中国残联就业服务平台（动态接口）,https://www.cdpee.org.cn/,2026年09月17日
上海市,上海市,行政助理（上海闵行区）,北京易才人力资源顾问有限公司,上海市·上海市·闵行区,大专,1,视力残疾1-3级;听力残疾1-3级;言语残疾1-3级;肢体残疾1-3级;智力残疾1-3级;精神残疾1-3级;多重残疾1-3级;,是,见原平台,中国残联就业服务平台（动态接口）,https://www.cdpee.org.cn/,2026年08月17日
江苏省,南京市,HR招聘,北京易才人力资源顾问有限公司,江苏省·南京市·建邺区,大专,1,视力残疾1-3级;听力残疾1-3级;言语残疾1-3级;肢体残疾1-3级;智力残疾1-3级;精神残疾1-3级;多重残疾1-3级;,是,见原平台,中国残联就业服务平台（动态接口）,https://www.cdpee.org.cn/,2026年05月22日
新疆维吾尔自治区,乌鲁木齐市,台球助教,头屯河区球友台球厅（个体工商户）,新疆维吾尔自治区·乌鲁木齐市·头屯河区,学历不限,,视力残疾1-4级;听力残疾1-4级;言语残疾1-4级;肢体残疾1-4级;智力残疾1-4级;精神残疾1-4级;多重残疾1-4级;,是,见原平台,中国残联就业服务平台（动态接口）,https://www.cdpee.org.cn/,2026年07月18日
四川省,成都市,成都急招（残疾人福利岗）五险一金，长白8小时，高薪技术岗,广州海仑企业服务有限公司,四川省·成都市·锦江区,学历不限,3,视力残疾1-4级;听力残疾1-4级;言语残疾1-4级;肢体残疾1-4级;智力残疾1-4级;精神残疾1-4级;多重残疾1-4级;,是,见原平台,中国残联就业服务平台（动态接口）,https://www.cdpee.org.cn/,2026年09月17日
天津市,天津市,天津档案处理员，双休，8小时，缴纳五险一金,广州海仑企业服务有限公司,天津市·天津市·河东区,学历不限,2,视力残疾1-4级;听力残疾1-4级;言语残疾1-4级;肢体残疾1-4级;智力残疾1-4级;精神残疾1-4级;多重残疾1-4级;,是,见原平台,中国残联就业服务平台（动态接口）,https://www.cdpee.org.cn/,2026年09月17日
云南省,昭通市,艾草加工，种植,云南鑫会盟艾绒制品生产有限公司,云南省·昭通市·巧家县,学历不限,100,视力残疾4级;听力残疾4级;言语残疾4级;肢体残疾4级;智力残疾4级;精神残疾4级;,是,见原平台,中国残联就业服务平台（动态接口）,https://www.cdpee.org.cn/,2026年09月17日
江苏省,宿迁市,食品加工处理,宿迁市宿城区陆小青猪肉批发经营部,江苏省·宿迁市·湖滨新区,小学,100,"视力残疾3,4级;听力残疾3,4级;肢体残疾3,4级;智力残疾4级;多重残疾3,4级;",是,见原平台,中国残联就业服务平台（动态接口）,https://www.cdpee.org.cn/,2026年09月17日
安徽省,阜阳市,木工师傅,阜阳市颍州区隆钒客家具厂,安徽省·阜阳市·颍州区,学历不限,,视力残疾1-4级;听力残疾1-4级;言语残疾1-4级;肢体残疾1-4级;智力残疾1-4级;精神残疾1-4级;多重残疾1-4级;,是,见原平台,中国残联就业服务平台（动态接口）,https://www.cdpee.org.cn/,2026年07月06日
湖南省,株洲市,垃圾清运工,湖南仁仁洁国际清洁科技集团股份有限公司荷塘分公司,湖南省·株洲市·荷塘区,学历不限,1,言语残疾1级;智力残疾1级;,是,见原平台,中国残联就业服务平台（动态接口）,https://www.cdpee.org.cn/,2026年09月17日
江苏省,徐州市,江苏徐州组件工+早八晚六+包吃+五险+坐班,陕西致广人力资源有限公司,江苏省·徐州市·邳州市,学历不限,20,"视力残疾1-4级;听力残疾1-4级;言语残疾1-4级;肢体残疾1-4级;智力残疾3,4级;多重残疾1-4级;",是,见原平台,中国残联就业服务平台（动态接口）,https://www.cdpee.org.cn/,2026年09月17日
广东省,江门市,生产工,江门市霞光照明电器有限公司,广东省·江门市·蓬江区,学历不限,1,听力残疾2-4级;言语残疾2-4级;肢体残疾4级;智力残疾4级;多重残疾4级;,是,见原平台,中国残联就业服务平台（动态接口）,https://www.cdpee.org.cn/,2026年09月17日
上海市,上海市,行政助理（上海闵行区）,北京易才人力资源顾问有限公司,上海市·上海市·闵行区,大专,1,视力残疾1-3级;听力残疾1-3级;言语残疾1-3级;肢体残疾1-3级;智力残疾1-3级;精神残疾1-3级;多重残疾1-3级;,是,见原平台,中国残联就业服务平台（动态接口）,https://www.cdpee.org.cn/,2026年08月17日
江苏省,南京市,HR招聘,北京易才人力资源顾问有限公司,江苏省·南京市·建邺区,大专,1,视力残疾1-3级;听力残疾1-3级;言语残疾1-3级;肢体残疾1-3级;智力残疾1-3级;精神残疾1-3级;多重残疾1-3级;,是,见原平台,中国残联就业服务平台（动态接口）,https://www.cdpee.org.cn/,2026年05月22日
新疆维吾尔自治区,乌鲁木齐市,台球助教,头屯河区球友台球厅（个体工商户）,新疆维吾尔自治区·乌鲁木齐市·头屯河区,学历不限,,视力残疾1-4级;听力残疾1-4级;言语残疾1-4级;肢体残疾1-4级;智力残疾1-4级;精神残疾1-4级;多重残疾1-4级;,是,见原平台,中国残联就业服务平台（动态接口）,https://www.cdpee.org.cn/,2026年07月18日
四川省,成都市,成都急招（残疾人福利岗）五险一金，长白8小时，高薪技术岗,广州海仑企业服务有限公司,四川省·成都市·锦江区,学历不限,3,视力残疾1-4级;听力残疾1-4级;言语残疾1-4级;肢体残疾1-4级;智力残疾1-4级;精神残疾1-4级;多重残疾1-4级;,是,见原平台,中国残联就业服务平台（动态接口）,https://www.cdpee.org.cn/,2026年09月17日
天津市,天津市,天津档案处理员，双休，8小时，缴纳五险一金,广州海仑企业服务有限公司,天津市·天津市·河东区,学历不限,2,视力残疾1-4级;听力残疾1-4级;言语残疾1-4级;肢体残疾1-4级;智力残疾1-4级;精神残疾1-4级;多重残疾1-4级;,是,见原平台,中国残联就业服务平台（动态接口）,https://www.cdpee.org.cn/,2026年09月17日
云南省,昭通市,艾草加工，种植,云南鑫会盟艾绒制品生产有限公司,云南省·昭通市·巧家县,学历不限,100,视力残疾4级;听力残疾4级;言语残疾4级;肢体残疾4级;智力残疾4级;精神残疾4级;,是,见原平台,中国残联就业服务平台（动态接口）,https://www.cdpee.org.cn/,2026年09月17日
江苏省,宿迁市,食品加工处理,宿迁市宿城区陆小青猪肉批发经营部,江苏省·宿迁市·湖滨新区,小学,100,"视力残疾3,4级;听力残疾3,4级;肢体残疾3,4级;智力残疾4级;多重残疾3,4级;",是,见原平台,中国残联就业服务平台（动态接口）,https://www.cdpee.org.cn/,2026年09月17日
安徽省,阜阳市,木工师傅,阜阳市颍州区隆钒客家具厂,安徽省·阜阳市·颍州区,学历不限,,视力残疾1-4级;听力残疾1-4级;言语残疾1-4级;肢体残疾1-4级;智力残疾1-4级;精神残疾1-4级;多重残疾1-4级;,是,见原平台,中国残联就业服务平台（动态接口）,https://www.cdpee.org.cn/,2026年07月06日
湖南省,株洲市,垃圾清运工,湖南仁仁洁国际清洁科技集团股份有限公司荷塘分公司,湖南省·株洲市·荷塘区,学历不限,1,言语残疾1级;智力残疾1级;,是,见原平台,中国残联就业服务平台（动态接口）,https://www.cdpee.org.cn/,2026年09月17日
江苏省,徐州市,江苏徐州组件工+早八晚六+包吃+五险+坐班,陕西致广人力资源有限公司,江苏省·徐州市·邳州市,学历不限,20,"视力残疾1-4级;听力残疾1-4级;言语残疾1-4级;肢体残疾1-4级;智力残疾3,4级;多重残疾1-4级;",是,见原平台,中国残联就业服务平台（动态接口）,https://www.cdpee.org.cn/,2026年09月17日
广东省,江门市,生产工,江门市霞光照明电器有限公司,广东省·江门市·蓬江区,学历不限,1,听力残疾2-4级;言语残疾2-4级;肢体残疾4级;智力残疾4级;多重残疾4级;,是,见原平台,中国残联就业服务平台（动态接口）,https://www.cdpee.org.cn/,2026年09月17日
上海市,上海市,行政助理（上海闵行区）,北京易才人力资源顾问有限公司,上海市·上海市·闵行区,大专,1,视力残疾1-3级;听力残疾1-3级;言语残疾1-3级;肢体残疾1-3级;智力残疾1-3级;精神残疾1-3级;多重残疾1-3级;,是,见原平台,中国残联就业服务平台（动态接口）,https://www.cdpee.org.cn/,2026年08月17日
江苏省,南京市,HR招聘,北京易才人力资源顾问有限公司,江苏省·南京市·建邺区,大专,1,视力残疾1-3级;听力残疾1-3级;言语残疾1-3级;肢体残疾1-3级;智力残疾1-3级;精神残疾1-3级;多重残疾1-3级;,是,见原平台,中国残联就业服务平台（动态接口）,https://www.cdpee.org.cn/,2026年05月22日
新疆维吾尔自治区,乌鲁木齐市,台球助教,头屯河区球友台球厅（个体工商户）,新疆维吾尔自治区·乌鲁木齐市·头屯河区,学历不限,,视力残疾1-4级;听力残疾1-4级;言语残疾1-4级;肢体残疾1-4级;智力残疾1-4级;精神残疾1-4级;多重残疾1-4级;,是,见原平台,中国残联就业服务平台（动态接口）,https://www.cdpee.org.cn/,2026年07月18日
四川省,成都市,成都急招（残疾人福利岗）五险一金，长白8小时，高薪技术岗,广州海仑企业服务有限公司,四川省·成都市·锦江区,学历不限,3,视力残疾1-4级;听力残疾1-4级;言语残疾1-4级;肢体残疾1-4级;智力残疾1-4级;精神残疾1-4级;多重残疾1-4级;,是,见原平台,中国残联就业服务平台（动态接口）,https://www.cdpee.org.cn/,2026年09月17日
天津市,天津市,天津档案处理员，双休，8小时，缴纳五险一金,广州海仑企业服务有限公司,天津市·天津市·河东区,学历不限,2,视力残疾1-4级;听力残疾1-4级;言语残疾1-4级;肢体残疾1-4级;智力残疾1-4级;精神残疾1-4级;多重残疾1-4级;,是,见原平台,中国残联就业服务平台（动态接口）,https://www.cdpee.org.cn/,2026年09月17日
云南省,昭通市,艾草加工，种植,云南鑫会盟艾绒制品生产有限公司,云南省·昭通市·巧家县,学历不限,100,视力残疾4级;听力残疾4级;言语残疾4级;肢体残疾4级;智力残疾4级;精神残疾4级;,是,见原平台,中国残联就业服务平台（动态接口）,https://www.cdpee.org.cn/,2026年09月17日
江苏省,宿迁市,食品加工处理,宿迁市宿城区陆小青猪肉批发经营部,江苏省·宿迁市·湖滨新区,小学,100,"视力残疾3,4级;听力残疾3,4级;肢体残疾3,4级;智力残疾4级;多重残疾3,4级;",是,见原平台,中国残联就业服务平台（动态接口）,https://www.cdpee.org.cn/,2026年09月17日
安徽省,阜阳市,木工师傅,阜阳市颍州区隆钒客家具厂,安徽省·阜阳市·颍州区,学历不限,,视力残疾1-4级;听力残疾1-4级;言语残疾1-4级;肢体残疾1-4级;智力残疾1-4级;精神残疾1-4级;多重残疾1-4级;,是,见原平台,中国残联就业服务平台（动态接口）,https://www.cdpee.org.cn/,2026年07月06日
湖南省,株洲市,垃圾清运工,湖南仁仁洁国际清洁科技集团股份有限公司荷塘分公司,湖南省·株洲市·荷塘区,学历不限,1,言语残疾1级;智力残疾1级;,是,见原平台,中国残联就业服务平台（动态接口）,https://www.cdpee.org.cn/,2026年09月17日
江苏省,徐州市,江苏徐州组件工+早八晚六+包吃+五险+坐班,陕西致广人力资源有限公司,江苏省·徐州市·邳州市,学历不限,20,"视力残疾1-4级;听力残疾1-4级;言语残疾1-4级;肢体残疾1-4级;智力残疾3,4级;多重残疾1-4级;",是,见原平台,中国残联就业服务平台（动态接口）,https://www.cdpee.org.cn/,2026年09月17日
广东省,江门市,生产工,江门市霞光照明电器有限公司,广东省·江门市·蓬江区,学历不限,1,听力残疾2-4级;言语残疾2-4级;肢体残疾4级;智力残疾4级;多重残疾4级;,是,见原平台,中国残联就业服务平台（动态接口）,https://www.cdpee.org.cn/,2026年09月17日
上海市,上海市,行政助理（上海闵行区）,北京易才人力资源顾问有限公司,上海市·上海市·闵行区,大专,1,视力残疾1-3级;听力残疾1-3级;言语残疾1-3级;肢体残疾1-3级;智力残疾1-3级;精神残疾1-3级;多重残疾1-3级;,是,见原平台,中国残联就业服务平台（动态接口）,https://www.cdpee.org.cn/,2026年08月17日
江苏省,南京市,HR招聘,北京易才人力资源顾问有限公司,江苏省·南京市·建邺区,大专,1,视力残疾1-3级;听力残疾1-3级;言语残疾1-3级;肢体残疾1-3级;智力残疾1-3级;精神残疾1-3级;多重残疾1-3级;,是,见原平台,中国残联就业服务平台（动态接口）,https://www.cdpee.org.cn/,2026年05月22日
新疆维吾尔自治区,乌鲁木齐市,台球助教,头屯河区球友台球厅（个体工商户）,新疆维吾尔自治区·乌鲁木齐市·头屯河区,学历不限,,视力残疾1-4级;听力残疾1-4级;言语残疾1-4级;肢体残疾1-4级;智力残疾1-4级;精神残疾1-4级;多重残疾1-4级;,是,见原平台,中国残联就业服务平台（动态接口）,https://www.cdpee.org.cn/,2026年07月18日
四川省,成都市,成都急招（残疾人福利岗）五险一金，长白8小时，高薪技术岗,广州海仑企业服务有限公司,四川省·成都市·锦江区,学历不限,3,视力残疾1-4级;听力残疾1-4级;言语残疾1-4级;肢体残疾1-4级;智力残疾1-4级;精神残疾1-4级;多重残疾1-4级;,是,见原平台,中国残联就业服务平台（动态接口）,https://www.cdpee.org.cn/,2026年09月17日
天津市,天津市,天津档案处理员，双休，8小时，缴纳五险一金,广州海仑企业服务有限公司,天津市·天津市·河东区,学历不限,2,视力残疾1-4级;听力残疾1-4级;言语残疾1-4级;肢体残疾1-4级;智力残疾1-4级;精神残疾1-4级;多重残疾1-4级;,是,见原平台,中国残联就业服务平台（动态接口）,https://www.cdpee.org.cn/,2026年09月17日
云南省,昭通市,艾草加工，种植,云南鑫会盟艾绒制品生产有限公司,云南省·昭通市·巧家县,学历不限,100,视力残疾4级;听力残疾4级;言语残疾4级;肢体残疾4级;智力残疾4级;精神残疾4级;,是,见原平台,中国残联就业服务平台（动态接口）,https://www.cdpee.org.cn/,2026年09月17日
江苏省,宿迁市,食品加工处理,宿迁市宿城区陆小青猪肉批发经营部,江苏省·宿迁市·湖滨新区,小学,100,"视力残疾3,4级;听力残疾3,4级;肢体残疾3,4级;智力残疾4级;多重残疾3,4级;",是,见原平台,中国残联就业服务平台（动态接口）,https://www.cdpee.org.cn/,2026年09月17日
安徽省,阜阳市,木工师傅,阜阳市颍州区隆钒客家具厂,安徽省·阜阳市·颍州区,学历不限,,视力残疾1-4级;听力残疾1-4级;言语残疾1-4级;肢体残疾1-4级;智力残疾1-4级;精神残疾1-4级;多重残疾1-4级;,是,见原平台,中国残联就业服务平台（动态接口）,https://www.cdpee.org.cn/,2026年07月06日
湖南省,株洲市,垃圾清运工,湖南仁仁洁国际清洁科技集团股份有限公司荷塘分公司,湖南省·株洲市·荷塘区,学历不限,1,言语残疾1级;智力残疾1级;,是,见原平台,中国残联就业服务平台（动态接口）,https://www.cdpee.org.cn/,2026年09月17日
江苏省,徐州市,江苏徐州组件工+早八晚六+包吃+五险+坐班,陕西致广人力资源有限公司,江苏省·徐州市·邳州市,学历不限,20,"视力残疾1-4级;听力残疾1-4级;言语残疾1-4级;肢体残疾1-4级;智力残疾3,4级;多重残疾1-4级;",是,见原平台,中国残联就业服务平台（动态接口）,https://www.cdpee.org.cn/,2026年09月17日
广东省,江门市,生产工,江门市霞光照明电器有限公司,广东省·江门市·蓬江区,学历不限,1,听力残疾2-4级;言语残疾2-4级;肢体残疾4级;智力残疾4级;多重残疾4级;,是,见原平台,中国残联就业服务平台（动态接口）,https://www.cdpee.org.cn/,2026年09月17日
上海市,上海市,行政助理（上海闵行区）,北京易才人力资源顾问有限公司,上海市·上海市·闵行区,大专,1,视力残疾1-3级;听力残疾1-3级;言语残疾1-3级;肢体残疾1-3级;智力残疾1-3级;精神残疾1-3级;多重残疾1-3级;,是,见原平台,中国残联就业服务平台（动态接口）,https://www.cdpee.org.cn/,2026年08月17日
江苏省,南京市,HR招聘,北京易才人力资源顾问有限公司,江苏省·南京市·建邺区,大专,1,视力残疾1-3级;听力残疾1-3级;言语残疾1-3级;肢体残疾1-3级;智力残疾1-3级;精神残疾1-3级;多重残疾1-3级;,是,见原平台,中国残联就业服务平台（动态接口）,https://www.cdpee.org.cn/,2026年05月22日
新疆维吾尔自治区,乌鲁木齐市,台球助教,头屯河区球友台球厅（个体工商户）,新疆维吾尔自治区·乌鲁木齐市·头屯河区,学历不限,,视力残疾1-4级;听力残疾1-4级;言语残疾1-4级;肢体残疾1-4级;智力残疾1-4级;精神残疾1-4级;多重残疾1-4级;,是,见原平台,中国残联就业服务平台（动态接口）,https://www.cdpee.org.cn/,2026年07月18日
四川省,成都市,成都急招（残疾人福利岗）五险一金，长白8小时，高薪技术岗,广州海仑企业服务有限公司,四川省·成都市·锦江区,学历不限,3,视力残疾1-4级;听力残疾1-4级;言语残疾1-4级;肢体残疾1-4级;智力残疾1-4级;精神残疾1-4级;多重残疾1-4级;,是,见原平台,中国残联就业服务平台（动态接口）,https://www.cdpee.org.cn/,2026年09月17日
天津市,天津市,天津档案处理员，双休，8小时，缴纳五险一金,广州海仑企业服务有限公司,天津市·天津市·河东区,学历不限,2,视力残疾1-4级;听力残疾1-4级;言语残疾1-4级;肢体残疾1-4级;智力残疾1-4级;精神残疾1-4级;多重残疾1-4级;,是,见原平台,中国残联就业服务平台（动态接口）,https://www.cdpee.org.cn/,2026年09月17日
云南省,昭通市,艾草加工，种植,云南鑫会盟艾绒制品生产有限公司,云南省·昭通市·巧家县,学历不限,100,视力残疾4级;听力残疾4级;言语残疾4级;肢体残疾4级;智力残疾4级;精神残疾4级;,是,见原平台,中国残联就业服务平台（动态接口）,https://www.cdpee.org.cn/,2026年09月17日
江苏省,宿迁市,食品加工处理,宿迁市宿城区陆小青猪肉批发经营部,江苏省·宿迁市·湖滨新区,小学,100,"视力残疾3,4级;听力残疾3,4级;肢体残疾3,4级;智力残疾4级;多重残疾3,4级;",是,见原平台,中国残联就业服务平台（动态接口）,https://www.cdpee.org.cn/,2026年09月17日
湖南省,株洲市,垃圾清运工,湖南仁仁洁国际清洁科技集团股份有限公司荷塘分公司,湖南省·株洲市·荷塘区,学历不限,1,言语残疾1级;智力残疾1级;,是,见原平台,中国残联就业服务平台（动态接口）,https://www.cdpee.org.cn/,2026年09月17日
江苏省,徐州市,江苏徐州组件工+早八晚六+包吃+五险+坐班,陕西致广人力资源有限公司,江苏省·徐州市·邳州市,学历不限,20,"视力残疾1-4级;听力残疾1-4级;言语残疾1-4级;肢体残疾1-4级;智力残疾3,4级;多重残疾1-4级;",是,见原平台,中国残联就业服务平台（动态接口）,https://www.cdpee.org.cn/,2026年09月17日
安徽省,池州市,配送专员,安徽鑫科生物环保有限公司,安徽省·池州市·东至县,学历不限,,视力残疾1-4级;听力残疾1-4级;言语残疾1-4级;肢体残疾1-4级;智力残疾1-4级;精神残疾1-4级;多重残疾1-4级;,是,见原平台,中国残联就业服务平台（动态接口）,https://www.cdpee.org.cn/,2026年08月21日
广东省,江门市,生产工,江门市霞光照明电器有限公司,广东省·江门市·蓬江区,学历不限,1,听力残疾2-4级;言语残疾2-4级;肢体残疾4级;智力残疾4级;多重残疾4级;,是,见原平台,中国残联就业服务平台（动态接口）,https://www.cdpee.org.cn/,2026年09月17日
安徽省,合肥市,月入2W+养老规划师（双休！法休！）,泰康人寿保险有限责任公司安徽分公司,安徽省·合肥市·蜀山区,大专,,视力残疾1-4级;听力残疾1-4级;言语残疾1-4级;肢体残疾1-4级;智力残疾1-4级;精神残疾1-4级;多重残疾1-4级;,是,见原平台,中国残联就业服务平台（动态接口）,https://www.cdpee.org.cn/,2026年06月07日
上海市,上海市,行政助理（上海闵行区）,北京易才人力资源顾问有限公司,上海市·上海市·闵行区,大专,1,视力残疾1-3级;听力残疾1-3级;言语残疾1-3级;肢体残疾1-3级;智力残疾1-3级;精神残疾1-3级;多重残疾1-3级;,是,见原平台,中国残联就业服务平台（动态接口）,https://www.cdpee.org.cn/,2026年08月17日
江苏省,南京市,HR招聘,北京易才人力资源顾问有限公司,江苏省·南京市·建邺区,大专,1,视力残疾1-3级;听力残疾1-3级;言语残疾1-3级;肢体残疾1-3级;智力残疾1-3级;精神残疾1-3级;多重残疾1-3级;,是,见原平台,中国残联就业服务平台（动态接口）,https://www.cdpee.org.cn/,2026年05月22日
四川省,成都市,成都急招（残疾人福利岗）五险一金，长白8小时，高薪技术岗,广州海仑企业服务有限公司,四川省·成都市·锦江区,学历不限,3,视力残疾1-4级;听力残疾1-4级;言语残疾1-4级;肢体残疾1-4级;智力残疾1-4级;精神残疾1-4级;多重残疾1-4级;,是,见原平台,中国残联就业服务平台（动态接口）,https://www.cdpee.org.cn/,2026年09月17日
天津市,天津市,天津档案处理员，双休，8小时，缴纳五险一金,广州海仑企业服务有限公司,天津市·天津市·河东区,学历不限,2,视力残疾1-4级;听力残疾1-4级;言语残疾1-4级;肢体残疾1-4级;智力残疾1-4级;精神残疾1-4级;多重残疾1-4级;,是,见原平台,中国残联就业服务平台（动态接口）,https://www.cdpee.org.cn/,2026年09月17日
湖南省,郴州市,清洁工,郴州悦安酒店管理有限公司,湖南省·郴州市·永兴县,学历不限,,视力残疾1-4级;听力残疾1-4级;言语残疾1-4级;肢体残疾1-4级;智力残疾1-4级;精神残疾1-4级;多重残疾1-4级;,是,见原平台,中国残联就业服务平台（动态接口）,https://www.cdpee.org.cn/,2026年07月17日
云南省,昭通市,艾草加工，种植,云南鑫会盟艾绒制品生产有限公司,云南省·昭通市·巧家县,学历不限,100,视力残疾4级;听力残疾4级;言语残疾4级;肢体残疾4级;智力残疾4级;精神残疾4级;,是,见原平台,中国残联就业服务平台（动态接口）,https://www.cdpee.org.cn/,2026年09月17日
江苏省,宿迁市,食品加工处理,宿迁市宿城区陆小青猪肉批发经营部,江苏省·宿迁市·湖滨新区,小学,100,"视力残疾3,4级;听力残疾3,4级;肢体残疾3,4级;智力残疾4级;多重残疾3,4级;",是,见原平台,中国残联就业服务平台（动态接口）,https://www.cdpee.org.cn/,2026年09月17日
湖南省,株洲市,垃圾清运工,湖南仁仁洁国际清洁科技集团股份有限公司荷塘分公司,湖南省·株洲市·荷塘区,学历不限,1,言语残疾1级;智力残疾1级;,是,见原平台,中国残联就业服务平台（动态接口）,https://www.cdpee.org.cn/,2026年09月17日
江苏省,徐州市,江苏徐州组件工+早八晚六+包吃+五险+坐班,陕西致广人力资源有限公司,江苏省·徐州市·邳州市,学历不限,20,"视力残疾1-4级;听力残疾1-4级;言语残疾1-4级;肢体残疾1-4级;智力残疾3,4级;多重残疾1-4级;",是,见原平台,中国残联就业服务平台（动态接口）,https://www.cdpee.org.cn/,2026年09月17日
安徽省,池州市,配送专员,安徽鑫科生物环保有限公司,安徽省·池州市·东至县,学历不限,,视力残疾1-4级;听力残疾1-4级;言语残疾1-4级;肢体残疾1-4级;智力残疾1-4级;精神残疾1-4级;多重残疾1-4级;,是,见原平台,中国残联就业服务平台（动态接口）,https://www.cdpee.org.cn/,2026年08月21日
广东省,江门市,生产工,江门市霞光照明电器有限公司,广东省·江门市·蓬江区,学历不限,1,听力残疾2-4级;言语残疾2-4级;肢体残疾4级;智力残疾4级;多重残疾4级;,是,见原平台,中国残联就业服务平台（动态接口）,https://www.cdpee.org.cn/,2026年09月17日
安徽省,合肥市,月入2W+养老规划师（双休！法休！）,泰康人寿保险有限责任公司安徽分公司,安徽省·合肥市·蜀山区,大专,,视力残疾1-4级;听力残疾1-4级;言语残疾1-4级;肢体残疾1-4级;智力残疾1-4级;精神残疾1-4级;多重残疾1-4级;,是,见原平台,中国残联就业服务平台（动态接口）,https://www.cdpee.org.cn/,2026年06月07日
上海市,上海市,行政助理（上海闵行区）,北京易才人力资源顾问有限公司,上海市·上海市·闵行区,大专,1,视力残疾1-3级;听力残疾1-3级;言语残疾1-3级;肢体残疾1-3级;智力残疾1-3级;精神残疾1-3级;多重残疾1-3级;,是,见原平台,中国残联就业服务平台（动态接口）,https://www.cdpee.org.cn/,2026年08月17日
江苏省,南京市,HR招聘,北京易才人力资源顾问有限公司,江苏省·南京市·建邺区,大专,1,视力残疾1-3级;听力残疾1-3级;言语残疾1-3级;肢体残疾1-3级;智力残疾1-3级;精神残疾1-3级;多重残疾1-3级;,是,见原平台,中国残联就业服务平台（动态接口）,https://www.cdpee.org.cn/,2026年05月22日
四川省,成都市,成都急招（残疾人福利岗）五险一金，长白8小时，高薪技术岗,广州海仑企业服务有限公司,四川省·成都市·锦江区,学历不限,3,视力残疾1-4级;听力残疾1-4级;言语残疾1-4级;肢体残疾1-4级;智力残疾1-4级;精神残疾1-4级;多重残疾1-4级;,是,见原平台,中国残联就业服务平台（动态接口）,https://www.cdpee.org.cn/,2026年09月17日
天津市,天津市,天津档案处理员，双休，8小时，缴纳五险一金,广州海仑企业服务有限公司,天津市·天津市·河东区,学历不限,2,视力残疾1-4级;听力残疾1-4级;言语残疾1-4级;肢体残疾1-4级;智力残疾1-4级;精神残疾1-4级;多重残疾1-4级;,是,见原平台,中国残联就业服务平台（动态接口）,https://www.cdpee.org.cn/,2026年09月17日
湖南省,郴州市,清洁工,郴州悦安酒店管理有限公司,湖南省·郴州市·永兴县,学历不限,,视力残疾1-4级;听力残疾1-4级;言语残疾1-4级;肢体残疾1-4级;智力残疾1-4级;精神残疾1-4级;多重残疾1-4级;,是,见原平台,中国残联就业服务平台（动态接口）,https://www.cdpee.org.cn/,2026年07月17日
云南省,昭通市,艾草加工，种植,云南鑫会盟艾绒制品生产有限公司,云南省·昭通市·巧家县,学历不限,100,视力残疾4级;听力残疾4级;言语残疾4级;肢体残疾4级;智力残疾4级;精神残疾4级;,是,见原平台,中国残联就业服务平台（动态接口）,https://www.cdpee.org.cn/,2026年09月17日
江苏省,宿迁市,食品加工处理,宿迁市宿城区陆小青猪肉批发经营部,江苏省·宿迁市·湖滨新区,小学,100,"视力残疾3,4级;听力残疾3,4级;肢体残疾3,4级;智力残疾4级;多重残疾3,4级;",是,见原平台,中国残联就业服务平台（动态接口）,https://www.cdpee.org.cn/,2026年09月17日
湖南省,株洲市,垃圾清运工,湖南仁仁洁国际清洁科技集团股份有限公司荷塘分公司,湖南省·株洲市·荷塘区,学历不限,1,言语残疾1级;智力残疾1级;,是,见原平台,中国残联就业服务平台（动态接口）,https://www.cdpee.org.cn/,2026年09月17日
江苏省,徐州市,江苏徐州组件工+早八晚六+包吃+五险+坐班,陕西致广人力资源有限公司,江苏省·徐州市·邳州市,学历不限,20,"视力残疾1-4级;听力残疾1-4级;言语残疾1-4级;肢体残疾1-4级;智力残疾3,4级;多重残疾1-4级;",是,见原平台,中国残联就业服务平台（动态接口）,https://www.cdpee.org.cn/,2026年09月17日
安徽省,池州市,配送专员,安徽鑫科生物环保有限公司,安徽省·池州市·东至县,学历不限,,视力残疾1-4级;听力残疾1-4级;言语残疾1-4级;肢体残疾1-4级;智力残疾1-4级;精神残疾1-4级;多重残疾1-4级;,是,见原平台,中国残联就业服务平台（动态接口）,https://www.cdpee.org.cn/,2026年08月21日
广东省,江门市,生产工,江门市霞光照明电器有限公司,广东省·江门市·蓬江区,学历不限,1,听力残疾2-4级;言语残疾2-4级;肢体残疾4级;智力残疾4级;多重残疾4级;,是,见原平台,中国残联就业服务平台（动态接口）,https://www.cdpee.org.cn/,2026年09月17日
安徽省,合肥市,月入2W+养老规划师（双休！法休！）,泰康人寿保险有限责任公司安徽分公司,安徽省·合肥市·蜀山区,大专,,视力残疾1-4级;听力残疾1-4级;言语残疾1-4级;肢体残疾1-4级;智力残疾1-4级;精神残疾1-4级;多重残疾1-4级;,是,见原平台,中国残联就业服务平台（动态接口）,https://www.cdpee.org.cn/,2026年06月07日
上海市,上海市,行政助理（上海闵行区）,北京易才人力资源顾问有限公司,上海市·上海市·闵行区,大专,1,视力残疾1-3级;听力残疾1-3级;言语残疾1-3级;肢体残疾1-3级;智力残疾1-3级;精神残疾1-3级;多重残疾1-3级;,是,见原平台,中国残联就业服务平台（动态接口）,https://www.cdpee.org.cn/,2026年08月17日
江苏省,南京市,HR招聘,北京易才人力资源顾问有限公司,江苏省·南京市·建邺区,大专,1,视力残疾1-3级;听力残疾1-3级;言语残疾1-3级;肢体残疾1-3级;智力残疾1-3级;精神残疾1-3级;多重残疾1-3级;,是,见原平台,中国残联就业服务平台（动态接口）,https://www.cdpee.org.cn/,2026年05月22日
四川省,成都市,成都急招（残疾人福利岗）五险一金，长白8小时，高薪技术岗,广州海仑企业服务有限公司,四川省·成都市·锦江区,学历不限,3,视力残疾1-4级;听力残疾1-4级;言语残疾1-4级;肢体残疾1-4级;智力残疾1-4级;精神残疾1-4级;多重残疾1-4级;,是,见原平台,中国残联就业服务平台（动态接口）,https://www.cdpee.org.cn/,2026年09月17日
天津市,天津市,天津档案处理员，双休，8小时，缴纳五险一金,广州海仑企业服务有限公司,天津市·天津市·河东区,学历不限,2,视力残疾1-4级;听力残疾1-4级;言语残疾1-4级;肢体残疾1-4级;智力残疾1-4级;精神残疾1-4级;多重残疾1-4级;,是,见原平台,中国残联就业服务平台（动态接口）,https://www.cdpee.org.cn/,2026年09月17日
湖南省,郴州市,清洁工,郴州悦安酒店管理有限公司,湖南省·郴州市·永兴县,学历不限,,视力残疾1-4级;听力残疾1-4级;言语残疾1-4级;肢体残疾1-4级;智力残疾1-4级;精神残疾1-4级;多重残疾1-4级;,是,见原平台,中国残联就业服务平台（动态接口）,https://www.cdpee.org.cn/,2026年07月17日
云南省,昭通市,艾草加工，种植,云南鑫会盟艾绒制品生产有限公司,云南省·昭通市·巧家县,学历不限,100,视力残疾4级;听力残疾4级;言语残疾4级;肢体残疾4级;智力残疾4级;精神残疾4级;,是,见原平台,中国残联就业服务平台（动态接口）,https://www.cdpee.org.cn/,2026年09月17日
江苏省,宿迁市,食品加工处理,宿迁市宿城区陆小青猪肉批发经营部,江苏省·宿迁市·湖滨新区,小学,100,"视力残疾3,4级;听力残疾3,4级;肢体残疾3,4级;智力残疾4级;多重残疾3,4级;",是,见原平台,中国残联就业服务平台（动态接口）,https://www.cdpee.org.cn/,2026年09月17日
湖南省,株洲市,垃圾清运工,湖南仁仁洁国际清洁科技集团股份有限公司荷塘分公司,湖南省·株洲市·荷塘区,学历不限,1,言语残疾1级;智力残疾1级;,是,见原平台,中国残联就业服务平台（动态接口）,https://www.cdpee.org.cn/,2026年09月17日
江苏省,徐州市,江苏徐州组件工+早八晚六+包吃+五险+坐班,陕西致广人力资源有限公司,江苏省·徐州市·邳州市,学历不限,20,"视力残疾1-4级;听力残疾1-4级;言语残疾1-4级;肢体残疾1-4级;智力残疾3,4级;多重残疾1-4级;",是,见原平台,中国残联就业服务平台（动态接口）,https://www.cdpee.org.cn/,2026年09月17日
安徽省,池州市,配送专员,安徽鑫科生物环保有限公司,安徽省·池州市·东至县,学历不限,,视力残疾1-4级;听力残疾1-4级;言语残疾1-4级;肢体残疾1-4级;智力残疾1-4级;精神残疾1-4级;多重残疾1-4级;,是,见原平台,中国残联就业服务平台（动态接口）,https://www.cdpee.org.cn/,2026年08月21日
广东省,江门市,生产工,江门市霞光照明电器有限公司,广东省·江门市·蓬江区,学历不限,1,听力残疾2-4级;言语残疾2-4级;肢体残疾4级;智力残疾4级;多重残疾4级;,是,见原平台,中国残联就业服务平台（动态接口）,https://www.cdpee.org.cn/,2026年09月17日
安徽省,合肥市,月入2W+养老规划师（双休！法休！）,泰康人寿保险有限责任公司安徽分公司,安徽省·合肥市·蜀山区,大专,,视力残疾1-4级;听力残疾1-4级;言语残疾1-4级;肢体残疾1-4级;智力残疾1-4级;精神残疾1-4级;多重残疾1-4级;,是,见原平台,中国残联就业服务平台（动态接口）,https://www.cdpee.org.cn/,2026年06月07日
上海市,上海市,行政助理（上海闵行区）,北京易才人力资源顾问有限公司,上海市·上海市·闵行区,大专,1,视力残疾1-3级;听力残疾1-3级;言语残疾1-3级;肢体残疾1-3级;智力残疾1-3级;精神残疾1-3级;多重残疾1-3级;,是,见原平台,中国残联就业服务平台（动态接口）,https://www.cdpee.org.cn/,2026年08月17日
江苏省,南京市,HR招聘,北京易才人力资源顾问有限公司,江苏省·南京市·建邺区,大专,1,视力残疾1-3级;听力残疾1-3级;言语残疾1-3级;肢体残疾1-3级;智力残疾1-3级;精神残疾1-3级;多重残疾1-3级;,是,见原平台,中国残联就业服务平台（动态接口）,https://www.cdpee.org.cn/,2026年05月22日
四川省,成都市,成都急招（残疾人福利岗）五险一金，长白8小时，高薪技术岗,广州海仑企业服务有限公司,四川省·成都市·锦江区,学历不限,3,视力残疾1-4级;听力残疾1-4级;言语残疾1-4级;肢体残疾1-4级;智力残疾1-4级;精神残疾1-4级;多重残疾1-4级;,是,见原平台,中国残联就业服务平台（动态接口）,https://www.cdpee.org.cn/,2026年09月17日
天津市,天津市,天津档案处理员，双休，8小时，缴纳五险一金,广州海仑企业服务有限公司,天津市·天津市·河东区,学历不限,2,视力残疾1-4级;听力残疾1-4级;言语残疾1-4级;肢体残疾1-4级;智力残疾1-4级;精神残疾1-4级;多重残疾1-4级;,是,见原平台,中国残联就业服务平台（动态接口）,https://www.cdpee.org.cn/,2026年09月17日
湖南省,郴州市,清洁工,郴州悦安酒店管理有限公司,湖南省·郴州市·永兴县,学历不限,,视力残疾1-4级;听力残疾1-4级;言语残疾1-4级;肢体残疾1-4级;智力残疾1-4级;精神残疾1-4级;多重残疾1-4级;,是,见原平台,中国残联就业服务平台（动态接口）,https://www.cdpee.org.cn/,2026年07月17日
云南省,昭通市,艾草加工，种植,云南鑫会盟艾绒制品生产有限公司,云南省·昭通市·巧家县,学历不限,100,视力残疾4级;听力残疾4级;言语残疾4级;肢体残疾4级;智力残疾4级;精神残疾4级;,是,见原平台,中国残联就业服务平台（动态接口）,https://www.cdpee.org.cn/,2026年09月17日
江苏省,宿迁市,食品加工处理,宿迁市宿城区陆小青猪肉批发经营部,江苏省·宿迁市·湖滨新区,小学,100,"视力残疾3,4级;听力残疾3,4级;肢体残疾3,4级;智力残疾4级;多重残疾3,4级;",是,见原平台,中国残联就业服务平台（动态接口）,https://www.cdpee.org.cn/,2026年09月17日
湖南省,株洲市,垃圾清运工,湖南仁仁洁国际清洁科技集团股份有限公司荷塘分公司,湖南省·株洲市·荷塘区,学历不限,1,言语残疾1级;智力残疾1级;,是,见原平台,中国残联就业服务平台（动态接口）,https://www.cdpee.org.cn/,2026年09月17日
江苏省,徐州市,江苏徐州组件工+早八晚六+包吃+五险+坐班,陕西致广人力资源有限公司,江苏省·徐州市·邳州市,学历不限,20,"视力残疾1-4级;听力残疾1-4级;言语残疾1-4级;肢体残疾1-4级;智力残疾3,4级;多重残疾1-4级;",是,见原平台,中国残联就业服务平台（动态接口）,https://www.cdpee.org.cn/,2026年09月17日
安徽省,池州市,配送专员,安徽鑫科生物环保有限公司,安徽省·池州市·东至县,学历不限,,视力残疾1-4级;听力残疾1-4级;言语残疾1-4级;肢体残疾1-4级;智力残疾1-4级;精神残疾1-4级;多重残疾1-4级;,是,见原平台,中国残联就业服务平台（动态接口）,https://www.cdpee.org.cn/,2026年08月21日
广东省,江门市,生产工,江门市霞光照明电器有限公司,广东省·江门市·蓬江区,学历不限,1,听力残疾2-4级;言语残疾2-4级;肢体残疾4级;智力残疾4级;多重残疾4级;,是,见原平台,中国残联就业服务平台（动态接口）,https://www.cdpee.org.cn/,2026年09月17日
安徽省,合肥市,月入2W+养老规划师（双休！法休！）,泰康人寿保险有限责任公司安徽分公司,安徽省·合肥市·蜀山区,大专,,视力残疾1-4级;听力残疾1-4级;言语残疾1-4级;肢体残疾1-4级;智力残疾1-4级;精神残疾1-4级;多重残疾1-4级;,是,见原平台,中国残联就业服务平台（动态接口）,https://www.cdpee.org.cn/,2026年06月07日
上海市,上海市,行政助理（上海闵行区）,北京易才人力资源顾问有限公司,上海市·上海市·闵行区,大专,1,视力残疾1-3级;听力残疾1-3级;言语残疾1-3级;肢体残疾1-3级;智力残疾1-3级;精神残疾1-3级;多重残疾1-3级;,是,见原平台,中国残联就业服务平台（动态接口）,https://www.cdpee.org.cn/,2026年08月17日
江苏省,南京市,HR招聘,北京易才人力资源顾问有限公司,江苏省·南京市·建邺区,大专,1,视力残疾1-3级;听力残疾1-3级;言语残疾1-3级;肢体残疾1-3级;智力残疾1-3级;精神残疾1-3级;多重残疾1-3级;,是,见原平台,中国残联就业服务平台（动态接口）,https://www.cdpee.org.cn/,2026年05月22日
四川省,成都市,成都急招（残疾人福利岗）五险一金，长白8小时，高薪技术岗,广州海仑企业服务有限公司,四川省·成都市·锦江区,学历不限,3,视力残疾1-4级;听力残疾1-4级;言语残疾1-4级;肢体残疾1-4级;智力残疾1-4级;精神残疾1-4级;多重残疾1-4级;,是,见原平台,中国残联就业服务平台（动态接口）,https://www.cdpee.org.cn/,2026年09月17日
天津市,天津市,天津档案处理员，双休，8小时，缴纳五险一金,广州海仑企业服务有限公司,天津市·天津市·河东区,学历不限,2,视力残疾1-4级;听力残疾1-4级;言语残疾1-4级;肢体残疾1-4级;智力残疾1-4级;精神残疾1-4级;多重残疾1-4级;,是,见原平台,中国残联就业服务平台（动态接口）,https://www.cdpee.org.cn/,2026年09月17日
湖南省,郴州市,清洁工,郴州悦安酒店管理有限公司,湖南省·郴州市·永兴县,学历不限,,视力残疾1-4级;听力残疾1-4级;言语残疾1-4级;肢体残疾1-4级;智力残疾1-4级;精神残疾1-4级;多重残疾1-4级;,是,见原平台,中国残联就业服务平台（动态接口）,https://www.cdpee.org.cn/,2026年07月17日
云南省,昭通市,艾草加工，种植,云南鑫会盟艾绒制品生产有限公司,云南省·昭通市·巧家县,学历不限,100,视力残疾4级;听力残疾4级;言语残疾4级;肢体残疾4级;智力残疾4级;精神残疾4级;,是,见原平台,中国残联就业服务平台（动态接口）,https://www.cdpee.org.cn/,2026年09月17日
江苏省,宿迁市,食品加工处理,宿迁市宿城区陆小青猪肉批发经营部,江苏省·宿迁市·湖滨新区,小学,100,"视力残疾3,4级;听力残疾3,4级;肢体残疾3,4级;智力残疾4级;多重残疾3,4级;",是,见原平台,中国残联就业服务平台（动态接口）,https://www.cdpee.org.cn/,2026年09月17日
湖南省,株洲市,垃圾清运工,湖南仁仁洁国际清洁科技集团股份有限公司荷塘分公司,湖南省·株洲市·荷塘区,学历不限,1,言语残疾1级;智力残疾1级;,是,见原平台,中国残联就业服务平台（动态接口）,https://www.cdpee.org.cn/,2026年09月17日
江苏省,徐州市,江苏徐州组件工+早八晚六+包吃+五险+坐班,陕西致广人力资源有限公司,江苏省·徐州市·邳州市,学历不限,20,"视力残疾1-4级;听力残疾1-4级;言语残疾1-4级;肢体残疾1-4级;智力残疾3,4级;多重残疾1-4级;",是,见原平台,中国残联就业服务平台（动态接口）,https://www.cdpee.org.cn/,2026年09月17日
安徽省,池州市,配送专员,安徽鑫科生物环保有限公司,安徽省·池州市·东至县,学历不限,,视力残疾1-4级;听力残疾1-4级;言语残疾1-4级;肢体残疾1-4级;智力残疾1-4级;精神残疾1-4级;多重残疾1-4级;,是,见原平台,中国残联就业服务平台（动态接口）,https://www.cdpee.org.cn/,2026年08月21日
广东省,江门市,生产工,江门市霞光照明电器有限公司,广东省·江门市·蓬江区,学历不限,1,听力残疾2-4级;言语残疾2-4级;肢体残疾4级;智力残疾4级;多重残疾4级;,是,见原平台,中国残联就业服务平台（动态接口）,https://www.cdpee.org.cn/,2026年09月17日
安徽省,合肥市,月入2W+养老规划师（双休！法休！）,泰康人寿保险有限责任公司安徽分公司,安徽省·合肥市·蜀山区,大专,,视力残疾1-4级;听力残疾1-4级;言语残疾1-4级;肢体残疾1-4级;智力残疾1-4级;精神残疾1-4级;多重残疾1-4级;,是,见原平台,中国残联就业服务平台（动态接口）,https://www.cdpee.org.cn/,2026年06月07日
上海市,上海市,行政助理（上海闵行区）,北京易才人力资源顾问有限公司,上海市·上海市·闵行区,大专,1,视力残疾1-3级;听力残疾1-3级;言语残疾1-3级;肢体残疾1-3级;智力残疾1-3级;精神残疾1-3级;多重残疾1-3级;,是,见原平台,中国残联就业服务平台（动态接口）,https://www.cdpee.org.cn/,2026年08月17日
江苏省,南京市,HR招聘,北京易才人力资源顾问有限公司,江苏省·南京市·建邺区,大专,1,视力残疾1-3级;听力残疾1-3级;言语残疾1-3级;肢体残疾1-3级;智力残疾1-3级;精神残疾1-3级;多重残疾1-3级;,是,见原平台,中国残联就业服务平台（动态接口）,https://www.cdpee.org.cn/,2026年05月22日
四川省,成都市,成都急招（残疾人福利岗）五险一金，长白8小时，高薪技术岗,广州海仑企业服务有限公司,四川省·成都市·锦江区,学历不限,3,视力残疾1-4级;听力残疾1-4级;言语残疾1-4级;肢体残疾1-4级;智力残疾1-4级;精神残疾1-4级;多重残疾1-4级;,是,见原平台,中国残联就业服务平台（动态接口）,https://www.cdpee.org.cn/,2026年09月17日
天津市,天津市,天津档案处理员，双休，8小时，缴纳五险一金,广州海仑企业服务有限公司,天津市·天津市·河东区,学历不限,2,视力残疾1-4级;听力残疾1-4级;言语残疾1-4级;肢体残疾1-4级;智力残疾1-4级;精神残疾1-4级;多重残疾1-4级;,是,见原平台,中国残联就业服务平台（动态接口）,https://www.cdpee.org.cn/,2026年09月17日
湖南省,郴州市,清洁工,郴州悦安酒店管理有限公司,湖南省·郴州市·永兴县,学历不限,,视力残疾1-4级;听力残疾1-4级;言语残疾1-4级;肢体残疾1-4级;智力残疾1-4级;精神残疾1-4级;多重残疾1-4级;,是,见原平台,中国残联就业服务平台（动态接口）,https://www.cdpee.org.cn/,2026年07月17日
云南省,昭通市,艾草加工，种植,云南鑫会盟艾绒制品生产有限公司,云南省·昭通市·巧家县,学历不限,100,视力残疾4级;听力残疾4级;言语残疾4级;肢体残疾4级;智力残疾4级;精神残疾4级;,是,见原平台,中国残联就业服务平台（动态接口）,https://www.cdpee.org.cn/,2026年09月17日
江苏省,宿迁市,食品加工处理,宿迁市宿城区陆小青猪肉批发经营部,江苏省·宿迁市·湖滨新区,小学,100,"视力残疾3,4级;听力残疾3,4级;肢体残疾3,4级;智力残疾4级;多重残疾3,4级;",是,见原平台,中国残联就业服务平台（动态接口）,https://www.cdpee.org.cn/,2026年09月17日
湖南省,株洲市,垃圾清运工,湖南仁仁洁国际清洁科技集团股份有限公司荷塘分公司,湖南省·株洲市·荷塘区,学历不限,1,言语残疾1级;智力残疾1级;,是,见原平台,中国残联就业服务平台（动态接口）,https://www.cdpee.org.cn/,2026年09月17日
江苏省,徐州市,江苏徐州组件工+早八晚六+包吃+五险+坐班,陕西致广人力资源有限公司,江苏省·徐州市·邳州市,学历不限,20,"视力残疾1-4级;听力残疾1-4级;言语残疾1-4级;肢体残疾1-4级;智力残疾3,4级;多重残疾1-4级;",是,见原平台,中国残联就业服务平台（动态接口）,https://www.cdpee.org.cn/,2026年09月17日
安徽省,池州市,配送专员,安徽鑫科生物环保有限公司,安徽省·池州市·东至县,学历不限,,视力残疾1-4级;听力残疾1-4级;言语残疾1-4级;肢体残疾1-4级;智力残疾1-4级;精神残疾1-4级;多重残疾1-4级;,是,见原平台,中国残联就业服务平台（动态接口）,https://www.cdpee.org.cn/,2026年08月21日
广东省,江门市,生产工,江门市霞光照明电器有限公司,广东省·江门市·蓬江区,学历不限,1,听力残疾2-4级;言语残疾2-4级;肢体残疾4级;智力残疾4级;多重残疾4级;,是,见原平台,中国残联就业服务平台（动态接口）,https://www.cdpee.org.cn/,2026年09月17日
安徽省,合肥市,月入2W+养老规划师（双休！法休！）,泰康人寿保险有限责任公司安徽分公司,安徽省·合肥市·蜀山区,大专,,视力残疾1-4级;听力残疾1-4级;言语残疾1-4级;肢体残疾1-4级;智力残疾1-4级;精神残疾1-4级;多重残疾1-4级;,是,见原平台,中国残联就业服务平台（动态接口）,https://www.cdpee.org.cn/,2026年06月07日
上海市,上海市,行政助理（上海闵行区）,北京易才人力资源顾问有限公司,上海市·上海市·闵行区,大专,1,视力残疾1-3级;听力残疾1-3级;言语残疾1-3级;肢体残疾1-3级;智力残疾1-3级;精神残疾1-3级;多重残疾1-3级;,是,见原平台,中国残联就业服务平台（动态接口）,https://www.cdpee.org.cn/,2026年08月17日
江苏省,南京市,HR招聘,北京易才人力资源顾问有限公司,江苏省·南京市·建邺区,大专,1,视力残疾1-3级;听力残疾1-3级;言语残疾1-3级;肢体残疾1-3级;智力残疾1-3级;精神残疾1-3级;多重残疾1-3级;,是,见原平台,中国残联就业服务平台（动态接口）,https://www.cdpee.org.cn/,2026年05月22日
四川省,成都市,成都急招（残疾人福利岗）五险一金，长白8小时，高薪技术岗,广州海仑企业服务有限公司,四川省·成都市·锦江区,学历不限,3,视力残疾1-4级;听力残疾1-4级;言语残疾1-4级;肢体残疾1-4级;智力残疾1-4级;精神残疾1-4级;多重残疾1-4级;,是,见原平台,中国残联就业服务平台（动态接口）,https://www.cdpee.org.cn/,2026年09月17日
天津市,天津市,天津档案处理员，双休，8小时，缴纳五险一金,广州海仑企业服务有限公司,天津市·天津市·河东区,学历不限,2,视力残疾1-4级;听力残疾1-4级;言语残疾1-4级;肢体残疾1-4级;智力残疾1-4级;精神残疾1-4级;多重残疾1-4级;,是,见原平台,中国残联就业服务平台（动态接口）,https://www.cdpee.org.cn/,2026年09月17日
湖南省,郴州市,清洁工,郴州悦安酒店管理有限公司,湖南省·郴州市·永兴县,学历不限,,视力残疾1-4级;听力残疾1-4级;言语残疾1-4级;肢体残疾1-4级;智力残疾1-4级;精神残疾1-4级;多重残疾1-4级;,是,见原平台,中国残联就业服务平台（动态接口）,https://www.cdpee.org.cn/,2026年07月17日
云南省,昭通市,艾草加工，种植,云南鑫会盟艾绒制品生产有限公司,云南省·昭通市·巧家县,学历不限,100,视力残疾4级;听力残疾4级;言语残疾4级;肢体残疾4级;智力残疾4级;精神残疾4级;,是,见原平台,中国残联就业服务平台（动态接口）,https://www.cdpee.org.cn/,2026年09月17日
江苏省,宿迁市,食品加工处理,宿迁市宿城区陆小青猪肉批发经营部,江苏省·宿迁市·湖滨新区,小学,100,"视力残疾3,4级;听力残疾3,4级;肢体残疾3,4级;智力残疾4级;多重残疾3,4级;",是,见原平台,中国残联就业服务平台（动态接口）,https://www.cdpee.org.cn/,2026年09月17日
湖南省,株洲市,垃圾清运工,湖南仁仁洁国际清洁科技集团股份有限公司荷塘分公司,湖南省·株洲市·荷塘区,学历不限,1,言语残疾1级;智力残疾1级;,是,见原平台,中国残联就业服务平台（动态接口）,https://www.cdpee.org.cn/,2026年09月17日
江苏省,徐州市,江苏徐州组件工+早八晚六+包吃+五险+坐班,陕西致广人力资源有限公司,江苏省·徐州市·邳州市,学历不限,20,"视力残疾1-4级;听力残疾1-4级;言语残疾1-4级;肢体残疾1-4级;智力残疾3,4级;多重残疾1-4级;",是,见原平台,中国残联就业服务平台（动态接口）,https://www.cdpee.org.cn/,2026年09月17日
安徽省,池州市,配送专员,安徽鑫科生物环保有限公司,安徽省·池州市·东至县,学历不限,,视力残疾1-4级;听力残疾1-4级;言语残疾1-4级;肢体残疾1-4级;智力残疾1-4级;精神残疾1-4级;多重残疾1-4级;,是,见原平台,中国残联就业服务平台（动态接口）,https://www.cdpee.org.cn/,2026年08月21日
广东省,江门市,生产工,江门市霞光照明电器有限公司,广东省·江门市·蓬江区,学历不限,1,听力残疾2-4级;言语残疾2-4级;肢体残疾4级;智力残疾4级;多重残疾4级;,是,见原平台,中国残联就业服务平台（动态接口）,https://www.cdpee.org.cn/,2026年09月17日
安徽省,合肥市,月入2W+养老规划师（双休！法休！）,泰康人寿保险有限责任公司安徽分公司,安徽省·合肥市·蜀山区,大专,,视力残疾1-4级;听力残疾1-4级;言语残疾1-4级;肢体残疾1-4级;智力残疾1-4级;精神残疾1-4级;多重残疾1-4级;,是,见原平台,中国残联就业服务平台（动态接口）,https://www.cdpee.org.cn/,2026年06月07日
上海市,上海市,行政助理（上海闵行区）,北京易才人力资源顾问有限公司,上海市·上海市·闵行区,大专,1,视力残疾1-3级;听力残疾1-3级;言语残疾1-3级;肢体残疾1-3级;智力残疾1-3级;精神残疾1-3级;多重残疾1-3级;,是,见原平台,中国残联就业服务平台（动态接口）,https://www.cdpee.org.cn/,2026年08月17日
江苏省,南京市,HR招聘,北京易才人力资源顾问有限公司,江苏省·南京市·建邺区,大专,1,视力残疾1-3级;听力残疾1-3级;言语残疾1-3级;肢体残疾1-3级;智力残疾1-3级;精神残疾1-3级;多重残疾1-3级;,是,见原平台,中国残联就业服务平台（动态接口）,https://www.cdpee.org.cn/,2026年05月22日
四川省,成都市,成都急招（残疾人福利岗）五险一金，长白8小时，高薪技术岗,广州海仑企业服务有限公司,四川省·成都市·锦江区,学历不限,3,视力残疾1-4级;听力残疾1-4级;言语残疾1-4级;肢体残疾1-4级;智力残疾1-4级;精神残疾1-4级;多重残疾1-4级;,是,见原平台,中国残联就业服务平台（动态接口）,https://www.cdpee.org.cn/,2026年09月17日
天津市,天津市,天津档案处理员，双休，8小时，缴纳五险一金,广州海仑企业服务有限公司,天津市·天津市·河东区,学历不限,2,视力残疾1-4级;听力残疾1-4级;言语残疾1-4级;肢体残疾1-4级;智力残疾1-4级;精神残疾1-4级;多重残疾1-4级;,是,见原平台,中国残联就业服务平台（动态接口）,https://www.cdpee.org.cn/,2026年09月17日
湖南省,郴州市,清洁工,郴州悦安酒店管理有限公司,湖南省·郴州市·永兴县,学历不限,,视力残疾1-4级;听力残疾1-4级;言语残疾1-4级;肢体残疾1-4级;智力残疾1-4级;精神残疾1-4级;多重残疾1-4级;,是,见原平台,中国残联就业服务平台（动态接口）,https://www.cdpee.org.cn/,2026年07月17日
云南省,昭通市,艾草加工，种植,云南鑫会盟艾绒制品生产有限公司,云南省·昭通市·巧家县,学历不限,100,视力残疾4级;听力残疾4级;言语残疾4级;肢体残疾4级;智力残疾4级;精神残疾4级;,是,见原平台,中国残联就业服务平台（动态接口）,https://www.cdpee.org.cn/,2026年09月17日
江苏省,宿迁市,食品加工处理,宿迁市宿城区陆小青猪肉批发经营部,江苏省·宿迁市·湖滨新区,小学,100,"视力残疾3,4级;听力残疾3,4级;肢体残疾3,4级;智力残疾4级;多重残疾3,4级;",是,见原平台,中国残联就业服务平台（动态接口）,https://www.cdpee.org.cn/,2026年09月17日
湖南省,株洲市,垃圾清运工,湖南仁仁洁国际清洁科技集团股份有限公司荷塘分公司,湖南省·株洲市·荷塘区,学历不限,1,言语残疾1级;智力残疾1级;,是,见原平台,中国残联就业服务平台（动态接口）,https://www.cdpee.org.cn/,2026年09月17日
江苏省,徐州市,江苏徐州组件工+早八晚六+包吃+五险+坐班,陕西致广人力资源有限公司,江苏省·徐州市·邳州市,学历不限,20,"视力残疾1-4级;听力残疾1-4级;言语残疾1-4级;肢体残疾1-4级;智力残疾3,4级;多重残疾1-4级;",是,见原平台,中国残联就业服务平台（动态接口）,https://www.cdpee.org.cn/,2026年09月17日
安徽省,池州市,配送专员,安徽鑫科生物环保有限公司,安徽省·池州市·东至县,学历不限,,视力残疾1-4级;听力残疾1-4级;言语残疾1-4级;肢体残疾1-4级;智力残疾1-4级;精神残疾1-4级;多重残疾1-4级;,是,见原平台,中国残联就业服务平台（动态接口）,https://www.cdpee.org.cn/,2026年08月21日
广东省,江门市,生产工,江门市霞光照明电器有限公司,广东省·江门市·蓬江区,学历不限,1,听力残疾2-4级;言语残疾2-4级;肢体残疾4级;智力残疾4级;多重残疾4级;,是,见原平台,中国残联就业服务平台（动态接口）,https://www.cdpee.org.cn/,2026年09月17日
安徽省,合肥市,月入2W+养老规划师（双休！法休！）,泰康人寿保险有限责任公司安徽分公司,安徽省·合肥市·蜀山区,大专,,视力残疾1-4级;听力残疾1-4级;言语残疾1-4级;肢体残疾1-4级;智力残疾1-4级;精神残疾1-4级;多重残疾1-4级;,是,见原平台,中国残联就业服务平台（动态接口）,https://www.cdpee.org.cn/,2026年06月07日
上海市,上海市,行政助理（上海闵行区）,北京易才人力资源顾问有限公司,上海市·上海市·闵行区,大专,1,视力残疾1-3级;听力残疾1-3级;言语残疾1-3级;肢体残疾1-3级;智力残疾1-3级;精神残疾1-3级;多重残疾1-3级;,是,见原平台,中国残联就业服务平台（动态接口）,https://www.cdpee.org.cn/,2026年08月17日
江苏省,南京市,HR招聘,北京易才人力资源顾问有限公司,江苏省·南京市·建邺区,大专,1,视力残疾1-3级;听力残疾1-3级;言语残疾1-3级;肢体残疾1-3级;智力残疾1-3级;精神残疾1-3级;多重残疾1-3级;,是,见原平台,中国残联就业服务平台（动态接口）,https://www.cdpee.org.cn/,2026年05月22日
四川省,成都市,成都急招（残疾人福利岗）五险一金，长白8小时，高薪技术岗,广州海仑企业服务有限公司,四川省·成都市·锦江区,学历不限,3,视力残疾1-4级;听力残疾1-4级;言语残疾1-4级;肢体残疾1-4级;智力残疾1-4级;精神残疾1-4级;多重残疾1-4级;,是,见原平台,中国残联就业服务平台（动态接口）,https://www.cdpee.org.cn/,2026年09月17日
天津市,天津市,天津档案处理员，双休，8小时，缴纳五险一金,广州海仑企业服务有限公司,天津市·天津市·河东区,学历不限,2,视力残疾1-4级;听力残疾1-4级;言语残疾1-4级;肢体残疾1-4级;智力残疾1-4级;精神残疾1-4级;多重残疾1-4级;,是,见原平台,中国残联就业服务平台（动态接口）,https://www.cdpee.org.cn/,2026年09月17日
湖南省,郴州市,清洁工,郴州悦安酒店管理有限公司,湖南省·郴州市·永兴县,学历不限,,视力残疾1-4级;听力残疾1-4级;言语残疾1-4级;肢体残疾1-4级;智力残疾1-4级;精神残疾1-4级;多重残疾1-4级;,是,见原平台,中国残联就业服务平台（动态接口）,https://www.cdpee.org.cn/,2026年07月17日
云南省,昭通市,艾草加工，种植,云南鑫会盟艾绒制品生产有限公司,云南省·昭通市·巧家县,学历不限,100,视力残疾4级;听力残疾4级;言语残疾4级;肢体残疾4级;智力残疾4级;精神残疾4级;,是,见原平台,中国残联就业服务平台（动态接口）,https://www.cdpee.org.cn/,2026年09月17日
江苏省,宿迁市,食品加工处理,宿迁市宿城区陆小青猪肉批发经营部,江苏省·宿迁市·湖滨新区,小学,100,"视力残疾3,4级;听力残疾3,4级;肢体残疾3,4级;智力残疾4级;多重残疾3,4级;",是,见原平台,中国残联就业服务平台（动态接口）,https://www.cdpee.org.cn/,2026年09月17日
湖南省,株洲市,垃圾清运工,湖南仁仁洁国际清洁科技集团股份有限公司荷塘分公司,湖南省·株洲市·荷塘区,学历不限,1,言语残疾1级;智力残疾1级;,是,见原平台,中国残联就业服务平台（动态接口）,https://www.cdpee.org.cn/,2026年09月17日
江苏省,徐州市,江苏徐州组件工+早八晚六+包吃+五险+坐班,陕西致广人力资源有限公司,江苏省·徐州市·邳州市,学历不限,20,"视力残疾1-4级;听力残疾1-4级;言语残疾1-4级;肢体残疾1-4级;智力残疾3,4级;多重残疾1-4级;",是,见原平台,中国残联就业服务平台（动态接口）,https://www.cdpee.org.cn/,2026年09月17日
安徽省,池州市,配送专员,安徽鑫科生物环保有限公司,安徽省·池州市·东至县,学历不限,,视力残疾1-4级;听力残疾1-4级;言语残疾1-4级;肢体残疾1-4级;智力残疾1-4级;精神残疾1-4级;多重残疾1-4级;,是,见原平台,中国残联就业服务平台（动态接口）,https://www.cdpee.org.cn/,2026年08月21日
广东省,江门市,生产工,江门市霞光照明电器有限公司,广东省·江门市·蓬江区,学历不限,1,听力残疾2-4级;言语残疾2-4级;肢体残疾4级;智力残疾4级;多重残疾4级;,是,见原平台,中国残联就业服务平台（动态接口）,https://www.cdpee.org.cn/,2026年09月17日
安徽省,合肥市,月入2W+养老规划师（双休！法休！）,泰康人寿保险有限责任公司安徽分公司,安徽省·合肥市·蜀山区,大专,,视力残疾1-4级;听力残疾1-4级;言语残疾1-4级;肢体残疾1-4级;智力残疾1-4级;精神残疾1-4级;多重残疾1-4级;,是,见原平台,中国残联就业服务平台（动态接口）,https://www.cdpee.org.cn/,2026年06月07日
上海市,上海市,行政助理（上海闵行区）,北京易才人力资源顾问有限公司,上海市·上海市·闵行区,大专,1,视力残疾1-3级;听力残疾1-3级;言语残疾1-3级;肢体残疾1-3级;智力残疾1-3级;精神残疾1-3级;多重残疾1-3级;,是,见原平台,中国残联就业服务平台（动态接口）,https://www.cdpee.org.cn/,2026年08月17日
江苏省,南京市,HR招聘,北京易才人力资源顾问有限公司,江苏省·南京市·建邺区,大专,1,视力残疾1-3级;听力残疾1-3级;言语残疾1-3级;肢体残疾1-3级;智力残疾1-3级;精神残疾1-3级;多重残疾1-3级;,是,见原平台,中国残联就业服务平台（动态接口）,https://www.cdpee.org.cn/,2026年05月22日
四川省,成都市,成都急招（残疾人福利岗）五险一金，长白8小时，高薪技术岗,广州海仑企业服务有限公司,四川省·成都市·锦江区,学历不限,3,视力残疾1-4级;听力残疾1-4级;言语残疾1-4级;肢体残疾1-4级;智力残疾1-4级;精神残疾1-4级;多重残疾1-4级;,是,见原平台,中国残联就业服务平台（动态接口）,https://www.cdpee.org.cn/,2026年09月17日
天津市,天津市,天津档案处理员，双休，8小时，缴纳五险一金,广州海仑企业服务有限公司,天津市·天津市·河东区,学历不限,2,视力残疾1-4级;听力残疾1-4级;言语残疾1-4级;肢体残疾1-4级;智力残疾1-4级;精神残疾1-4级;多重残疾1-4级;,是,见原平台,中国残联就业服务平台（动态接口）,https://www.cdpee.org.cn/,2026年09月17日
湖南省,郴州市,清洁工,郴州悦安酒店管理有限公司,湖南省·郴州市·永兴县,学历不限,,视力残疾1-4级;听力残疾1-4级;言语残疾1-4级;肢体残疾1-4级;智力残疾1-4级;精神残疾1-4级;多重残疾1-4级;,是,见原平台,中国残联就业服务平台（动态接口）,https://www.cdpee.org.cn/,2026年07月17日
云南省,昭通市,艾草加工，种植,云南鑫会盟艾绒制品生产有限公司,云南省·昭通市·巧家县,学历不限,100,视力残疾4级;听力残疾4级;言语残疾4级;肢体残疾4级;智力残疾4级;精神残疾4级;,是,见原平台,中国残联就业服务平台（动态接口）,https://www.cdpee.org.cn/,2026年09月17日
江苏省,宿迁市,食品加工处理,宿迁市宿城区陆小青猪肉批发经营部,江苏省·宿迁市·湖滨新区,小学,100,"视力残疾3,4级;听力残疾3,4级;肢体残疾3,4级;智力残疾4级;多重残疾3,4级;",是,见原平台,中国残联就业服务平台（动态接口）,https://www.cdpee.org.cn/,2026年09月17日
湖南省,株洲市,垃圾清运工,湖南仁仁洁国际清洁科技集团股份有限公司荷塘分公司,湖南省·株洲市·荷塘区,学历不限,1,言语残疾1级;智力残疾1级;,是,见原平台,中国残联就业服务平台（动态接口）,https://www.cdpee.org.cn/,2026年09月17日
江苏省,徐州市,江苏徐州组件工+早八晚六+包吃+五险+坐班,陕西致广人力资源有限公司,江苏省·徐州市·邳州市,学历不限,20,"视力残疾1-4级;听力残疾1-4级;言语残疾1-4级;肢体残疾1-4级;智力残疾3,4级;多重残疾1-4级;",是,见原平台,中国残联就业服务平台（动态接口）,https://www.cdpee.org.cn/,2026年09月17日
安徽省,池州市,配送专员,安徽鑫科生物环保有限公司,安徽省·池州市·东至县,学历不限,,视力残疾1-4级;听力残疾1-4级;言语残疾1-4级;肢体残疾1-4级;智力残疾1-4级;精神残疾1-4级;多重残疾1-4级;,是,见原平台,中国残联就业服务平台（动态接口）,https://www.cdpee.org.cn/,2026年08月21日
广东省,江门市,生产工,江门市霞光照明电器有限公司,广东省·江门市·蓬江区,学历不限,1,听力残疾2-4级;言语残疾2-4级;肢体残疾4级;智力残疾4级;多重残疾4级;,是,见原平台,中国残联就业服务平台（动态接口）,https://www.cdpee.org.cn/,2026年09月17日
安徽省,合肥市,月入2W+养老规划师（双休！法休！）,泰康人寿保险有限责任公司安徽分公司,安徽省·合肥市·蜀山区,大专,,视力残疾1-4级;听力残疾1-4级;言语残疾1-4级;肢体残疾1-4级;智力残疾1-4级;精神残疾1-4级;多重残疾1-4级;,是,见原平台,中国残联就业服务平台（动态接口）,https://www.cdpee.org.cn/,2026年06月07日
上海市,上海市,行政助理（上海闵行区）,北京易才人力资源顾问有限公司,上海市·上海市·闵行区,大专,1,视力残疾1-3级;听力残疾1-3级;言语残疾1-3级;肢体残疾1-3级;智力残疾1-3级;精神残疾1-3级;多重残疾1-3级;,是,见原平台,中国残联就业服务平台（动态接口）,https://www.cdpee.org.cn/,2026年08月17日
江苏省,南京市,HR招聘,北京易才人力资源顾问有限公司,江苏省·南京市·建邺区,大专,1,视力残疾1-3级;听力残疾1-3级;言语残疾1-3级;肢体残疾1-3级;智力残疾1-3级;精神残疾1-3级;多重残疾1-3级;,是,见原平台,中国残联就业服务平台（动态接口）,https://www.cdpee.org.cn/,2026年05月22日
四川省,成都市,成都急招（残疾人福利岗）五险一金，长白8小时，高薪技术岗,广州海仑企业服务有限公司,四川省·成都市·锦江区,学历不限,3,视力残疾1-4级;听力残疾1-4级;言语残疾1-4级;肢体残疾1-4级;智力残疾1-4级;精神残疾1-4级;多重残疾1-4级;,是,见原平台,中国残联就业服务平台（动态接口）,https://www.cdpee.org.cn/,2026年09月17日
天津市,天津市,天津档案处理员，双休，8小时，缴纳五险一金,广州海仑企业服务有限公司,天津市·天津市·河东区,学历不限,2,视力残疾1-4级;听力残疾1-4级;言语残疾1-4级;肢体残疾1-4级;智力残疾1-4级;精神残疾1-4级;多重残疾1-4级;,是,见原平台,中国残联就业服务平台（动态接口）,https://www.cdpee.org.cn/,2026年09月17日
湖南省,郴州市,清洁工,郴州悦安酒店管理有限公司,湖南省·郴州市·永兴县,学历不限,,视力残疾1-4级;听力残疾1-4级;言语残疾1-4级;肢体残疾1-4级;智力残疾1-4级;精神残疾1-4级;多重残疾1-4级;,是,见原平台,中国残联就业服务平台（动态接口）,https://www.cdpee.org.cn/,2026年07月17日
云南省,昭通市,艾草加工，种植,云南鑫会盟艾绒制品生产有限公司,云南省·昭通市·巧家县,学历不限,100,视力残疾4级;听力残疾4级;言语残疾4级;肢体残疾4级;智力残疾4级;精神残疾4级;,是,见原平台,中国残联就业服务平台（动态接口）,https://www.cdpee.org.cn/,2026年09月17日
江苏省,宿迁市,食品加工处理,宿迁市宿城区陆小青猪肉批发经营部,江苏省·宿迁市·湖滨新区,小学,100,"视力残疾3,4级;听力残疾3,4级;肢体残疾3,4级;智力残疾4级;多重残疾3,4级;",是,见原平台,中国残联就业服务平台（动态接口）,https://www.cdpee.org.cn/,2026年09月17日
四川省,成都市,火锅店服务员,成都市龙泉驿区杨钧驿火锅店（个体工商户）,四川省·成都市·龙泉驿区,高中/中专,,视力残疾1-4级;听力残疾1-4级;言语残疾1-4级;肢体残疾1-4级;智力残疾1-4级;精神残疾1-4级;多重残疾1-4级;,是,见原平台,中国残联就业服务平台（动态接口）,https://www.cdpee.org.cn/,2026年08月18日
湖南省,株洲市,垃圾清运工,湖南仁仁洁国际清洁科技集团股份有限公司荷塘分公司,湖南省·株洲市·荷塘区,学历不限,1,言语残疾1级;智力残疾1级;,是,见原平台,中国残联就业服务平台（动态接口）,https://www.cdpee.org.cn/,2026年09月17日
江苏省,徐州市,江苏徐州组件工+早八晚六+包吃+五险+坐班,陕西致广人力资源有限公司,江苏省·徐州市·邳州市,学历不限,20,"视力残疾1-4级;听力残疾1-4级;言语残疾1-4级;肢体残疾1-4级;智力残疾3,4级;多重残疾1-4级;",是,见原平台,中国残联就业服务平台（动态接口）,https://www.cdpee.org.cn/,2026年09月17日
广东省,江门市,生产工,江门市霞光照明电器有限公司,广东省·江门市·蓬江区,学历不限,1,听力残疾2-4级;言语残疾2-4级;肢体残疾4级;智力残疾4级;多重残疾4级;,是,见原平台,中国残联就业服务平台（动态接口）,https://www.cdpee.org.cn/,2026年09月17日
河南省,安阳市,游戏专员,汤阴县鼎垚建筑劳务有限公司,河南省·安阳市·汤阴县,学历不限,,视力残疾1-4级;听力残疾1-4级;言语残疾1-4级;肢体残疾1-4级;智力残疾1-4级;精神残疾1-4级;多重残疾1-4级;,是,见原平台,中国残联就业服务平台（动态接口）,https://www.cdpee.org.cn/,2026年08月03日
上海市,上海市,行政助理（上海闵行区）,北京易才人力资源顾问有限公司,上海市·上海市·闵行区,大专,1,视力残疾1-3级;听力残疾1-3级;言语残疾1-3级;肢体残疾1-3级;智力残疾1-3级;精神残疾1-3级;多重残疾1-3级;,是,见原平台,中国残联就业服务平台（动态接口）,https://www.cdpee.org.cn/,2026年08月17日
江苏省,南京市,HR招聘,北京易才人力资源顾问有限公司,江苏省·南京市·建邺区,大专,1,视力残疾1-3级;听力残疾1-3级;言语残疾1-3级;肢体残疾1-3级;智力残疾1-3级;精神残疾1-3级;多重残疾1-3级;,是,见原平台,中国残联就业服务平台（动态接口）,https://www.cdpee.org.cn/,2026年05月22日
四川省,成都市,成都急招（残疾人福利岗）五险一金，长白8小时，高薪技术岗,广州海仑企业服务有限公司,四川省·成都市·锦江区,学历不限,3,视力残疾1-4级;听力残疾1-4级;言语残疾1-4级;肢体残疾1-4级;智力残疾1-4级;精神残疾1-4级;多重残疾1-4级;,是,见原平台,中国残联就业服务平台（动态接口）,https://www.cdpee.org.cn/,2026年09月17日
天津市,天津市,天津档案处理员，双休，8小时，缴纳五险一金,广州海仑企业服务有限公司,天津市·天津市·河东区,学历不限,2,视力残疾1-4级;听力残疾1-4级;言语残疾1-4级;肢体残疾1-4级;智力残疾1-4级;精神残疾1-4级;多重残疾1-4级;,是,见原平台,中国残联就业服务平台（动态接口）,https://www.cdpee.org.cn/,2026年09月17日
云南省,昭通市,艾草加工，种植,云南鑫会盟艾绒制品生产有限公司,云南省·昭通市·巧家县,学历不限,100,视力残疾4级;听力残疾4级;言语残疾4级;肢体残疾4级;智力残疾4级;精神残疾4级;,是,见原平台,中国残联就业服务平台（动态接口）,https://www.cdpee.org.cn/,2026年09月17日
浙江省,杭州市,赵一铭零食店导购,杭州临平良浪副食品店,浙江省·杭州市·临平区,学历不限,,视力残疾1-4级;听力残疾1-4级;言语残疾1-4级;肢体残疾1-4级;智力残疾1-4级;精神残疾1-4级;多重残疾1-4级;,是,见原平台,中国残联就业服务平台（动态接口）,https://www.cdpee.org.cn/,2026年06月09日
江苏省,宿迁市,食品加工处理,宿迁市宿城区陆小青猪肉批发经营部,江苏省·宿迁市·湖滨新区,小学,100,"视力残疾3,4级;听力残疾3,4级;肢体残疾3,4级;智力残疾4级;多重残疾3,4级;",是,见原平台,中国残联就业服务平台（动态接口）,https://www.cdpee.org.cn/,2026年09月17日
四川省,成都市,火锅店服务员,成都市龙泉驿区杨钧驿火锅店（个体工商户）,四川省·成都市·龙泉驿区,高中/中专,,视力残疾1-4级;听力残疾1-4级;言语残疾1-4级;肢体残疾1-4级;智力残疾1-4级;精神残疾1-4级;多重残疾1-4级;,是,见原平台,中国残联就业服务平台（动态接口）,https://www.cdpee.org.cn/,2026年08月18日
湖南省,株洲市,垃圾清运工,湖南仁仁洁国际清洁科技集团股份有限公司荷塘分公司,湖南省·株洲市·荷塘区,学历不限,1,言语残疾1级;智力残疾1级;,是,见原平台,中国残联就业服务平台（动态接口）,https://www.cdpee.org.cn/,2026年09月17日
江苏省,徐州市,江苏徐州组件工+早八晚六+包吃+五险+坐班,陕西致广人力资源有限公司,江苏省·徐州市·邳州市,学历不限,20,"视力残疾1-4级;听力残疾1-4级;言语残疾1-4级;肢体残疾1-4级;智力残疾3,4级;多重残疾1-4级;",是,见原平台,中国残联就业服务平台（动态接口）,https://www.cdpee.org.cn/,2026年09月17日
广东省,江门市,生产工,江门市霞光照明电器有限公司,广东省·江门市·蓬江区,学历不限,1,听力残疾2-4级;言语残疾2-4级;肢体残疾4级;智力残疾4级;多重残疾4级;,是,见原平台,中国残联就业服务平台（动态接口）,https://www.cdpee.org.cn/,2026年09月17日
河南省,安阳市,游戏专员,汤阴县鼎垚建筑劳务有限公司,河南省·安阳市·汤阴县,学历不限,,视力残疾1-4级;听力残疾1-4级;言语残疾1-4级;肢体残疾1-4级;智力残疾1-4级;精神残疾1-4级;多重残疾1-4级;,是,见原平台,中国残联就业服务平台（动态接口）,https://www.cdpee.org.cn/,2026年08月03日
上海市,上海市,行政助理（上海闵行区）,北京易才人力资源顾问有限公司,上海市·上海市·闵行区,大专,1,视力残疾1-3级;听力残疾1-3级;言语残疾1-3级;肢体残疾1-3级;智力残疾1-3级;精神残疾1-3级;多重残疾1-3级;,是,见原平台,中国残联就业服务平台（动态接口）,https://www.cdpee.org.cn/,2026年08月17日
江苏省,南京市,HR招聘,北京易才人力资源顾问有限公司,江苏省·南京市·建邺区,大专,1,视力残疾1-3级;听力残疾1-3级;言语残疾1-3级;肢体残疾1-3级;智力残疾1-3级;精神残疾1-3级;多重残疾1-3级;,是,见原平台,中国残联就业服务平台（动态接口）,https://www.cdpee.org.cn/,2026年05月22日
四川省,成都市,成都急招（残疾人福利岗）五险一金，长白8小时，高薪技术岗,广州海仑企业服务有限公司,四川省·成都市·锦江区,学历不限,3,视力残疾1-4级;听力残疾1-4级;言语残疾1-4级;肢体残疾1-4级;智力残疾1-4级;精神残疾1-4级;多重残疾1-4级;,是,见原平台,中国残联就业服务平台（动态接口）,https://www.cdpee.org.cn/,2026年09月17日
天津市,天津市,天津档案处理员，双休，8小时，缴纳五险一金,广州海仑企业服务有限公司,天津市·天津市·河东区,学历不限,2,视力残疾1-4级;听力残疾1-4级;言语残疾1-4级;肢体残疾1-4级;智力残疾1-4级;精神残疾1-4级;多重残疾1-4级;,是,见原平台,中国残联就业服务平台（动态接口）,https://www.cdpee.org.cn/,2026年09月17日
云南省,昭通市,艾草加工，种植,云南鑫会盟艾绒制品生产有限公司,云南省·昭通市·巧家县,学历不限,100,视力残疾4级;听力残疾4级;言语残疾4级;肢体残疾4级;智力残疾4级;精神残疾4级;,是,见原平台,中国残联就业服务平台（动态接口）,https://www.cdpee.org.cn/,2026年09月17日
浙江省,杭州市,赵一铭零食店导购,杭州临平良浪副食品店,浙江省·杭州市·临平区,学历不限,,视力残疾1-4级;听力残疾1-4级;言语残疾1-4级;肢体残疾1-4级;智力残疾1-4级;精神残疾1-4级;多重残疾1-4级;,是,见原平台,中国残联就业服务平台（动态接口）,https://www.cdpee.org.cn/,2026年06月09日
江苏省,宿迁市,食品加工处理,宿迁市宿城区陆小青猪肉批发经营部,江苏省·宿迁市·湖滨新区,小学,100,"视力残疾3,4级;听力残疾3,4级;肢体残疾3,4级;智力残疾4级;多重残疾3,4级;",是,见原平台,中国残联就业服务平台（动态接口）,https://www.cdpee.org.cn/,2026年09月17日
四川省,成都市,火锅店服务员,成都市龙泉驿区杨钧驿火锅店（个体工商户）,四川省·成都市·龙泉驿区,高中/中专,,视力残疾1-4级;听力残疾1-4级;言语残疾1-4级;肢体残疾1-4级;智力残疾1-4级;精神残疾1-4级;多重残疾1-4级;,是,见原平台,中国残联就业服务平台（动态接口）,https://www.cdpee.org.cn/,2026年08月18日
湖南省,株洲市,垃圾清运工,湖南仁仁洁国际清洁科技集团股份有限公司荷塘分公司,湖南省·株洲市·荷塘区,学历不限,1,言语残疾1级;智力残疾1级;,是,见原平台,中国残联就业服务平台（动态接口）,https://www.cdpee.org.cn/,2026年09月17日
江苏省,徐州市,江苏徐州组件工+早八晚六+包吃+五险+坐班,陕西致广人力资源有限公司,江苏省·徐州市·邳州市,学历不限,20,"视力残疾1-4级;听力残疾1-4级;言语残疾1-4级;肢体残疾1-4级;智力残疾3,4级;多重残疾1-4级;",是,见原平台,中国残联就业服务平台（动态接口）,https://www.cdpee.org.cn/,2026年09月17日
广东省,江门市,生产工,江门市霞光照明电器有限公司,广东省·江门市·蓬江区,学历不限,1,听力残疾2-4级;言语残疾2-4级;肢体残疾4级;智力残疾4级;多重残疾4级;,是,见原平台,中国残联就业服务平台（动态接口）,https://www.cdpee.org.cn/,2026年09月17日
河南省,安阳市,游戏专员,汤阴县鼎垚建筑劳务有限公司,河南省·安阳市·汤阴县,学历不限,,视力残疾1-4级;听力残疾1-4级;言语残疾1-4级;肢体残疾1-4级;智力残疾1-4级;精神残疾1-4级;多重残疾1-4级;,是,见原平台,中国残联就业服务平台（动态接口）,https://www.cdpee.org.cn/,2026年08月03日
上海市,上海市,行政助理（上海闵行区）,北京易才人力资源顾问有限公司,上海市·上海市·闵行区,大专,1,视力残疾1-3级;听力残疾1-3级;言语残疾1-3级;肢体残疾1-3级;智力残疾1-3级;精神残疾1-3级;多重残疾1-3级;,是,见原平台,中国残联就业服务平台（动态接口）,https://www.cdpee.org.cn/,2026年08月17日
江苏省,南京市,HR招聘,北京易才人力资源顾问有限公司,江苏省·南京市·建邺区,大专,1,视力残疾1-3级;听力残疾1-3级;言语残疾1-3级;肢体残疾1-3级;智力残疾1-3级;精神残疾1-3级;多重残疾1-3级;,是,见原平台,中国残联就业服务平台（动态接口）,https://www.cdpee.org.cn/,2026年05月22日
四川省,成都市,成都急招（残疾人福利岗）五险一金，长白8小时，高薪技术岗,广州海仑企业服务有限公司,四川省·成都市·锦江区,学历不限,3,视力残疾1-4级;听力残疾1-4级;言语残疾1-4级;肢体残疾1-4级;智力残疾1-4级;精神残疾1-4级;多重残疾1-4级;,是,见原平台,中国残联就业服务平台（动态接口）,https://www.cdpee.org.cn/,2026年09月17日
天津市,天津市,天津档案处理员，双休，8小时，缴纳五险一金,广州海仑企业服务有限公司,天津市·天津市·河东区,学历不限,2,视力残疾1-4级;听力残疾1-4级;言语残疾1-4级;肢体残疾1-4级;智力残疾1-4级;精神残疾1-4级;多重残疾1-4级;,是,见原平台,中国残联就业服务平台（动态接口）,https://www.cdpee.org.cn/,2026年09月17日
云南省,昭通市,艾草加工，种植,云南鑫会盟艾绒制品生产有限公司,云南省·昭通市·巧家县,学历不限,100,视力残疾4级;听力残疾4级;言语残疾4级;肢体残疾4级;智力残疾4级;精神残疾4级;,是,见原平台,中国残联就业服务平台（动态接口）,https://www.cdpee.org.cn/,2026年09月17日
浙江省,杭州市,赵一铭零食店导购,杭州临平良浪副食品店,浙江省·杭州市·临平区,学历不限,,视力残疾1-4级;听力残疾1-4级;言语残疾1-4级;肢体残疾1-4级;智力残疾1-4级;精神残疾1-4级;多重残疾1-4级;,是,见原平台,中国残联就业服务平台（动态接口）,https://www.cdpee.org.cn/,2026年06月09日
江苏省,宿迁市,食品加工处理,宿迁市宿城区陆小青猪肉批发经营部,江苏省·宿迁市·湖滨新区,小学,100,"视力残疾3,4级;听力残疾3,4级;肢体残疾3,4级;智力残疾4级;多重残疾3,4级;",是,见原平台,中国残联就业服务平台（动态接口）,https://www.cdpee.org.cn/,2026年09月17日
四川省,成都市,火锅店服务员,成都市龙泉驿区杨钧驿火锅店（个体工商户）,四川省·成都市·龙泉驿区,高中/中专,,视力残疾1-4级;听力残疾1-4级;言语残疾1-4级;肢体残疾1-4级;智力残疾1-4级;精神残疾1-4级;多重残疾1-4级;,是,见原平台,中国残联就业服务平台（动态接口）,https://www.cdpee.org.cn/,2026年08月18日
湖南省,株洲市,垃圾清运工,湖南仁仁洁国际清洁科技集团股份有限公司荷塘分公司,湖南省·株洲市·荷塘区,学历不限,1,言语残疾1级;智力残疾1级;,是,见原平台,中国残联就业服务平台（动态接口）,https://www.cdpee.org.cn/,2026年09月17日
江苏省,徐州市,江苏徐州组件工+早八晚六+包吃+五险+坐班,陕西致广人力资源有限公司,江苏省·徐州市·邳州市,学历不限,20,"视力残疾1-4级;听力残疾1-4级;言语残疾1-4级;肢体残疾1-4级;智力残疾3,4级;多重残疾1-4级;",是,见原平台,中国残联就业服务平台（动态接口）,https://www.cdpee.org.cn/,2026年09月17日
广东省,江门市,生产工,江门市霞光照明电器有限公司,广东省·江门市·蓬江区,学历不限,1,听力残疾2-4级;言语残疾2-4级;肢体残疾4级;智力残疾4级;多重残疾4级;,是,见原平台,中国残联就业服务平台（动态接口）,https://www.cdpee.org.cn/,2026年09月17日
河南省,安阳市,游戏专员,汤阴县鼎垚建筑劳务有限公司,河南省·安阳市·汤阴县,学历不限,,视力残疾1-4级;听力残疾1-4级;言语残疾1-4级;肢体残疾1-4级;智力残疾1-4级;精神残疾1-4级;多重残疾1-4级;,是,见原平台,中国残联就业服务平台（动态接口）,https://www.cdpee.org.cn/,2026年08月03日
上海市,上海市,行政助理（上海闵行区）,北京易才人力资源顾问有限公司,上海市·上海市·闵行区,大专,1,视力残疾1-3级;听力残疾1-3级;言语残疾1-3级;肢体残疾1-3级;智力残疾1-3级;精神残疾1-3级;多重残疾1-3级;,是,见原平台,中国残联就业服务平台（动态接口）,https://www.cdpee.org.cn/,2026年08月17日
江苏省,南京市,HR招聘,北京易才人力资源顾问有限公司,江苏省·南京市·建邺区,大专,1,视力残疾1-3级;听力残疾1-3级;言语残疾1-3级;肢体残疾1-3级;智力残疾1-3级;精神残疾1-3级;多重残疾1-3级;,是,见原平台,中国残联就业服务平台（动态接口）,https://www.cdpee.org.cn/,2026年05月22日
四川省,成都市,成都急招（残疾人福利岗）五险一金，长白8小时，高薪技术岗,广州海仑企业服务有限公司,四川省·成都市·锦江区,学历不限,3,视力残疾1-4级;听力残疾1-4级;言语残疾1-4级;肢体残疾1-4级;智力残疾1-4级;精神残疾1-4级;多重残疾1-4级;,是,见原平台,中国残联就业服务平台（动态接口）,https://www.cdpee.org.cn/,2026年09月17日
天津市,天津市,天津档案处理员，双休，8小时，缴纳五险一金,广州海仑企业服务有限公司,天津市·天津市·河东区,学历不限,2,视力残疾1-4级;听力残疾1-4级;言语残疾1-4级;肢体残疾1-4级;智力残疾1-4级;精神残疾1-4级;多重残疾1-4级;,是,见原平台,中国残联就业服务平台（动态接口）,https://www.cdpee.org.cn/,2026年09月17日
云南省,昭通市,艾草加工，种植,云南鑫会盟艾绒制品生产有限公司,云南省·昭通市·巧家县,学历不限,100,视力残疾4级;听力残疾4级;言语残疾4级;肢体残疾4级;智力残疾4级;精神残疾4级;,是,见原平台,中国残联就业服务平台（动态接口）,https://www.cdpee.org.cn/,2026年09月17日
浙江省,杭州市,赵一铭零食店导购,杭州临平良浪副食品店,浙江省·杭州市·临平区,学历不限,,视力残疾1-4级;听力残疾1-4级;言语残疾1-4级;肢体残疾1-4级;智力残疾1-4级;精神残疾1-4级;多重残疾1-4级;,是,见原平台,中国残联就业服务平台（动态接口）,https://www.cdpee.org.cn/,2026年06月09日
江苏省,宿迁市,食品加工处理,宿迁市宿城区陆小青猪肉批发经营部,江苏省·宿迁市·湖滨新区,小学,100,"视力残疾3,4级;听力残疾3,4级;肢体残疾3,4级;智力残疾4级;多重残疾3,4级;",是,见原平台,中国残联就业服务平台（动态接口）,https://www.cdpee.org.cn/,2026年09月17日
四川省,成都市,火锅店服务员,成都市龙泉驿区杨钧驿火锅店（个体工商户）,四川省·成都市·龙泉驿区,高中/中专,,视力残疾1-4级;听力残疾1-4级;言语残疾1-4级;肢体残疾1-4级;智力残疾1-4级;精神残疾1-4级;多重残疾1-4级;,是,见原平台,中国残联就业服务平台（动态接口）,https://www.cdpee.org.cn/,2026年08月18日
湖南省,株洲市,垃圾清运工,湖南仁仁洁国际清洁科技集团股份有限公司荷塘分公司,湖南省·株洲市·荷塘区,学历不限,1,言语残疾1级;智力残疾1级;,是,见原平台,中国残联就业服务平台（动态接口）,https://www.cdpee.org.cn/,2026年09月17日
江苏省,徐州市,江苏徐州组件工+早八晚六+包吃+五险+坐班,陕西致广人力资源有限公司,江苏省·徐州市·邳州市,学历不限,20,"视力残疾1-4级;听力残疾1-4级;言语残疾1-4级;肢体残疾1-4级;智力残疾3,4级;多重残疾1-4级;",是,见原平台,中国残联就业服务平台（动态接口）,https://www.cdpee.org.cn/,2026年09月17日
广东省,江门市,生产工,江门市霞光照明电器有限公司,广东省·江门市·蓬江区,学历不限,1,听力残疾2-4级;言语残疾2-4级;肢体残疾4级;智力残疾4级;多重残疾4级;,是,见原平台,中国残联就业服务平台（动态接口）,https://www.cdpee.org.cn/,2026年09月17日
河南省,安阳市,游戏专员,汤阴县鼎垚建筑劳务有限公司,河南省·安阳市·汤阴县,学历不限,,视力残疾1-4级;听力残疾1-4级;言语残疾1-4级;肢体残疾1-4级;智力残疾1-4级;精神残疾1-4级;多重残疾1-4级;,是,见原平台,中国残联就业服务平台（动态接口）,https://www.cdpee.org.cn/,2026年08月03日
上海市,上海市,行政助理（上海闵行区）,北京易才人力资源顾问有限公司,上海市·上海市·闵行区,大专,1,视力残疾1-3级;听力残疾1-3级;言语残疾1-3级;肢体残疾1-3级;智力残疾1-3级;精神残疾1-3级;多重残疾1-3级;,是,见原平台,中国残联就业服务平台（动态接口）,https://www.cdpee.org.cn/,2026年08月17日
江苏省,南京市,HR招聘,北京易才人力资源顾问有限公司,江苏省·南京市·建邺区,大专,1,视力残疾1-3级;听力残疾1-3级;言语残疾1-3级;肢体残疾1-3级;智力残疾1-3级;精神残疾1-3级;多重残疾1-3级;,是,见原平台,中国残联就业服务平台（动态接口）,https://www.cdpee.org.cn/,2026年05月22日
四川省,成都市,成都急招（残疾人福利岗）五险一金，长白8小时，高薪技术岗,广州海仑企业服务有限公司,四川省·成都市·锦江区,学历不限,3,视力残疾1-4级;听力残疾1-4级;言语残疾1-4级;肢体残疾1-4级;智力残疾1-4级;精神残疾1-4级;多重残疾1-4级;,是,见原平台,中国残联就业服务平台（动态接口）,https://www.cdpee.org.cn/,2026年09月17日
天津市,天津市,天津档案处理员，双休，8小时，缴纳五险一金,广州海仑企业服务有限公司,天津市·天津市·河东区,学历不限,2,视力残疾1-4级;听力残疾1-4级;言语残疾1-4级;肢体残疾1-4级;智力残疾1-4级;精神残疾1-4级;多重残疾1-4级;,是,见原平台,中国残联就业服务平台（动态接口）,https://www.cdpee.org.cn/,2026年09月17日
云南省,昭通市,艾草加工，种植,云南鑫会盟艾绒制品生产有限公司,云南省·昭通市·巧家县,学历不限,100,视力残疾4级;听力残疾4级;言语残疾4级;肢体残疾4级;智力残疾4级;精神残疾4级;,是,见原平台,中国残联就业服务平台（动态接口）,https://www.cdpee.org.cn/,2026年09月17日
浙江省,杭州市,赵一铭零食店导购,杭州临平良浪副食品店,浙江省·杭州市·临平区,学历不限,,视力残疾1-4级;听力残疾1-4级;言语残疾1-4级;肢体残疾1-4级;智力残疾1-4级;精神残疾1-4级;多重残疾1-4级;,是,见原平台,中国残联就业服务平台（动态接口）,https://www.cdpee.org.cn/,2026年06月09日
江苏省,宿迁市,食品加工处理,宿迁市宿城区陆小青猪肉批发经营部,江苏省·宿迁市·湖滨新区,小学,100,"视力残疾3,4级;听力残疾3,4级;肢体残疾3,4级;智力残疾4级;多重残疾3,4级;",是,见原平台,中国残联就业服务平台（动态接口）,https://www.cdpee.org.cn/,2026年09月17日
四川省,成都市,火锅店服务员,成都市龙泉驿区杨钧驿火锅店（个体工商户）,四川省·成都市·龙泉驿区,高中/中专,,视力残疾1-4级;听力残疾1-4级;言语残疾1-4级;肢体残疾1-4级;智力残疾1-4级;精神残疾1-4级;多重残疾1-4级;,是,见原平台,中国残联就业服务平台（动态接口）,https://www.cdpee.org.cn/,2026年08月18日
湖南省,株洲市,垃圾清运工,湖南仁仁洁国际清洁科技集团股份有限公司荷塘分公司,湖南省·株洲市·荷塘区,学历不限,1,言语残疾1级;智力残疾1级;,是,见原平台,中国残联就业服务平台（动态接口）,https://www.cdpee.org.cn/,2026年09月17日
江苏省,徐州市,江苏徐州组件工+早八晚六+包吃+五险+坐班,陕西致广人力资源有限公司,江苏省·徐州市·邳州市,学历不限,20,"视力残疾1-4级;听力残疾1-4级;言语残疾1-4级;肢体残疾1-4级;智力残疾3,4级;多重残疾1-4级;",是,见原平台,中国残联就业服务平台（动态接口）,https://www.cdpee.org.cn/,2026年09月17日
广东省,江门市,生产工,江门市霞光照明电器有限公司,广东省·江门市·蓬江区,学历不限,1,听力残疾2-4级;言语残疾2-4级;肢体残疾4级;智力残疾4级;多重残疾4级;,是,见原平台,中国残联就业服务平台（动态接口）,https://www.cdpee.org.cn/,2026年09月17日
河南省,安阳市,游戏专员,汤阴县鼎垚建筑劳务有限公司,河南省·安阳市·汤阴县,学历不限,,视力残疾1-4级;听力残疾1-4级;言语残疾1-4级;肢体残疾1-4级;智力残疾1-4级;精神残疾1-4级;多重残疾1-4级;,是,见原平台,中国残联就业服务平台（动态接口）,https://www.cdpee.org.cn/,2026年08月03日
上海市,上海市,行政助理（上海闵行区）,北京易才人力资源顾问有限公司,上海市·上海市·闵行区,大专,1,视力残疾1-3级;听力残疾1-3级;言语残疾1-3级;肢体残疾1-3级;智力残疾1-3级;精神残疾1-3级;多重残疾1-3级;,是,见原平台,中国残联就业服务平台（动态接口）,https://www.cdpee.org.cn/,2026年08月17日
江苏省,南京市,HR招聘,北京易才人力资源顾问有限公司,江苏省·南京市·建邺区,大专,1,视力残疾1-3级;听力残疾1-3级;言语残疾1-3级;肢体残疾1-3级;智力残疾1-3级;精神残疾1-3级;多重残疾1-3级;,是,见原平台,中国残联就业服务平台（动态接口）,https://www.cdpee.org.cn/,2026年05月22日
四川省,成都市,成都急招（残疾人福利岗）五险一金，长白8小时，高薪技术岗,广州海仑企业服务有限公司,四川省·成都市·锦江区,学历不限,3,视力残疾1-4级;听力残疾1-4级;言语残疾1-4级;肢体残疾1-4级;智力残疾1-4级;精神残疾1-4级;多重残疾1-4级;,是,见原平台,中国残联就业服务平台（动态接口）,https://www.cdpee.org.cn/,2026年09月17日
天津市,天津市,天津档案处理员，双休，8小时，缴纳五险一金,广州海仑企业服务有限公司,天津市·天津市·河东区,学历不限,2,视力残疾1-4级;听力残疾1-4级;言语残疾1-4级;肢体残疾1-4级;智力残疾1-4级;精神残疾1-4级;多重残疾1-4级;,是,见原平台,中国残联就业服务平台（动态接口）,https://www.cdpee.org.cn/,2026年09月17日
云南省,昭通市,艾草加工，种植,云南鑫会盟艾绒制品生产有限公司,云南省·昭通市·巧家县,学历不限,100,视力残疾4级;听力残疾4级;言语残疾4级;肢体残疾4级;智力残疾4级;精神残疾4级;,是,见原平台,中国残联就业服务平台（动态接口）,https://www.cdpee.org.cn/,2026年09月17日
浙江省,杭州市,赵一铭零食店导购,杭州临平良浪副食品店,浙江省·杭州市·临平区,学历不限,,视力残疾1-4级;听力残疾1-4级;言语残疾1-4级;肢体残疾1-4级;智力残疾1-4级;精神残疾1-4级;多重残疾1-4级;,是,见原平台,中国残联就业服务平台（动态接口）,https://www.cdpee.org.cn/,2026年06月09日
江苏省,宿迁市,食品加工处理,宿迁市宿城区陆小青猪肉批发经营部,江苏省·宿迁市·湖滨新区,小学,100,"视力残疾3,4级;听力残疾3,4级;肢体残疾3,4级;智力残疾4级;多重残疾3,4级;",是,见原平台,中国残联就业服务平台（动态接口）,https://www.cdpee.org.cn/,2026年09月17日
四川省,成都市,火锅店服务员,成都市龙泉驿区杨钧驿火锅店（个体工商户）,四川省·成都市·龙泉驿区,高中/中专,,视力残疾1-4级;听力残疾1-4级;言语残疾1-4级;肢体残疾1-4级;智力残疾1-4级;精神残疾1-4级;多重残疾1-4级;,是,见原平台,中国残联就业服务平台（动态接口）,https://www.cdpee.org.cn/,2026年08月18日
湖南省,株洲市,垃圾清运工,湖南仁仁洁国际清洁科技集团股份有限公司荷塘分公司,湖南省·株洲市·荷塘区,学历不限,1,言语残疾1级;智力残疾1级;,是,见原平台,中国残联就业服务平台（动态接口）,https://www.cdpee.org.cn/,2026年09月17日
江苏省,徐州市,江苏徐州组件工+早八晚六+包吃+五险+坐班,陕西致广人力资源有限公司,江苏省·徐州市·邳州市,学历不限,20,"视力残疾1-4级;听力残疾1-4级;言语残疾1-4级;肢体残疾1-4级;智力残疾3,4级;多重残疾1-4级;",是,见原平台,中国残联就业服务平台（动态接口）,https://www.cdpee.org.cn/,2026年09月17日
广东省,江门市,生产工,江门市霞光照明电器有限公司,广东省·江门市·蓬江区,学历不限,1,听力残疾2-4级;言语残疾2-4级;肢体残疾4级;智力残疾4级;多重残疾4级;,是,见原平台,中国残联就业服务平台（动态接口）,https://www.cdpee.org.cn/,2026年09月17日
河南省,安阳市,游戏专员,汤阴县鼎垚建筑劳务有限公司,河南省·安阳市·汤阴县,学历不限,,视力残疾1-4级;听力残疾1-4级;言语残疾1-4级;肢体残疾1-4级;智力残疾1-4级;精神残疾1-4级;多重残疾1-4级;,是,见原平台,中国残联就业服务平台（动态接口）,https://www.cdpee.org.cn/,2026年08月03日
上海市,上海市,行政助理（上海闵行区）,北京易才人力资源顾问有限公司,上海市·上海市·闵行区,大专,1,视力残疾1-3级;听力残疾1-3级;言语残疾1-3级;肢体残疾1-3级;智力残疾1-3级;精神残疾1-3级;多重残疾1-3级;,是,见原平台,中国残联就业服务平台（动态接口）,https://www.cdpee.org.cn/,2026年08月17日
江苏省,南京市,HR招聘,北京易才人力资源顾问有限公司,江苏省·南京市·建邺区,大专,1,视力残疾1-3级;听力残疾1-3级;言语残疾1-3级;肢体残疾1-3级;智力残疾1-3级;精神残疾1-3级;多重残疾1-3级;,是,见原平台,中国残联就业服务平台（动态接口）,https://www.cdpee.org.cn/,2026年05月22日
四川省,成都市,成都急招（残疾人福利岗）五险一金，长白8小时，高薪技术岗,广州海仑企业服务有限公司,四川省·成都市·锦江区,学历不限,3,视力残疾1-4级;听力残疾1-4级;言语残疾1-4级;肢体残疾1-4级;智力残疾1-4级;精神残疾1-4级;多重残疾1-4级;,是,见原平台,中国残联就业服务平台（动态接口）,https://www.cdpee.org.cn/,2026年09月17日
天津市,天津市,天津档案处理员，双休，8小时，缴纳五险一金,广州海仑企业服务有限公司,天津市·天津市·河东区,学历不限,2,视力残疾1-4级;听力残疾1-4级;言语残疾1-4级;肢体残疾1-4级;智力残疾1-4级;精神残疾1-4级;多重残疾1-4级;,是,见原平台,中国残联就业服务平台（动态接口）,https://www.cdpee.org.cn/,2026年09月17日
云南省,昭通市,艾草加工，种植,云南鑫会盟艾绒制品生产有限公司,云南省·昭通市·巧家县,学历不限,100,视力残疾4级;听力残疾4级;言语残疾4级;肢体残疾4级;智力残疾4级;精神残疾4级;,是,见原平台,中国残联就业服务平台（动态接口）,https://www.cdpee.org.cn/,2026年09月17日
浙江省,杭州市,赵一铭零食店导购,杭州临平良浪副食品店,浙江省·杭州市·临平区,学历不限,,视力残疾1-4级;听力残疾1-4级;言语残疾1-4级;肢体残疾1-4级;智力残疾1-4级;精神残疾1-4级;多重残疾1-4级;,是,见原平台,中国残联就业服务平台（动态接口）,https://www.cdpee.org.cn/,2026年06月09日
江苏省,宿迁市,食品加工处理,宿迁市宿城区陆小青猪肉批发经营部,江苏省·宿迁市·湖滨新区,小学,100,"视力残疾3,4级;听力残疾3,4级;肢体残疾3,4级;智力残疾4级;多重残疾3,4级;",是,见原平台,中国残联就业服务平台（动态接口）,https://www.cdpee.org.cn/,2026年09月17日
四川省,成都市,火锅店服务员,成都市龙泉驿区杨钧驿火锅店（个体工商户）,四川省·成都市·龙泉驿区,高中/中专,,视力残疾1-4级;听力残疾1-4级;言语残疾1-4级;肢体残疾1-4级;智力残疾1-4级;精神残疾1-4级;多重残疾1-4级;,是,见原平台,中国残联就业服务平台（动态接口）,https://www.cdpee.org.cn/,2026年08月18日
湖南省,株洲市,垃圾清运工,湖南仁仁洁国际清洁科技集团股份有限公司荷塘分公司,湖南省·株洲市·荷塘区,学历不限,1,言语残疾1级;智力残疾1级;,是,见原平台,中国残联就业服务平台（动态接口）,https://www.cdpee.org.cn/,2026年09月17日
江苏省,徐州市,江苏徐州组件工+早八晚六+包吃+五险+坐班,陕西致广人力资源有限公司,江苏省·徐州市·邳州市,学历不限,20,"视力残疾1-4级;听力残疾1-4级;言语残疾1-4级;肢体残疾1-4级;智力残疾3,4级;多重残疾1-4级;",是,见原平台,中国残联就业服务平台（动态接口）,https://www.cdpee.org.cn/,2026年09月17日
广东省,江门市,生产工,江门市霞光照明电器有限公司,广东省·江门市·蓬江区,学历不限,1,听力残疾2-4级;言语残疾2-4级;肢体残疾4级;智力残疾4级;多重残疾4级;,是,见原平台,中国残联就业服务平台（动态接口）,https://www.cdpee.org.cn/,2026年09月17日
河南省,安阳市,游戏专员,汤阴县鼎垚建筑劳务有限公司,河南省·安阳市·汤阴县,学历不限,,视力残疾1-4级;听力残疾1-4级;言语残疾1-4级;肢体残疾1-4级;智力残疾1-4级;精神残疾1-4级;多重残疾1-4级;,是,见原平台,中国残联就业服务平台（动态接口）,https://www.cdpee.org.cn/,2026年08月03日
上海市,上海市,行政助理（上海闵行区）,北京易才人力资源顾问有限公司,上海市·上海市·闵行区,大专,1,视力残疾1-3级;听力残疾1-3级;言语残疾1-3级;肢体残疾1-3级;智力残疾1-3级;精神残疾1-3级;多重残疾1-3级;,是,见原平台,中国残联就业服务平台（动态接口）,https://www.cdpee.org.cn/,2026年08月17日
江苏省,南京市,HR招聘,北京易才人力资源顾问有限公司,江苏省·南京市·建邺区,大专,1,视力残疾1-3级;听力残疾1-3级;言语残疾1-3级;肢体残疾1-3级;智力残疾1-3级;精神残疾1-3级;多重残疾1-3级;,是,见原平台,中国残联就业服务平台（动态接口）,https://www.cdpee.org.cn/,2026年05月22日
四川省,成都市,成都急招（残疾人福利岗）五险一金，长白8小时，高薪技术岗,广州海仑企业服务有限公司,四川省·成都市·锦江区,学历不限,3,视力残疾1-4级;听力残疾1-4级;言语残疾1-4级;肢体残疾1-4级;智力残疾1-4级;精神残疾1-4级;多重残疾1-4级;,是,见原平台,中国残联就业服务平台（动态接口）,https://www.cdpee.org.cn/,2026年09月17日
天津市,天津市,天津档案处理员，双休，8小时，缴纳五险一金,广州海仑企业服务有限公司,天津市·天津市·河东区,学历不限,2,视力残疾1-4级;听力残疾1-4级;言语残疾1-4级;肢体残疾1-4级;智力残疾1-4级;精神残疾1-4级;多重残疾1-4级;,是,见原平台,中国残联就业服务平台（动态接口）,https://www.cdpee.org.cn/,2026年09月17日
云南省,昭通市,艾草加工，种植,云南鑫会盟艾绒制品生产有限公司,云南省·昭通市·巧家县,学历不限,100,视力残疾4级;听力残疾4级;言语残疾4级;肢体残疾4级;智力残疾4级;精神残疾4级;,是,见原平台,中国残联就业服务平台（动态接口）,https://www.cdpee.org.cn/,2026年09月17日
浙江省,杭州市,赵一铭零食店导购,杭州临平良浪副食品店,浙江省·杭州市·临平区,学历不限,,视力残疾1-4级;听力残疾1-4级;言语残疾1-4级;肢体残疾1-4级;智力残疾1-4级;精神残疾1-4级;多重残疾1-4级;,是,见原平台,中国残联就业服务平台（动态接口）,https://www.cdpee.org.cn/,2026年06月09日
江苏省,宿迁市,食品加工处理,宿迁市宿城区陆小青猪肉批发经营部,江苏省·宿迁市·湖滨新区,小学,100,"视力残疾3,4级;听力残疾3,4级;肢体残疾3,4级;智力残疾4级;多重残疾3,4级;",是,见原平台,中国残联就业服务平台（动态接口）,https://www.cdpee.org.cn/,2026年09月17日
四川省,成都市,火锅店服务员,成都市龙泉驿区杨钧驿火锅店（个体工商户）,四川省·成都市·龙泉驿区,高中/中专,,视力残疾1-4级;听力残疾1-4级;言语残疾1-4级;肢体残疾1-4级;智力残疾1-4级;精神残疾1-4级;多重残疾1-4级;,是,见原平台,中国残联就业服务平台（动态接口）,https://www.cdpee.org.cn/,2026年08月18日
湖南省,株洲市,垃圾清运工,湖南仁仁洁国际清洁科技集团股份有限公司荷塘分公司,湖南省·株洲市·荷塘区,学历不限,1,言语残疾1级;智力残疾1级;,是,见原平台,中国残联就业服务平台（动态接口）,https://www.cdpee.org.cn/,2026年09月17日
江苏省,徐州市,江苏徐州组件工+早八晚六+包吃+五险+坐班,陕西致广人力资源有限公司,江苏省·徐州市·邳州市,学历不限,20,"视力残疾1-4级;听力残疾1-4级;言语残疾1-4级;肢体残疾1-4级;智力残疾3,4级;多重残疾1-4级;",是,见原平台,中国残联就业服务平台（动态接口）,https://www.cdpee.org.cn/,2026年09月17日
广东省,江门市,生产工,江门市霞光照明电器有限公司,广东省·江门市·蓬江区,学历不限,1,听力残疾2-4级;言语残疾2-4级;肢体残疾4级;智力残疾4级;多重残疾4级;,是,见原平台,中国残联就业服务平台（动态接口）,https://www.cdpee.org.cn/,2026年09月17日
河南省,安阳市,游戏专员,汤阴县鼎垚建筑劳务有限公司,河南省·安阳市·汤阴县,学历不限,,视力残疾1-4级;听力残疾1-4级;言语残疾1-4级;肢体残疾1-4级;智力残疾1-4级;精神残疾1-4级;多重残疾1-4级;,是,见原平台,中国残联就业服务平台（动态接口）,https://www.cdpee.org.cn/,2026年08月03日
上海市,上海市,行政助理（上海闵行区）,北京易才人力资源顾问有限公司,上海市·上海市·闵行区,大专,1,视力残疾1-3级;听力残疾1-3级;言语残疾1-3级;肢体残疾1-3级;智力残疾1-3级;精神残疾1-3级;多重残疾1-3级;,是,见原平台,中国残联就业服务平台（动态接口）,https://www.cdpee.org.cn/,2026年08月17日
江苏省,南京市,HR招聘,北京易才人力资源顾问有限公司,江苏省·南京市·建邺区,大专,1,视力残疾1-3级;听力残疾1-3级;言语残疾1-3级;肢体残疾1-3级;智力残疾1-3级;精神残疾1-3级;多重残疾1-3级;,是,见原平台,中国残联就业服务平台（动态接口）,https://www.cdpee.org.cn/,2026年05月22日
四川省,成都市,成都急招（残疾人福利岗）五险一金，长白8小时，高薪技术岗,广州海仑企业服务有限公司,四川省·成都市·锦江区,学历不限,3,视力残疾1-4级;听力残疾1-4级;言语残疾1-4级;肢体残疾1-4级;智力残疾1-4级;精神残疾1-4级;多重残疾1-4级;,是,见原平台,中国残联就业服务平台（动态接口）,https://www.cdpee.org.cn/,2026年09月17日
天津市,天津市,天津档案处理员，双休，8小时，缴纳五险一金,广州海仑企业服务有限公司,天津市·天津市·河东区,学历不限,2,视力残疾1-4级;听力残疾1-4级;言语残疾1-4级;肢体残疾1-4级;智力残疾1-4级;精神残疾1-4级;多重残疾1-4级;,是,见原平台,中国残联就业服务平台（动态接口）,https://www.cdpee.org.cn/,2026年09月17日
云南省,昭通市,艾草加工，种植,云南鑫会盟艾绒制品生产有限公司,云南省·昭通市·巧家县,学历不限,100,视力残疾4级;听力残疾4级;言语残疾4级;肢体残疾4级;智力残疾4级;精神残疾4级;,是,见原平台,中国残联就业服务平台（动态接口）,https://www.cdpee.org.cn/,2026年09月17日
浙江省,杭州市,赵一铭零食店导购,杭州临平良浪副食品店,浙江省·杭州市·临平区,学历不限,,视力残疾1-4级;听力残疾1-4级;言语残疾1-4级;肢体残疾1-4级;智力残疾1-4级;精神残疾1-4级;多重残疾1-4级;,是,见原平台,中国残联就业服务平台（动态接口）,https://www.cdpee.org.cn/,2026年06月09日
江苏省,宿迁市,食品加工处理,宿迁市宿城区陆小青猪肉批发经营部,江苏省·宿迁市·湖滨新区,小学,100,"视力残疾3,4级;听力残疾3,4级;肢体残疾3,4级;智力残疾4级;多重残疾3,4级;",是,见原平台,中国残联就业服务平台（动态接口）,https://www.cdpee.org.cn/,2026年09月17日
四川省,成都市,火锅店服务员,成都市龙泉驿区杨钧驿火锅店（个体工商户）,四川省·成都市·龙泉驿区,高中/中专,,视力残疾1-4级;听力残疾1-4级;言语残疾1-4级;肢体残疾1-4级;智力残疾1-4级;精神残疾1-4级;多重残疾1-4级;,是,见原平台,中国残联就业服务平台（动态接口）,https://www.cdpee.org.cn/,2026年08月18日
湖南省,株洲市,垃圾清运工,湖南仁仁洁国际清洁科技集团股份有限公司荷塘分公司,湖南省·株洲市·荷塘区,学历不限,1,言语残疾1级;智力残疾1级;,是,见原平台,中国残联就业服务平台（动态接口）,https://www.cdpee.org.cn/,2026年09月17日
江苏省,徐州市,江苏徐州组件工+早八晚六+包吃+五险+坐班,陕西致广人力资源有限公司,江苏省·徐州市·邳州市,学历不限,20,"视力残疾1-4级;听力残疾1-4级;言语残疾1-4级;肢体残疾1-4级;智力残疾3,4级;多重残疾1-4级;",是,见原平台,中国残联就业服务平台（动态接口）,https://www.cdpee.org.cn/,2026年09月17日
广东省,江门市,生产工,江门市霞光照明电器有限公司,广东省·江门市·蓬江区,学历不限,1,听力残疾2-4级;言语残疾2-4级;肢体残疾4级;智力残疾4级;多重残疾4级;,是,见原平台,中国残联就业服务平台（动态接口）,https://www.cdpee.org.cn/,2026年09月17日
河南省,安阳市,游戏专员,汤阴县鼎垚建筑劳务有限公司,河南省·安阳市·汤阴县,学历不限,,视力残疾1-4级;听力残疾1-4级;言语残疾1-4级;肢体残疾1-4级;智力残疾1-4级;精神残疾1-4级;多重残疾1-4级;,是,见原平台,中国残联就业服务平台（动态接口）,https://www.cdpee.org.cn/,2026年08月03日
上海市,上海市,行政助理（上海闵行区）,北京易才人力资源顾问有限公司,上海市·上海市·闵行区,大专,1,视力残疾1-3级;听力残疾1-3级;言语残疾1-3级;肢体残疾1-3级;智力残疾1-3级;精神残疾1-3级;多重残疾1-3级;,是,见原平台,中国残联就业服务平台（动态接口）,https://www.cdpee.org.cn/,2026年08月17日
江苏省,南京市,HR招聘,北京易才人力资源顾问有限公司,江苏省·南京市·建邺区,大专,1,视力残疾1-3级;听力残疾1-3级;言语残疾1-3级;肢体残疾1-3级;智力残疾1-3级;精神残疾1-3级;多重残疾1-3级;,是,见原平台,中国残联就业服务平台（动态接口）,https://www.cdpee.org.cn/,2026年05月22日
四川省,成都市,成都急招（残疾人福利岗）五险一金，长白8小时，高薪技术岗,广州海仑企业服务有限公司,四川省·成都市·锦江区,学历不限,3,视力残疾1-4级;听力残疾1-4级;言语残疾1-4级;肢体残疾1-4级;智力残疾1-4级;精神残疾1-4级;多重残疾1-4级;,是,见原平台,中国残联就业服务平台（动态接口）,https://www.cdpee.org.cn/,2026年09月17日
天津市,天津市,天津档案处理员，双休，8小时，缴纳五险一金,广州海仑企业服务有限公司,天津市·天津市·河东区,学历不限,2,视力残疾1-4级;听力残疾1-4级;言语残疾1-4级;肢体残疾1-4级;智力残疾1-4级;精神残疾1-4级;多重残疾1-4级;,是,见原平台,中国残联就业服务平台（动态接口）,https://www.cdpee.org.cn/,2026年09月17日
云南省,昭通市,艾草加工，种植,云南鑫会盟艾绒制品生产有限公司,云南省·昭通市·巧家县,学历不限,100,视力残疾4级;听力残疾4级;言语残疾4级;肢体残疾4级;智力残疾4级;精神残疾4级;,是,见原平台,中国残联就业服务平台（动态接口）,https://www.cdpee.org.cn/,2026年09月17日
浙江省,杭州市,赵一铭零食店导购,杭州临平良浪副食品店,浙江省·杭州市·临平区,学历不限,,视力残疾1-4级;听力残疾1-4级;言语残疾1-4级;肢体残疾1-4级;智力残疾1-4级;精神残疾1-4级;多重残疾1-4级;,是,见原平台,中国残联就业服务平台（动态接口）,https://www.cdpee.org.cn/,2026年06月09日
江苏省,宿迁市,食品加工处理,宿迁市宿城区陆小青猪肉批发经营部,江苏省·宿迁市·湖滨新区,小学,100,"视力残疾3,4级;听力残疾3,4级;肢体残疾3,4级;智力残疾4级;多重残疾3,4级;",是,见原平台,中国残联就业服务平台（动态接口）,https://www.cdpee.org.cn/,2026年09月17日
四川省,成都市,火锅店服务员,成都市龙泉驿区杨钧驿火锅店（个体工商户）,四川省·成都市·龙泉驿区,高中/中专,,视力残疾1-4级;听力残疾1-4级;言语残疾1-4级;肢体残疾1-4级;智力残疾1-4级;精神残疾1-4级;多重残疾1-4级;,是,见原平台,中国残联就业服务平台（动态接口）,https://www.cdpee.org.cn/,2026年08月18日
湖南省,株洲市,垃圾清运工,湖南仁仁洁国际清洁科技集团股份有限公司荷塘分公司,湖南省·株洲市·荷塘区,学历不限,1,言语残疾1级;智力残疾1级;,是,见原平台,中国残联就业服务平台（动态接口）,https://www.cdpee.org.cn/,2026年09月17日
江苏省,徐州市,江苏徐州组件工+早八晚六+包吃+五险+坐班,陕西致广人力资源有限公司,江苏省·徐州市·邳州市,学历不限,20,"视力残疾1-4级;听力残疾1-4级;言语残疾1-4级;肢体残疾1-4级;智力残疾3,4级;多重残疾1-4级;",是,见原平台,中国残联就业服务平台（动态接口）,https://www.cdpee.org.cn/,2026年09月17日
广东省,江门市,生产工,江门市霞光照明电器有限公司,广东省·江门市·蓬江区,学历不限,1,听力残疾2-4级;言语残疾2-4级;肢体残疾4级;智力残疾4级;多重残疾4级;,是,见原平台,中国残联就业服务平台（动态接口）,https://www.cdpee.org.cn/,2026年09月17日
河南省,安阳市,游戏专员,汤阴县鼎垚建筑劳务有限公司,河南省·安阳市·汤阴县,学历不限,,视力残疾1-4级;听力残疾1-4级;言语残疾1-4级;肢体残疾1-4级;智力残疾1-4级;精神残疾1-4级;多重残疾1-4级;,是,见原平台,中国残联就业服务平台（动态接口）,https://www.cdpee.org.cn/,2026年08月03日
上海市,上海市,行政助理（上海闵行区）,北京易才人力资源顾问有限公司,上海市·上海市·闵行区,大专,1,视力残疾1-3级;听力残疾1-3级;言语残疾1-3级;肢体残疾1-3级;智力残疾1-3级;精神残疾1-3级;多重残疾1-3级;,是,见原平台,中国残联就业服务平台（动态接口）,https://www.cdpee.org.cn/,2026年08月17日
江苏省,南京市,HR招聘,北京易才人力资源顾问有限公司,江苏省·南京市·建邺区,大专,1,视力残疾1-3级;听力残疾1-3级;言语残疾1-3级;肢体残疾1-3级;智力残疾1-3级;精神残疾1-3级;多重残疾1-3级;,是,见原平台,中国残联就业服务平台（动态接口）,https://www.cdpee.org.cn/,2026年05月22日
四川省,成都市,成都急招（残疾人福利岗）五险一金，长白8小时，高薪技术岗,广州海仑企业服务有限公司,四川省·成都市·锦江区,学历不限,3,视力残疾1-4级;听力残疾1-4级;言语残疾1-4级;肢体残疾1-4级;智力残疾1-4级;精神残疾1-4级;多重残疾1-4级;,是,见原平台,中国残联就业服务平台（动态接口）,https://www.cdpee.org.cn/,2026年09月17日
天津市,天津市,天津档案处理员，双休，8小时，缴纳五险一金,广州海仑企业服务有限公司,天津市·天津市·河东区,学历不限,2,视力残疾1-4级;听力残疾1-4级;言语残疾1-4级;肢体残疾1-4级;智力残疾1-4级;精神残疾1-4级;多重残疾1-4级;,是,见原平台,中国残联就业服务平台（动态接口）,https://www.cdpee.org.cn/,2026年09月17日
云南省,昭通市,艾草加工，种植,云南鑫会盟艾绒制品生产有限公司,云南省·昭通市·巧家县,学历不限,100,视力残疾4级;听力残疾4级;言语残疾4级;肢体残疾4级;智力残疾4级;精神残疾4级;,是,见原平台,中国残联就业服务平台（动态接口）,https://www.cdpee.org.cn/,2026年09月17日
浙江省,杭州市,赵一铭零食店导购,杭州临平良浪副食品店,浙江省·杭州市·临平区,学历不限,,视力残疾1-4级;听力残疾1-4级;言语残疾1-4级;肢体残疾1-4级;智力残疾1-4级;精神残疾1-4级;多重残疾1-4级;,是,见原平台,中国残联就业服务平台（动态接口）,https://www.cdpee.org.cn/,2026年06月09日
江苏省,宿迁市,食品加工处理,宿迁市宿城区陆小青猪肉批发经营部,江苏省·宿迁市·湖滨新区,小学,100,"视力残疾3,4级;听力残疾3,4级;肢体残疾3,4级;智力残疾4级;多重残疾3,4级;",是,见原平台,中国残联就业服务平台（动态接口）,https://www.cdpee.org.cn/,2026年09月17日
湖北省,荆州市,中医医师,荆州莲心诊所有限公司,湖北省·荆州市·荆州区,本科,,视力残疾1-4级;听力残疾1-4级;言语残疾1-4级;肢体残疾1-4级;智力残疾1-4级;精神残疾1-4级;多重残疾1-4级;,是,见原平台,中国残联就业服务平台（动态接口）,https://www.cdpee.org.cn/,2026年09月11日
湖南省,株洲市,垃圾清运工,湖南仁仁洁国际清洁科技集团股份有限公司荷塘分公司,湖南省·株洲市·荷塘区,学历不限,1,言语残疾1级;智力残疾1级;,是,见原平台,中国残联就业服务平台（动态接口）,https://www.cdpee.org.cn/,2026年09月17日
江苏省,徐州市,江苏徐州组件工+早八晚六+包吃+五险+坐班,陕西致广人力资源有限公司,江苏省·徐州市·邳州市,学历不限,20,"视力残疾1-4级;听力残疾1-4级;言语残疾1-4级;肢体残疾1-4级;智力残疾3,4级;多重残疾1-4级;",是,见原平台,中国残联就业服务平台（动态接口）,https://www.cdpee.org.cn/,2026年09月17日
广东省,江门市,生产工,江门市霞光照明电器有限公司,广东省·江门市·蓬江区,学历不限,1,听力残疾2-4级;言语残疾2-4级;肢体残疾4级;智力残疾4级;多重残疾4级;,是,见原平台,中国残联就业服务平台（动态接口）,https://www.cdpee.org.cn/,2026年09月17日
陕西省,咸阳市,服务员/收银/洗碗工,成都市板扎牛餐饮管理有限公司,陕西省·咸阳市·秦都区,学历不限,,视力残疾1-4级;听力残疾1-4级;言语残疾1-4级;肢体残疾1-4级;智力残疾1-4级;精神残疾1-4级;多重残疾1-4级;,是,见原平台,中国残联就业服务平台（动态接口）,https://www.cdpee.org.cn/,2026年09月08日
上海市,上海市,行政助理（上海闵行区）,北京易才人力资源顾问有限公司,上海市·上海市·闵行区,大专,1,视力残疾1-3级;听力残疾1-3级;言语残疾1-3级;肢体残疾1-3级;智力残疾1-3级;精神残疾1-3级;多重残疾1-3级;,是,见原平台,中国残联就业服务平台（动态接口）,https://www.cdpee.org.cn/,2026年08月17日
江苏省,南京市,HR招聘,北京易才人力资源顾问有限公司,江苏省·南京市·建邺区,大专,1,视力残疾1-3级;听力残疾1-3级;言语残疾1-3级;肢体残疾1-3级;智力残疾1-3级;精神残疾1-3级;多重残疾1-3级;,是,见原平台,中国残联就业服务平台（动态接口）,https://www.cdpee.org.cn/,2026年05月22日
四川省,成都市,成都急招（残疾人福利岗）五险一金，长白8小时，高薪技术岗,广州海仑企业服务有限公司,四川省·成都市·锦江区,学历不限,3,视力残疾1-4级;听力残疾1-4级;言语残疾1-4级;肢体残疾1-4级;智力残疾1-4级;精神残疾1-4级;多重残疾1-4级;,是,见原平台,中国残联就业服务平台（动态接口）,https://www.cdpee.org.cn/,2026年09月17日
天津市,天津市,天津档案处理员，双休，8小时，缴纳五险一金,广州海仑企业服务有限公司,天津市·天津市·河东区,学历不限,2,视力残疾1-4级;听力残疾1-4级;言语残疾1-4级;肢体残疾1-4级;智力残疾1-4级;精神残疾1-4级;多重残疾1-4级;,是,见原平台,中国残联就业服务平台（动态接口）,https://www.cdpee.org.cn/,2026年09月17日
云南省,昆明市,售后服务专员,中国人寿保险股份有限公司呈贡区支公司龙城镇营销服务部,云南省·昆明市·呈贡区,大专,,视力残疾1-4级;听力残疾1-4级;言语残疾1-4级;肢体残疾1-4级;智力残疾1-4级;精神残疾1-4级;多重残疾1-4级;,是,见原平台,中国残联就业服务平台（动态接口）,https://www.cdpee.org.cn/,2026年07月17日
云南省,昭通市,艾草加工，种植,云南鑫会盟艾绒制品生产有限公司,云南省·昭通市·巧家县,学历不限,100,视力残疾4级;听力残疾4级;言语残疾4级;肢体残疾4级;智力残疾4级;精神残疾4级;,是,见原平台,中国残联就业服务平台（动态接口）,https://www.cdpee.org.cn/,2026年09月17日
江苏省,宿迁市,食品加工处理,宿迁市宿城区陆小青猪肉批发经营部,江苏省·宿迁市·湖滨新区,小学,100,"视力残疾3,4级;听力残疾3,4级;肢体残疾3,4级;智力残疾4级;多重残疾3,4级;",是,见原平台,中国残联就业服务平台（动态接口）,https://www.cdpee.org.cn/,2026年09月17日
湖北省,荆州市,中医医师,荆州莲心诊所有限公司,湖北省·荆州市·荆州区,本科,,视力残疾1-4级;听力残疾1-4级;言语残疾1-4级;肢体残疾1-4级;智力残疾1-4级;精神残疾1-4级;多重残疾1-4级;,是,见原平台,中国残联就业服务平台（动态接口）,https://www.cdpee.org.cn/,2026年09月11日
湖南省,株洲市,垃圾清运工,湖南仁仁洁国际清洁科技集团股份有限公司荷塘分公司,湖南省·株洲市·荷塘区,学历不限,1,言语残疾1级;智力残疾1级;,是,见原平台,中国残联就业服务平台（动态接口）,https://www.cdpee.org.cn/,2026年09月17日
江苏省,徐州市,江苏徐州组件工+早八晚六+包吃+五险+坐班,陕西致广人力资源有限公司,江苏省·徐州市·邳州市,学历不限,20,"视力残疾1-4级;听力残疾1-4级;言语残疾1-4级;肢体残疾1-4级;智力残疾3,4级;多重残疾1-4级;",是,见原平台,中国残联就业服务平台（动态接口）,https://www.cdpee.org.cn/,2026年09月17日
广东省,江门市,生产工,江门市霞光照明电器有限公司,广东省·江门市·蓬江区,学历不限,1,听力残疾2-4级;言语残疾2-4级;肢体残疾4级;智力残疾4级;多重残疾4级;,是,见原平台,中国残联就业服务平台（动态接口）,https://www.cdpee.org.cn/,2026年09月17日
陕西省,咸阳市,服务员/收银/洗碗工,成都市板扎牛餐饮管理有限公司,陕西省·咸阳市·秦都区,学历不限,,视力残疾1-4级;听力残疾1-4级;言语残疾1-4级;肢体残疾1-4级;智力残疾1-4级;精神残疾1-4级;多重残疾1-4级;,是,见原平台,中国残联就业服务平台（动态接口）,https://www.cdpee.org.cn/,2026年09月08日
上海市,上海市,行政助理（上海闵行区）,北京易才人力资源顾问有限公司,上海市·上海市·闵行区,大专,1,视力残疾1-3级;听力残疾1-3级;言语残疾1-3级;肢体残疾1-3级;智力残疾1-3级;精神残疾1-3级;多重残疾1-3级;,是,见原平台,中国残联就业服务平台（动态接口）,https://www.cdpee.org.cn/,2026年08月17日
江苏省,南京市,HR招聘,北京易才人力资源顾问有限公司,江苏省·南京市·建邺区,大专,1,视力残疾1-3级;听力残疾1-3级;言语残疾1-3级;肢体残疾1-3级;智力残疾1-3级;精神残疾1-3级;多重残疾1-3级;,是,见原平台,中国残联就业服务平台（动态接口）,https://www.cdpee.org.cn/,2026年05月22日
四川省,成都市,成都急招（残疾人福利岗）五险一金，长白8小时，高薪技术岗,广州海仑企业服务有限公司,四川省·成都市·锦江区,学历不限,3,视力残疾1-4级;听力残疾1-4级;言语残疾1-4级;肢体残疾1-4级;智力残疾1-4级;精神残疾1-4级;多重残疾1-4级;,是,见原平台,中国残联就业服务平台（动态接口）,https://www.cdpee.org.cn/,2026年09月17日
天津市,天津市,天津档案处理员，双休，8小时，缴纳五险一金,广州海仑企业服务有限公司,天津市·天津市·河东区,学历不限,2,视力残疾1-4级;听力残疾1-4级;言语残疾1-4级;肢体残疾1-4级;智力残疾1-4级;精神残疾1-4级;多重残疾1-4级;,是,见原平台,中国残联就业服务平台（动态接口）,https://www.cdpee.org.cn/,2026年09月17日
云南省,昆明市,售后服务专员,中国人寿保险股份有限公司呈贡区支公司龙城镇营销服务部,云南省·昆明市·呈贡区,大专,,视力残疾1-4级;听力残疾1-4级;言语残疾1-4级;肢体残疾1-4级;智力残疾1-4级;精神残疾1-4级;多重残疾1-4级;,是,见原平台,中国残联就业服务平台（动态接口）,https://www.cdpee.org.cn/,2026年07月17日
云南省,昭通市,艾草加工，种植,云南鑫会盟艾绒制品生产有限公司,云南省·昭通市·巧家县,学历不限,100,视力残疾4级;听力残疾4级;言语残疾4级;肢体残疾4级;智力残疾4级;精神残疾4级;,是,见原平台,中国残联就业服务平台（动态接口）,https://www.cdpee.org.cn/,2026年09月17日
江苏省,宿迁市,食品加工处理,宿迁市宿城区陆小青猪肉批发经营部,江苏省·宿迁市·湖滨新区,小学,100,"视力残疾3,4级;听力残疾3,4级;肢体残疾3,4级;智力残疾4级;多重残疾3,4级;",是,见原平台,中国残联就业服务平台（动态接口）,https://www.cdpee.org.cn/,2026年09月17日
湖北省,荆州市,中医医师,荆州莲心诊所有限公司,湖北省·荆州市·荆州区,本科,,视力残疾1-4级;听力残疾1-4级;言语残疾1-4级;肢体残疾1-4级;智力残疾1-4级;精神残疾1-4级;多重残疾1-4级;,是,见原平台,中国残联就业服务平台（动态接口）,https://www.cdpee.org.cn/,2026年09月11日
湖南省,株洲市,垃圾清运工,湖南仁仁洁国际清洁科技集团股份有限公司荷塘分公司,湖南省·株洲市·荷塘区,学历不限,1,言语残疾1级;智力残疾1级;,是,见原平台,中国残联就业服务平台（动态接口）,https://www.cdpee.org.cn/,2026年09月17日
江苏省,徐州市,江苏徐州组件工+早八晚六+包吃+五险+坐班,陕西致广人力资源有限公司,江苏省·徐州市·邳州市,学历不限,20,"视力残疾1-4级;听力残疾1-4级;言语残疾1-4级;肢体残疾1-4级;智力残疾3,4级;多重残疾1-4级;",是,见原平台,中国残联就业服务平台（动态接口）,https://www.cdpee.org.cn/,2026年09月17日
广东省,江门市,生产工,江门市霞光照明电器有限公司,广东省·江门市·蓬江区,学历不限,1,听力残疾2-4级;言语残疾2-4级;肢体残疾4级;智力残疾4级;多重残疾4级;,是,见原平台,中国残联就业服务平台（动态接口）,https://www.cdpee.org.cn/,2026年09月17日
陕西省,咸阳市,服务员/收银/洗碗工,成都市板扎牛餐饮管理有限公司,陕西省·咸阳市·秦都区,学历不限,,视力残疾1-4级;听力残疾1-4级;言语残疾1-4级;肢体残疾1-4级;智力残疾1-4级;精神残疾1-4级;多重残疾1-4级;,是,见原平台,中国残联就业服务平台（动态接口）,https://www.cdpee.org.cn/,2026年09月08日
上海市,上海市,行政助理（上海闵行区）,北京易才人力资源顾问有限公司,上海市·上海市·闵行区,大专,1,视力残疾1-3级;听力残疾1-3级;言语残疾1-3级;肢体残疾1-3级;智力残疾1-3级;精神残疾1-3级;多重残疾1-3级;,是,见原平台,中国残联就业服务平台（动态接口）,https://www.cdpee.org.cn/,2026年08月17日
江苏省,南京市,HR招聘,北京易才人力资源顾问有限公司,江苏省·南京市·建邺区,大专,1,视力残疾1-3级;听力残疾1-3级;言语残疾1-3级;肢体残疾1-3级;智力残疾1-3级;精神残疾1-3级;多重残疾1-3级;,是,见原平台,中国残联就业服务平台（动态接口）,https://www.cdpee.org.cn/,2026年05月22日
四川省,成都市,成都急招（残疾人福利岗）五险一金，长白8小时，高薪技术岗,广州海仑企业服务有限公司,四川省·成都市·锦江区,学历不限,3,视力残疾1-4级;听力残疾1-4级;言语残疾1-4级;肢体残疾1-4级;智力残疾1-4级;精神残疾1-4级;多重残疾1-4级;,是,见原平台,中国残联就业服务平台（动态接口）,https://www.cdpee.org.cn/,2026年09月17日
天津市,天津市,天津档案处理员，双休，8小时，缴纳五险一金,广州海仑企业服务有限公司,天津市·天津市·河东区,学历不限,2,视力残疾1-4级;听力残疾1-4级;言语残疾1-4级;肢体残疾1-4级;智力残疾1-4级;精神残疾1-4级;多重残疾1-4级;,是,见原平台,中国残联就业服务平台（动态接口）,https://www.cdpee.org.cn/,2026年09月17日
云南省,昆明市,售后服务专员,中国人寿保险股份有限公司呈贡区支公司龙城镇营销服务部,云南省·昆明市·呈贡区,大专,,视力残疾1-4级;听力残疾1-4级;言语残疾1-4级;肢体残疾1-4级;智力残疾1-4级;精神残疾1-4级;多重残疾1-4级;,是,见原平台,中国残联就业服务平台（动态接口）,https://www.cdpee.org.cn/,2026年07月17日
云南省,昭通市,艾草加工，种植,云南鑫会盟艾绒制品生产有限公司,云南省·昭通市·巧家县,学历不限,100,视力残疾4级;听力残疾4级;言语残疾4级;肢体残疾4级;智力残疾4级;精神残疾4级;,是,见原平台,中国残联就业服务平台（动态接口）,https://www.cdpee.org.cn/,2026年09月17日
江苏省,宿迁市,食品加工处理,宿迁市宿城区陆小青猪肉批发经营部,江苏省·宿迁市·湖滨新区,小学,100,"视力残疾3,4级;听力残疾3,4级;肢体残疾3,4级;智力残疾4级;多重残疾3,4级;",是,见原平台,中国残联就业服务平台（动态接口）,https://www.cdpee.org.cn/,2026年09月17日
湖北省,荆州市,中医医师,荆州莲心诊所有限公司,湖北省·荆州市·荆州区,本科,,视力残疾1-4级;听力残疾1-4级;言语残疾1-4级;肢体残疾1-4级;智力残疾1-4级;精神残疾1-4级;多重残疾1-4级;,是,见原平台,中国残联就业服务平台（动态接口）,https://www.cdpee.org.cn/,2026年09月11日
湖南省,株洲市,垃圾清运工,湖南仁仁洁国际清洁科技集团股份有限公司荷塘分公司,湖南省·株洲市·荷塘区,学历不限,1,言语残疾1级;智力残疾1级;,是,见原平台,中国残联就业服务平台（动态接口）,https://www.cdpee.org.cn/,2026年09月17日
江苏省,徐州市,江苏徐州组件工+早八晚六+包吃+五险+坐班,陕西致广人力资源有限公司,江苏省·徐州市·邳州市,学历不限,20,"视力残疾1-4级;听力残疾1-4级;言语残疾1-4级;肢体残疾1-4级;智力残疾3,4级;多重残疾1-4级;",是,见原平台,中国残联就业服务平台（动态接口）,https://www.cdpee.org.cn/,2026年09月17日
广东省,江门市,生产工,江门市霞光照明电器有限公司,广东省·江门市·蓬江区,学历不限,1,听力残疾2-4级;言语残疾2-4级;肢体残疾4级;智力残疾4级;多重残疾4级;,是,见原平台,中国残联就业服务平台（动态接口）,https://www.cdpee.org.cn/,2026年09月17日
陕西省,咸阳市,服务员/收银/洗碗工,成都市板扎牛餐饮管理有限公司,陕西省·咸阳市·秦都区,学历不限,,视力残疾1-4级;听力残疾1-4级;言语残疾1-4级;肢体残疾1-4级;智力残疾1-4级;精神残疾1-4级;多重残疾1-4级;,是,见原平台,中国残联就业服务平台（动态接口）,https://www.cdpee.org.cn/,2026年09月08日
上海市,上海市,行政助理（上海闵行区）,北京易才人力资源顾问有限公司,上海市·上海市·闵行区,大专,1,视力残疾1-3级;听力残疾1-3级;言语残疾1-3级;肢体残疾1-3级;智力残疾1-3级;精神残疾1-3级;多重残疾1-3级;,是,见原平台,中国残联就业服务平台（动态接口）,https://www.cdpee.org.cn/,2026年08月17日
江苏省,南京市,HR招聘,北京易才人力资源顾问有限公司,江苏省·南京市·建邺区,大专,1,视力残疾1-3级;听力残疾1-3级;言语残疾1-3级;肢体残疾1-3级;智力残疾1-3级;精神残疾1-3级;多重残疾1-3级;,是,见原平台,中国残联就业服务平台（动态接口）,https://www.cdpee.org.cn/,2026年05月22日
四川省,成都市,成都急招（残疾人福利岗）五险一金，长白8小时，高薪技术岗,广州海仑企业服务有限公司,四川省·成都市·锦江区,学历不限,3,视力残疾1-4级;听力残疾1-4级;言语残疾1-4级;肢体残疾1-4级;智力残疾1-4级;精神残疾1-4级;多重残疾1-4级;,是,见原平台,中国残联就业服务平台（动态接口）,https://www.cdpee.org.cn/,2026年09月17日
天津市,天津市,天津档案处理员，双休，8小时，缴纳五险一金,广州海仑企业服务有限公司,天津市·天津市·河东区,学历不限,2,视力残疾1-4级;听力残疾1-4级;言语残疾1-4级;肢体残疾1-4级;智力残疾1-4级;精神残疾1-4级;多重残疾1-4级;,是,见原平台,中国残联就业服务平台（动态接口）,https://www.cdpee.org.cn/,2026年09月17日
云南省,昆明市,售后服务专员,中国人寿保险股份有限公司呈贡区支公司龙城镇营销服务部,云南省·昆明市·呈贡区,大专,,视力残疾1-4级;听力残疾1-4级;言语残疾1-4级;肢体残疾1-4级;智力残疾1-4级;精神残疾1-4级;多重残疾1-4级;,是,见原平台,中国残联就业服务平台（动态接口）,https://www.cdpee.org.cn/,2026年07月17日
云南省,昭通市,艾草加工，种植,云南鑫会盟艾绒制品生产有限公司,云南省·昭通市·巧家县,学历不限,100,视力残疾4级;听力残疾4级;言语残疾4级;肢体残疾4级;智力残疾4级;精神残疾4级;,是,见原平台,中国残联就业服务平台（动态接口）,https://www.cdpee.org.cn/,2026年09月17日
江苏省,宿迁市,食品加工处理,宿迁市宿城区陆小青猪肉批发经营部,江苏省·宿迁市·湖滨新区,小学,100,"视力残疾3,4级;听力残疾3,4级;肢体残疾3,4级;智力残疾4级;多重残疾3,4级;",是,见原平台,中国残联就业服务平台（动态接口）,https://www.cdpee.org.cn/,2026年09月17日
湖北省,荆州市,中医医师,荆州莲心诊所有限公司,湖北省·荆州市·荆州区,本科,,视力残疾1-4级;听力残疾1-4级;言语残疾1-4级;肢体残疾1-4级;智力残疾1-4级;精神残疾1-4级;多重残疾1-4级;,是,见原平台,中国残联就业服务平台（动态接口）,https://www.cdpee.org.cn/,2026年09月11日
湖南省,株洲市,垃圾清运工,湖南仁仁洁国际清洁科技集团股份有限公司荷塘分公司,湖南省·株洲市·荷塘区,学历不限,1,言语残疾1级;智力残疾1级;,是,见原平台,中国残联就业服务平台（动态接口）,https://www.cdpee.org.cn/,2026年09月17日
江苏省,徐州市,江苏徐州组件工+早八晚六+包吃+五险+坐班,陕西致广人力资源有限公司,江苏省·徐州市·邳州市,学历不限,20,"视力残疾1-4级;听力残疾1-4级;言语残疾1-4级;肢体残疾1-4级;智力残疾3,4级;多重残疾1-4级;",是,见原平台,中国残联就业服务平台（动态接口）,https://www.cdpee.org.cn/,2026年09月17日
广东省,江门市,生产工,江门市霞光照明电器有限公司,广东省·江门市·蓬江区,学历不限,1,听力残疾2-4级;言语残疾2-4级;肢体残疾4级;智力残疾4级;多重残疾4级;,是,见原平台,中国残联就业服务平台（动态接口）,https://www.cdpee.org.cn/,2026年09月17日
陕西省,咸阳市,服务员/收银/洗碗工,成都市板扎牛餐饮管理有限公司,陕西省·咸阳市·秦都区,学历不限,,视力残疾1-4级;听力残疾1-4级;言语残疾1-4级;肢体残疾1-4级;智力残疾1-4级;精神残疾1-4级;多重残疾1-4级;,是,见原平台,中国残联就业服务平台（动态接口）,https://www.cdpee.org.cn/,2026年09月08日
上海市,上海市,行政助理（上海闵行区）,北京易才人力资源顾问有限公司,上海市·上海市·闵行区,大专,1,视力残疾1-3级;听力残疾1-3级;言语残疾1-3级;肢体残疾1-3级;智力残疾1-3级;精神残疾1-3级;多重残疾1-3级;,是,见原平台,中国残联就业服务平台（动态接口）,https://www.cdpee.org.cn/,2026年08月17日
江苏省,南京市,HR招聘,北京易才人力资源顾问有限公司,江苏省·南京市·建邺区,大专,1,视力残疾1-3级;听力残疾1-3级;言语残疾1-3级;肢体残疾1-3级;智力残疾1-3级;精神残疾1-3级;多重残疾1-3级;,是,见原平台,中国残联就业服务平台（动态接口）,https://www.cdpee.org.cn/,2026年05月22日
四川省,成都市,成都急招（残疾人福利岗）五险一金，长白8小时，高薪技术岗,广州海仑企业服务有限公司,四川省·成都市·锦江区,学历不限,3,视力残疾1-4级;听力残疾1-4级;言语残疾1-4级;肢体残疾1-4级;智力残疾1-4级;精神残疾1-4级;多重残疾1-4级;,是,见原平台,中国残联就业服务平台（动态接口）,https://www.cdpee.org.cn/,2026年09月17日
天津市,天津市,天津档案处理员，双休，8小时，缴纳五险一金,广州海仑企业服务有限公司,天津市·天津市·河东区,学历不限,2,视力残疾1-4级;听力残疾1-4级;言语残疾1-4级;肢体残疾1-4级;智力残疾1-4级;精神残疾1-4级;多重残疾1-4级;,是,见原平台,中国残联就业服务平台（动态接口）,https://www.cdpee.org.cn/,2026年09月17日
云南省,昆明市,售后服务专员,中国人寿保险股份有限公司呈贡区支公司龙城镇营销服务部,云南省·昆明市·呈贡区,大专,,视力残疾1-4级;听力残疾1-4级;言语残疾1-4级;肢体残疾1-4级;智力残疾1-4级;精神残疾1-4级;多重残疾1-4级;,是,见原平台,中国残联就业服务平台（动态接口）,https://www.cdpee.org.cn/,2026年07月17日
云南省,昭通市,艾草加工，种植,云南鑫会盟艾绒制品生产有限公司,云南省·昭通市·巧家县,学历不限,100,视力残疾4级;听力残疾4级;言语残疾4级;肢体残疾4级;智力残疾4级;精神残疾4级;,是,见原平台,中国残联就业服务平台（动态接口）,https://www.cdpee.org.cn/,2026年09月17日
江苏省,宿迁市,食品加工处理,宿迁市宿城区陆小青猪肉批发经营部,江苏省·宿迁市·湖滨新区,小学,100,"视力残疾3,4级;听力残疾3,4级;肢体残疾3,4级;智力残疾4级;多重残疾3,4级;",是,见原平台,中国残联就业服务平台（动态接口）,https://www.cdpee.org.cn/,2026年09月17日
湖北省,荆州市,中医医师,荆州莲心诊所有限公司,湖北省·荆州市·荆州区,本科,,视力残疾1-4级;听力残疾1-4级;言语残疾1-4级;肢体残疾1-4级;智力残疾1-4级;精神残疾1-4级;多重残疾1-4级;,是,见原平台,中国残联就业服务平台（动态接口）,https://www.cdpee.org.cn/,2026年09月11日
湖南省,株洲市,垃圾清运工,湖南仁仁洁国际清洁科技集团股份有限公司荷塘分公司,湖南省·株洲市·荷塘区,学历不限,1,言语残疾1级;智力残疾1级;,是,见原平台,中国残联就业服务平台（动态接口）,https://www.cdpee.org.cn/,2026年09月17日
江苏省,徐州市,江苏徐州组件工+早八晚六+包吃+五险+坐班,陕西致广人力资源有限公司,江苏省·徐州市·邳州市,学历不限,20,"视力残疾1-4级;听力残疾1-4级;言语残疾1-4级;肢体残疾1-4级;智力残疾3,4级;多重残疾1-4级;",是,见原平台,中国残联就业服务平台（动态接口）,https://www.cdpee.org.cn/,2026年09月17日
广东省,江门市,生产工,江门市霞光照明电器有限公司,广东省·江门市·蓬江区,学历不限,1,听力残疾2-4级;言语残疾2-4级;肢体残疾4级;智力残疾4级;多重残疾4级;,是,见原平台,中国残联就业服务平台（动态接口）,https://www.cdpee.org.cn/,2026年09月17日
陕西省,咸阳市,服务员/收银/洗碗工,成都市板扎牛餐饮管理有限公司,陕西省·咸阳市·秦都区,学历不限,,视力残疾1-4级;听力残疾1-4级;言语残疾1-4级;肢体残疾1-4级;智力残疾1-4级;精神残疾1-4级;多重残疾1-4级;,是,见原平台,中国残联就业服务平台（动态接口）,https://www.cdpee.org.cn/,2026年09月08日
上海市,上海市,行政助理（上海闵行区）,北京易才人力资源顾问有限公司,上海市·上海市·闵行区,大专,1,视力残疾1-3级;听力残疾1-3级;言语残疾1-3级;肢体残疾1-3级;智力残疾1-3级;精神残疾1-3级;多重残疾1-3级;,是,见原平台,中国残联就业服务平台（动态接口）,https://www.cdpee.org.cn/,2026年08月17日
江苏省,南京市,HR招聘,北京易才人力资源顾问有限公司,江苏省·南京市·建邺区,大专,1,视力残疾1-3级;听力残疾1-3级;言语残疾1-3级;肢体残疾1-3级;智力残疾1-3级;精神残疾1-3级;多重残疾1-3级;,是,见原平台,中国残联就业服务平台（动态接口）,https://www.cdpee.org.cn/,2026年05月22日
四川省,成都市,成都急招（残疾人福利岗）五险一金，长白8小时，高薪技术岗,广州海仑企业服务有限公司,四川省·成都市·锦江区,学历不限,3,视力残疾1-4级;听力残疾1-4级;言语残疾1-4级;肢体残疾1-4级;智力残疾1-4级;精神残疾1-4级;多重残疾1-4级;,是,见原平台,中国残联就业服务平台（动态接口）,https://www.cdpee.org.cn/,2026年09月17日
天津市,天津市,天津档案处理员，双休，8小时，缴纳五险一金,广州海仑企业服务有限公司,天津市·天津市·河东区,学历不限,2,视力残疾1-4级;听力残疾1-4级;言语残疾1-4级;肢体残疾1-4级;智力残疾1-4级;精神残疾1-4级;多重残疾1-4级;,是,见原平台,中国残联就业服务平台（动态接口）,https://www.cdpee.org.cn/,2026年09月17日
云南省,昆明市,售后服务专员,中国人寿保险股份有限公司呈贡区支公司龙城镇营销服务部,云南省·昆明市·呈贡区,大专,,视力残疾1-4级;听力残疾1-4级;言语残疾1-4级;肢体残疾1-4级;智力残疾1-4级;精神残疾1-4级;多重残疾1-4级;,是,见原平台,中国残联就业服务平台（动态接口）,https://www.cdpee.org.cn/,2026年07月17日
云南省,昭通市,艾草加工，种植,云南鑫会盟艾绒制品生产有限公司,云南省·昭通市·巧家县,学历不限,100,视力残疾4级;听力残疾4级;言语残疾4级;肢体残疾4级;智力残疾4级;精神残疾4级;,是,见原平台,中国残联就业服务平台（动态接口）,https://www.cdpee.org.cn/,2026年09月17日
江苏省,宿迁市,食品加工处理,宿迁市宿城区陆小青猪肉批发经营部,江苏省·宿迁市·湖滨新区,小学,100,"视力残疾3,4级;听力残疾3,4级;肢体残疾3,4级;智力残疾4级;多重残疾3,4级;",是,见原平台,中国残联就业服务平台（动态接口）,https://www.cdpee.org.cn/,2026年09月17日
湖北省,荆州市,中医医师,荆州莲心诊所有限公司,湖北省·荆州市·荆州区,本科,,视力残疾1-4级;听力残疾1-4级;言语残疾1-4级;肢体残疾1-4级;智力残疾1-4级;精神残疾1-4级;多重残疾1-4级;,是,见原平台,中国残联就业服务平台（动态接口）,https://www.cdpee.org.cn/,2026年09月11日
湖南省,株洲市,垃圾清运工,湖南仁仁洁国际清洁科技集团股份有限公司荷塘分公司,湖南省·株洲市·荷塘区,学历不限,1,言语残疾1级;智力残疾1级;,是,见原平台,中国残联就业服务平台（动态接口）,https://www.cdpee.org.cn/,2026年09月17日
江苏省,徐州市,江苏徐州组件工+早八晚六+包吃+五险+坐班,陕西致广人力资源有限公司,江苏省·徐州市·邳州市,学历不限,20,"视力残疾1-4级;听力残疾1-4级;言语残疾1-4级;肢体残疾1-4级;智力残疾3,4级;多重残疾1-4级;",是,见原平台,中国残联就业服务平台（动态接口）,https://www.cdpee.org.cn/,2026年09月17日
广东省,江门市,生产工,江门市霞光照明电器有限公司,广东省·江门市·蓬江区,学历不限,1,听力残疾2-4级;言语残疾2-4级;肢体残疾4级;智力残疾4级;多重残疾4级;,是,见原平台,中国残联就业服务平台（动态接口）,https://www.cdpee.org.cn/,2026年09月17日
陕西省,咸阳市,服务员/收银/洗碗工,成都市板扎牛餐饮管理有限公司,陕西省·咸阳市·秦都区,学历不限,,视力残疾1-4级;听力残疾1-4级;言语残疾1-4级;肢体残疾1-4级;智力残疾1-4级;精神残疾1-4级;多重残疾1-4级;,是,见原平台,中国残联就业服务平台（动态接口）,https://www.cdpee.org.cn/,2026年09月08日
上海市,上海市,行政助理（上海闵行区）,北京易才人力资源顾问有限公司,上海市·上海市·闵行区,大专,1,视力残疾1-3级;听力残疾1-3级;言语残疾1-3级;肢体残疾1-3级;智力残疾1-3级;精神残疾1-3级;多重残疾1-3级;,是,见原平台,中国残联就业服务平台（动态接口）,https://www.cdpee.org.cn/,2026年08月17日
江苏省,南京市,HR招聘,北京易才人力资源顾问有限公司,江苏省·南京市·建邺区,大专,1,视力残疾1-3级;听力残疾1-3级;言语残疾1-3级;肢体残疾1-3级;智力残疾1-3级;精神残疾1-3级;多重残疾1-3级;,是,见原平台,中国残联就业服务平台（动态接口）,https://www.cdpee.org.cn/,2026年05月22日
四川省,成都市,成都急招（残疾人福利岗）五险一金，长白8小时，高薪技术岗,广州海仑企业服务有限公司,四川省·成都市·锦江区,学历不限,3,视力残疾1-4级;听力残疾1-4级;言语残疾1-4级;肢体残疾1-4级;智力残疾1-4级;精神残疾1-4级;多重残疾1-4级;,是,见原平台,中国残联就业服务平台（动态接口）,https://www.cdpee.org.cn/,2026年09月17日
天津市,天津市,天津档案处理员，双休，8小时，缴纳五险一金,广州海仑企业服务有限公司,天津市·天津市·河东区,学历不限,2,视力残疾1-4级;听力残疾1-4级;言语残疾1-4级;肢体残疾1-4级;智力残疾1-4级;精神残疾1-4级;多重残疾1-4级;,是,见原平台,中国残联就业服务平台（动态接口）,https://www.cdpee.org.cn/,2026年09月17日
云南省,昆明市,售后服务专员,中国人寿保险股份有限公司呈贡区支公司龙城镇营销服务部,云南省·昆明市·呈贡区,大专,,视力残疾1-4级;听力残疾1-4级;言语残疾1-4级;肢体残疾1-4级;智力残疾1-4级;精神残疾1-4级;多重残疾1-4级;,是,见原平台,中国残联就业服务平台（动态接口）,https://www.cdpee.org.cn/,2026年07月17日
云南省,昭通市,艾草加工，种植,云南鑫会盟艾绒制品生产有限公司,云南省·昭通市·巧家县,学历不限,100,视力残疾4级;听力残疾4级;言语残疾4级;肢体残疾4级;智力残疾4级;精神残疾4级;,是,见原平台,中国残联就业服务平台（动态接口）,https://www.cdpee.org.cn/,2026年09月17日
江苏省,宿迁市,食品加工处理,宿迁市宿城区陆小青猪肉批发经营部,江苏省·宿迁市·湖滨新区,小学,100,"视力残疾3,4级;听力残疾3,4级;肢体残疾3,4级;智力残疾4级;多重残疾3,4级;",是,见原平台,中国残联就业服务平台（动态接口）,https://www.cdpee.org.cn/,2026年09月17日
湖北省,荆州市,中医医师,荆州莲心诊所有限公司,湖北省·荆州市·荆州区,本科,,视力残疾1-4级;听力残疾1-4级;言语残疾1-4级;肢体残疾1-4级;智力残疾1-4级;精神残疾1-4级;多重残疾1-4级;,是,见原平台,中国残联就业服务平台（动态接口）,https://www.cdpee.org.cn/,2026年09月11日
湖南省,株洲市,垃圾清运工,湖南仁仁洁国际清洁科技集团股份有限公司荷塘分公司,湖南省·株洲市·荷塘区,学历不限,1,言语残疾1级;智力残疾1级;,是,见原平台,中国残联就业服务平台（动态接口）,https://www.cdpee.org.cn/,2026年09月17日
江苏省,徐州市,江苏徐州组件工+早八晚六+包吃+五险+坐班,陕西致广人力资源有限公司,江苏省·徐州市·邳州市,学历不限,20,"视力残疾1-4级;听力残疾1-4级;言语残疾1-4级;肢体残疾1-4级;智力残疾3,4级;多重残疾1-4级;",是,见原平台,中国残联就业服务平台（动态接口）,https://www.cdpee.org.cn/,2026年09月17日
广东省,江门市,生产工,江门市霞光照明电器有限公司,广东省·江门市·蓬江区,学历不限,1,听力残疾2-4级;言语残疾2-4级;肢体残疾4级;智力残疾4级;多重残疾4级;,是,见原平台,中国残联就业服务平台（动态接口）,https://www.cdpee.org.cn/,2026年09月17日
陕西省,咸阳市,服务员/收银/洗碗工,成都市板扎牛餐饮管理有限公司,陕西省·咸阳市·秦都区,学历不限,,视力残疾1-4级;听力残疾1-4级;言语残疾1-4级;肢体残疾1-4级;智力残疾1-4级;精神残疾1-4级;多重残疾1-4级;,是,见原平台,中国残联就业服务平台（动态接口）,https://www.cdpee.org.cn/,2026年09月08日
上海市,上海市,行政助理（上海闵行区）,北京易才人力资源顾问有限公司,上海市·上海市·闵行区,大专,1,视力残疾1-3级;听力残疾1-3级;言语残疾1-3级;肢体残疾1-3级;智力残疾1-3级;精神残疾1-3级;多重残疾1-3级;,是,见原平台,中国残联就业服务平台（动态接口）,https://www.cdpee.org.cn/,2026年08月17日
江苏省,南京市,HR招聘,北京易才人力资源顾问有限公司,江苏省·南京市·建邺区,大专,1,视力残疾1-3级;听力残疾1-3级;言语残疾1-3级;肢体残疾1-3级;智力残疾1-3级;精神残疾1-3级;多重残疾1-3级;,是,见原平台,中国残联就业服务平台（动态接口）,https://www.cdpee.org.cn/,2026年05月22日
四川省,成都市,成都急招（残疾人福利岗）五险一金，长白8小时，高薪技术岗,广州海仑企业服务有限公司,四川省·成都市·锦江区,学历不限,3,视力残疾1-4级;听力残疾1-4级;言语残疾1-4级;肢体残疾1-4级;智力残疾1-4级;精神残疾1-4级;多重残疾1-4级;,是,见原平台,中国残联就业服务平台（动态接口）,https://www.cdpee.org.cn/,2026年09月17日
天津市,天津市,天津档案处理员，双休，8小时，缴纳五险一金,广州海仑企业服务有限公司,天津市·天津市·河东区,学历不限,2,视力残疾1-4级;听力残疾1-4级;言语残疾1-4级;肢体残疾1-4级;智力残疾1-4级;精神残疾1-4级;多重残疾1-4级;,是,见原平台,中国残联就业服务平台（动态接口）,https://www.cdpee.org.cn/,2026年09月17日
云南省,昆明市,售后服务专员,中国人寿保险股份有限公司呈贡区支公司龙城镇营销服务部,云南省·昆明市·呈贡区,大专,,视力残疾1-4级;听力残疾1-4级;言语残疾1-4级;肢体残疾1-4级;智力残疾1-4级;精神残疾1-4级;多重残疾1-4级;,是,见原平台,中国残联就业服务平台（动态接口）,https://www.cdpee.org.cn/,2026年07月17日
云南省,昭通市,艾草加工，种植,云南鑫会盟艾绒制品生产有限公司,云南省·昭通市·巧家县,学历不限,100,视力残疾4级;听力残疾4级;言语残疾4级;肢体残疾4级;智力残疾4级;精神残疾4级;,是,见原平台,中国残联就业服务平台（动态接口）,https://www.cdpee.org.cn/,2026年09月17日
江苏省,宿迁市,食品加工处理,宿迁市宿城区陆小青猪肉批发经营部,江苏省·宿迁市·湖滨新区,小学,100,"视力残疾3,4级;听力残疾3,4级;肢体残疾3,4级;智力残疾4级;多重残疾3,4级;",是,见原平台,中国残联就业服务平台（动态接口）,https://www.cdpee.org.cn/,2026年09月17日
湖北省,荆州市,中医医师,荆州莲心诊所有限公司,湖北省·荆州市·荆州区,本科,,视力残疾1-4级;听力残疾1-4级;言语残疾1-4级;肢体残疾1-4级;智力残疾1-4级;精神残疾1-4级;多重残疾1-4级;,是,见原平台,中国残联就业服务平台（动态接口）,https://www.cdpee.org.cn/,2026年09月11日
湖南省,株洲市,垃圾清运工,湖南仁仁洁国际清洁科技集团股份有限公司荷塘分公司,湖南省·株洲市·荷塘区,学历不限,1,言语残疾1级;智力残疾1级;,是,见原平台,中国残联就业服务平台（动态接口）,https://www.cdpee.org.cn/,2026年09月17日
江苏省,徐州市,江苏徐州组件工+早八晚六+包吃+五险+坐班,陕西致广人力资源有限公司,江苏省·徐州市·邳州市,学历不限,20,"视力残疾1-4级;听力残疾1-4级;言语残疾1-4级;肢体残疾1-4级;智力残疾3,4级;多重残疾1-4级;",是,见原平台,中国残联就业服务平台（动态接口）,https://www.cdpee.org.cn/,2026年09月17日
广东省,江门市,生产工,江门市霞光照明电器有限公司,广东省·江门市·蓬江区,学历不限,1,听力残疾2-4级;言语残疾2-4级;肢体残疾4级;智力残疾4级;多重残疾4级;,是,见原平台,中国残联就业服务平台（动态接口）,https://www.cdpee.org.cn/,2026年09月17日
陕西省,咸阳市,服务员/收银/洗碗工,成都市板扎牛餐饮管理有限公司,陕西省·咸阳市·秦都区,学历不限,,视力残疾1-4级;听力残疾1-4级;言语残疾1-4级;肢体残疾1-4级;智力残疾1-4级;精神残疾1-4级;多重残疾1-4级;,是,见原平台,中国残联就业服务平台（动态接口）,https://www.cdpee.org.cn/,2026年09月08日
上海市,上海市,行政助理（上海闵行区）,北京易才人力资源顾问有限公司,上海市·上海市·闵行区,大专,1,视力残疾1-3级;听力残疾1-3级;言语残疾1-3级;肢体残疾1-3级;智力残疾1-3级;精神残疾1-3级;多重残疾1-3级;,是,见原平台,中国残联就业服务平台（动态接口）,https://www.cdpee.org.cn/,2026年08月17日
江苏省,南京市,HR招聘,北京易才人力资源顾问有限公司,江苏省·南京市·建邺区,大专,1,视力残疾1-3级;听力残疾1-3级;言语残疾1-3级;肢体残疾1-3级;智力残疾1-3级;精神残疾1-3级;多重残疾1-3级;,是,见原平台,中国残联就业服务平台（动态接口）,https://www.cdpee.org.cn/,2026年05月22日
四川省,成都市,成都急招（残疾人福利岗）五险一金，长白8小时，高薪技术岗,广州海仑企业服务有限公司,四川省·成都市·锦江区,学历不限,3,视力残疾1-4级;听力残疾1-4级;言语残疾1-4级;肢体残疾1-4级;智力残疾1-4级;精神残疾1-4级;多重残疾1-4级;,是,见原平台,中国残联就业服务平台（动态接口）,https://www.cdpee.org.cn/,2026年09月17日
天津市,天津市,天津档案处理员，双休，8小时，缴纳五险一金,广州海仑企业服务有限公司,天津市·天津市·河东区,学历不限,2,视力残疾1-4级;听力残疾1-4级;言语残疾1-4级;肢体残疾1-4级;智力残疾1-4级;精神残疾1-4级;多重残疾1-4级;,是,见原平台,中国残联就业服务平台（动态接口）,https://www.cdpee.org.cn/,2026年09月17日
云南省,昆明市,售后服务专员,中国人寿保险股份有限公司呈贡区支公司龙城镇营销服务部,云南省·昆明市·呈贡区,大专,,视力残疾1-4级;听力残疾1-4级;言语残疾1-4级;肢体残疾1-4级;智力残疾1-4级;精神残疾1-4级;多重残疾1-4级;,是,见原平台,中国残联就业服务平台（动态接口）,https://www.cdpee.org.cn/,2026年07月17日
云南省,昭通市,艾草加工，种植,云南鑫会盟艾绒制品生产有限公司,云南省·昭通市·巧家县,学历不限,100,视力残疾4级;听力残疾4级;言语残疾4级;肢体残疾4级;智力残疾4级;精神残疾4级;,是,见原平台,中国残联就业服务平台（动态接口）,https://www.cdpee.org.cn/,2026年09月17日
江苏省,宿迁市,食品加工处理,宿迁市宿城区陆小青猪肉批发经营部,江苏省·宿迁市·湖滨新区,小学,100,"视力残疾3,4级;听力残疾3,4级;肢体残疾3,4级;智力残疾4级;多重残疾3,4级;",是,见原平台,中国残联就业服务平台（动态接口）,https://www.cdpee.org.cn/,2026年09月17日
湖北省,荆州市,中医医师,荆州莲心诊所有限公司,湖北省·荆州市·荆州区,本科,,视力残疾1-4级;听力残疾1-4级;言语残疾1-4级;肢体残疾1-4级;智力残疾1-4级;精神残疾1-4级;多重残疾1-4级;,是,见原平台,中国残联就业服务平台（动态接口）,https://www.cdpee.org.cn/,2026年09月11日
湖南省,株洲市,垃圾清运工,湖南仁仁洁国际清洁科技集团股份有限公司荷塘分公司,湖南省·株洲市·荷塘区,学历不限,1,言语残疾1级;智力残疾1级;,是,见原平台,中国残联就业服务平台（动态接口）,https://www.cdpee.org.cn/,2026年09月17日
江苏省,徐州市,江苏徐州组件工+早八晚六+包吃+五险+坐班,陕西致广人力资源有限公司,江苏省·徐州市·邳州市,学历不限,20,"视力残疾1-4级;听力残疾1-4级;言语残疾1-4级;肢体残疾1-4级;智力残疾3,4级;多重残疾1-4级;",是,见原平台,中国残联就业服务平台（动态接口）,https://www.cdpee.org.cn/,2026年09月17日
广东省,江门市,生产工,江门市霞光照明电器有限公司,广东省·江门市·蓬江区,学历不限,1,听力残疾2-4级;言语残疾2-4级;肢体残疾4级;智力残疾4级;多重残疾4级;,是,见原平台,中国残联就业服务平台（动态接口）,https://www.cdpee.org.cn/,2026年09月17日
陕西省,咸阳市,服务员/收银/洗碗工,成都市板扎牛餐饮管理有限公司,陕西省·咸阳市·秦都区,学历不限,,视力残疾1-4级;听力残疾1-4级;言语残疾1-4级;肢体残疾1-4级;智力残疾1-4级;精神残疾1-4级;多重残疾1-4级;,是,见原平台,中国残联就业服务平台（动态接口）,https://www.cdpee.org.cn/,2026年09月08日
上海市,上海市,行政助理（上海闵行区）,北京易才人力资源顾问有限公司,上海市·上海市·闵行区,大专,1,视力残疾1-3级;听力残疾1-3级;言语残疾1-3级;肢体残疾1-3级;智力残疾1-3级;精神残疾1-3级;多重残疾1-3级;,是,见原平台,中国残联就业服务平台（动态接口）,https://www.cdpee.org.cn/,2026年08月17日
江苏省,南京市,HR招聘,北京易才人力资源顾问有限公司,江苏省·南京市·建邺区,大专,1,视力残疾1-3级;听力残疾1-3级;言语残疾1-3级;肢体残疾1-3级;智力残疾1-3级;精神残疾1-3级;多重残疾1-3级;,是,见原平台,中国残联就业服务平台（动态接口）,https://www.cdpee.org.cn/,2026年05月22日
四川省,成都市,成都急招（残疾人福利岗）五险一金，长白8小时，高薪技术岗,广州海仑企业服务有限公司,四川省·成都市·锦江区,学历不限,3,视力残疾1-4级;听力残疾1-4级;言语残疾1-4级;肢体残疾1-4级;智力残疾1-4级;精神残疾1-4级;多重残疾1-4级;,是,见原平台,中国残联就业服务平台（动态接口）,https://www.cdpee.org.cn/,2026年09月17日
天津市,天津市,天津档案处理员，双休，8小时，缴纳五险一金,广州海仑企业服务有限公司,天津市·天津市·河东区,学历不限,2,视力残疾1-4级;听力残疾1-4级;言语残疾1-4级;肢体残疾1-4级;智力残疾1-4级;精神残疾1-4级;多重残疾1-4级;,是,见原平台,中国残联就业服务平台（动态接口）,https://www.cdpee.org.cn/,2026年09月17日
云南省,昆明市,售后服务专员,中国人寿保险股份有限公司呈贡区支公司龙城镇营销服务部,云南省·昆明市·呈贡区,大专,,视力残疾1-4级;听力残疾1-4级;言语残疾1-4级;肢体残疾1-4级;智力残疾1-4级;精神残疾1-4级;多重残疾1-4级;,是,见原平台,中国残联就业服务平台（动态接口）,https://www.cdpee.org.cn/,2026年07月17日
云南省,昭通市,艾草加工，种植,云南鑫会盟艾绒制品生产有限公司,云南省·昭通市·巧家县,学历不限,100,视力残疾4级;听力残疾4级;言语残疾4级;肢体残疾4级;智力残疾4级;精神残疾4级;,是,见原平台,中国残联就业服务平台（动态接口）,https://www.cdpee.org.cn/,2026年09月17日
江苏省,宿迁市,食品加工处理,宿迁市宿城区陆小青猪肉批发经营部,江苏省·宿迁市·湖滨新区,小学,100,"视力残疾3,4级;听力残疾3,4级;肢体残疾3,4级;智力残疾4级;多重残疾3,4级;",是,见原平台,中国残联就业服务平台（动态接口）,https://www.cdpee.org.cn/,2026年09月17日
湖北省,荆州市,中医医师,荆州莲心诊所有限公司,湖北省·荆州市·荆州区,本科,,视力残疾1-4级;听力残疾1-4级;言语残疾1-4级;肢体残疾1-4级;智力残疾1-4级;精神残疾1-4级;多重残疾1-4级;,是,见原平台,中国残联就业服务平台（动态接口）,https://www.cdpee.org.cn/,2026年09月11日
湖南省,株洲市,垃圾清运工,湖南仁仁洁国际清洁科技集团股份有限公司荷塘分公司,湖南省·株洲市·荷塘区,学历不限,1,言语残疾1级;智力残疾1级;,是,见原平台,中国残联就业服务平台（动态接口）,https://www.cdpee.org.cn/,2026年09月17日
江苏省,徐州市,江苏徐州组件工+早八晚六+包吃+五险+坐班,陕西致广人力资源有限公司,江苏省·徐州市·邳州市,学历不限,20,"视力残疾1-4级;听力残疾1-4级;言语残疾1-4级;肢体残疾1-4级;智力残疾3,4级;多重残疾1-4级;",是,见原平台,中国残联就业服务平台（动态接口）,https://www.cdpee.org.cn/,2026年09月17日
广东省,江门市,生产工,江门市霞光照明电器有限公司,广东省·江门市·蓬江区,学历不限,1,听力残疾2-4级;言语残疾2-4级;肢体残疾4级;智力残疾4级;多重残疾4级;,是,见原平台,中国残联就业服务平台（动态接口）,https://www.cdpee.org.cn/,2026年09月17日
陕西省,咸阳市,服务员/收银/洗碗工,成都市板扎牛餐饮管理有限公司,陕西省·咸阳市·秦都区,学历不限,,视力残疾1-4级;听力残疾1-4级;言语残疾1-4级;肢体残疾1-4级;智力残疾1-4级;精神残疾1-4级;多重残疾1-4级;,是,见原平台,中国残联就业服务平台（动态接口）,https://www.cdpee.org.cn/,2026年09月08日
上海市,上海市,行政助理（上海闵行区）,北京易才人力资源顾问有限公司,上海市·上海市·闵行区,大专,1,视力残疾1-3级;听力残疾1-3级;言语残疾1-3级;肢体残疾1-3级;智力残疾1-3级;精神残疾1-3级;多重残疾1-3级;,是,见原平台,中国残联就业服务平台（动态接口）,https://www.cdpee.org.cn/,2026年08月17日
江苏省,南京市,HR招聘,北京易才人力资源顾问有限公司,江苏省·南京市·建邺区,大专,1,视力残疾1-3级;听力残疾1-3级;言语残疾1-3级;肢体残疾1-3级;智力残疾1-3级;精神残疾1-3级;多重残疾1-3级;,是,见原平台,中国残联就业服务平台（动态接口）,https://www.cdpee.org.cn/,2026年05月22日
四川省,成都市,成都急招（残疾人福利岗）五险一金，长白8小时，高薪技术岗,广州海仑企业服务有限公司,四川省·成都市·锦江区,学历不限,3,视力残疾1-4级;听力残疾1-4级;言语残疾1-4级;肢体残疾1-4级;智力残疾1-4级;精神残疾1-4级;多重残疾1-4级;,是,见原平台,中国残联就业服务平台（动态接口）,https://www.cdpee.org.cn/,2026年09月17日
天津市,天津市,天津档案处理员，双休，8小时，缴纳五险一金,广州海仑企业服务有限公司,天津市·天津市·河东区,学历不限,2,视力残疾1-4级;听力残疾1-4级;言语残疾1-4级;肢体残疾1-4级;智力残疾1-4级;精神残疾1-4级;多重残疾1-4级;,是,见原平台,中国残联就业服务平台（动态接口）,https://www.cdpee.org.cn/,2026年09月17日
云南省,昆明市,售后服务专员,中国人寿保险股份有限公司呈贡区支公司龙城镇营销服务部,云南省·昆明市·呈贡区,大专,,视力残疾1-4级;听力残疾1-4级;言语残疾1-4级;肢体残疾1-4级;智力残疾1-4级;精神残疾1-4级;多重残疾1-4级;,是,见原平台,中国残联就业服务平台（动态接口）,https://www.cdpee.org.cn/,2026年07月17日
云南省,昭通市,艾草加工，种植,云南鑫会盟艾绒制品生产有限公司,云南省·昭通市·巧家县,学历不限,100,视力残疾4级;听力残疾4级;言语残疾4级;肢体残疾4级;智力残疾4级;精神残疾4级;,是,见原平台,中国残联就业服务平台（动态接口）,https://www.cdpee.org.cn/,2026年09月17日
江苏省,宿迁市,食品加工处理,宿迁市宿城区陆小青猪肉批发经营部,江苏省·宿迁市·湖滨新区,小学,100,"视力残疾3,4级;听力残疾3,4级;肢体残疾3,4级;智力残疾4级;多重残疾3,4级;",是,见原平台,中国残联就业服务平台（动态接口）,https://www.cdpee.org.cn/,2026年09月17日
湖南省,株洲市,垃圾清运工,湖南仁仁洁国际清洁科技集团股份有限公司荷塘分公司,湖南省·株洲市·荷塘区,学历不限,1,言语残疾1级;智力残疾1级;,是,见原平台,中国残联就业服务平台（动态接口）,https://www.cdpee.org.cn/,2026年09月17日
江苏省,徐州市,江苏徐州组件工+早八晚六+包吃+五险+坐班,陕西致广人力资源有限公司,江苏省·徐州市·邳州市,学历不限,20,"视力残疾1-4级;听力残疾1-4级;言语残疾1-4级;肢体残疾1-4级;智力残疾3,4级;多重残疾1-4级;",是,见原平台,中国残联就业服务平台（动态接口）,https://www.cdpee.org.cn/,2026年09月17日
广东省,江门市,生产工,江门市霞光照明电器有限公司,广东省·江门市·蓬江区,学历不限,1,听力残疾2-4级;言语残疾2-4级;肢体残疾4级;智力残疾4级;多重残疾4级;,是,见原平台,中国残联就业服务平台（动态接口）,https://www.cdpee.org.cn/,2026年09月17日
上海市,上海市,行政助理（上海闵行区）,北京易才人力资源顾问有限公司,上海市·上海市·闵行区,大专,1,视力残疾1-3级;听力残疾1-3级;言语残疾1-3级;肢体残疾1-3级;智力残疾1-3级;精神残疾1-3级;多重残疾1-3级;,是,见原平台,中国残联就业服务平台（动态接口）,https://www.cdpee.org.cn/,2026年08月17日
江苏省,南京市,HR招聘,北京易才人力资源顾问有限公司,江苏省·南京市·建邺区,大专,1,视力残疾1-3级;听力残疾1-3级;言语残疾1-3级;肢体残疾1-3级;智力残疾1-3级;精神残疾1-3级;多重残疾1-3级;,是,见原平台,中国残联就业服务平台（动态接口）,https://www.cdpee.org.cn/,2026年05月22日
四川省,成都市,成都急招（残疾人福利岗）五险一金，长白8小时，高薪技术岗,广州海仑企业服务有限公司,四川省·成都市·锦江区,学历不限,3,视力残疾1-4级;听力残疾1-4级;言语残疾1-4级;肢体残疾1-4级;智力残疾1-4级;精神残疾1-4级;多重残疾1-4级;,是,见原平台,中国残联就业服务平台（动态接口）,https://www.cdpee.org.cn/,2026年09月17日
天津市,天津市,天津档案处理员，双休，8小时，缴纳五险一金,广州海仑企业服务有限公司,天津市·天津市·河东区,学历不限,2,视力残疾1-4级;听力残疾1-4级;言语残疾1-4级;肢体残疾1-4级;智力残疾1-4级;精神残疾1-4级;多重残疾1-4级;,是,见原平台,中国残联就业服务平台（动态接口）,https://www.cdpee.org.cn/,2026年09月17日
云南省,昭通市,艾草加工，种植,云南鑫会盟艾绒制品生产有限公司,云南省·昭通市·巧家县,学历不限,100,视力残疾4级;听力残疾4级;言语残疾4级;肢体残疾4级;智力残疾4级;精神残疾4级;,是,见原平台,中国残联就业服务平台（动态接口）,https://www.cdpee.org.cn/,2026年09月17日
江苏省,宿迁市,食品加工处理,宿迁市宿城区陆小青猪肉批发经营部,江苏省·宿迁市·湖滨新区,小学,100,"视力残疾3,4级;听力残疾3,4级;肢体残疾3,4级;智力残疾4级;多重残疾3,4级;",是,见原平台,中国残联就业服务平台（动态接口）,https://www.cdpee.org.cn/,2026年09月17日
湖南省,株洲市,垃圾清运工,湖南仁仁洁国际清洁科技集团股份有限公司荷塘分公司,湖南省·株洲市·荷塘区,学历不限,1,言语残疾1级;智力残疾1级;,是,见原平台,中国残联就业服务平台（动态接口）,https://www.cdpee.org.cn/,2026年09月17日
江苏省,徐州市,江苏徐州组件工+早八晚六+包吃+五险+坐班,陕西致广人力资源有限公司,江苏省·徐州市·邳州市,学历不限,20,"视力残疾1-4级;听力残疾1-4级;言语残疾1-4级;肢体残疾1-4级;智力残疾3,4级;多重残疾1-4级;",是,见原平台,中国残联就业服务平台（动态接口）,https://www.cdpee.org.cn/,2026年09月17日
广东省,江门市,生产工,江门市霞光照明电器有限公司,广东省·江门市·蓬江区,学历不限,1,听力残疾2-4级;言语残疾2-4级;肢体残疾4级;智力残疾4级;多重残疾4级;,是,见原平台,中国残联就业服务平台（动态接口）,https://www.cdpee.org.cn/,2026年09月17日
上海市,上海市,行政助理（上海闵行区）,北京易才人力资源顾问有限公司,上海市·上海市·闵行区,大专,1,视力残疾1-3级;听力残疾1-3级;言语残疾1-3级;肢体残疾1-3级;智力残疾1-3级;精神残疾1-3级;多重残疾1-3级;,是,见原平台,中国残联就业服务平台（动态接口）,https://www.cdpee.org.cn/,2026年08月17日
江苏省,南京市,HR招聘,北京易才人力资源顾问有限公司,江苏省·南京市·建邺区,大专,1,视力残疾1-3级;听力残疾1-3级;言语残疾1-3级;肢体残疾1-3级;智力残疾1-3级;精神残疾1-3级;多重残疾1-3级;,是,见原平台,中国残联就业服务平台（动态接口）,https://www.cdpee.org.cn/,2026年05月22日
四川省,成都市,成都急招（残疾人福利岗）五险一金，长白8小时，高薪技术岗,广州海仑企业服务有限公司,四川省·成都市·锦江区,学历不限,3,视力残疾1-4级;听力残疾1-4级;言语残疾1-4级;肢体残疾1-4级;智力残疾1-4级;精神残疾1-4级;多重残疾1-4级;,是,见原平台,中国残联就业服务平台（动态接口）,https://www.cdpee.org.cn/,2026年09月17日
天津市,天津市,天津档案处理员，双休，8小时，缴纳五险一金,广州海仑企业服务有限公司,天津市·天津市·河东区,学历不限,2,视力残疾1-4级;听力残疾1-4级;言语残疾1-4级;肢体残疾1-4级;智力残疾1-4级;精神残疾1-4级;多重残疾1-4级;,是,见原平台,中国残联就业服务平台（动态接口）,https://www.cdpee.org.cn/,2026年09月17日
云南省,昭通市,艾草加工，种植,云南鑫会盟艾绒制品生产有限公司,云南省·昭通市·巧家县,学历不限,100,视力残疾4级;听力残疾4级;言语残疾4级;肢体残疾4级;智力残疾4级;精神残疾4级;,是,见原平台,中国残联就业服务平台（动态接口）,https://www.cdpee.org.cn/,2026年09月17日
江苏省,宿迁市,食品加工处理,宿迁市宿城区陆小青猪肉批发经营部,江苏省·宿迁市·湖滨新区,小学,100,"视力残疾3,4级;听力残疾3,4级;肢体残疾3,4级;智力残疾4级;多重残疾3,4级;",是,见原平台,中国残联就业服务平台（动态接口）,https://www.cdpee.org.cn/,2026年09月17日
湖南省,株洲市,垃圾清运工,湖南仁仁洁国际清洁科技集团股份有限公司荷塘分公司,湖南省·株洲市·荷塘区,学历不限,1,言语残疾1级;智力残疾1级;,是,见原平台,中国残联就业服务平台（动态接口）,https://www.cdpee.org.cn/,2026年09月17日
江苏省,徐州市,江苏徐州组件工+早八晚六+包吃+五险+坐班,陕西致广人力资源有限公司,江苏省·徐州市·邳州市,学历不限,20,"视力残疾1-4级;听力残疾1-4级;言语残疾1-4级;肢体残疾1-4级;智力残疾3,4级;多重残疾1-4级;",是,见原平台,中国残联就业服务平台（动态接口）,https://www.cdpee.org.cn/,2026年09月17日
广东省,江门市,生产工,江门市霞光照明电器有限公司,广东省·江门市·蓬江区,学历不限,1,听力残疾2-4级;言语残疾2-4级;肢体残疾4级;智力残疾4级;多重残疾4级;,是,见原平台,中国残联就业服务平台（动态接口）,https://www.cdpee.org.cn/,2026年09月17日
上海市,上海市,行政助理（上海闵行区）,北京易才人力资源顾问有限公司,上海市·上海市·闵行区,大专,1,视力残疾1-3级;听力残疾1-3级;言语残疾1-3级;肢体残疾1-3级;智力残疾1-3级;精神残疾1-3级;多重残疾1-3级;,是,见原平台,中国残联就业服务平台（动态接口）,https://www.cdpee.org.cn/,2026年08月17日
江苏省,南京市,HR招聘,北京易才人力资源顾问有限公司,江苏省·南京市·建邺区,大专,1,视力残疾1-3级;听力残疾1-3级;言语残疾1-3级;肢体残疾1-3级;智力残疾1-3级;精神残疾1-3级;多重残疾1-3级;,是,见原平台,中国残联就业服务平台（动态接口）,https://www.cdpee.org.cn/,2026年05月22日
四川省,成都市,成都急招（残疾人福利岗）五险一金，长白8小时，高薪技术岗,广州海仑企业服务有限公司,四川省·成都市·锦江区,学历不限,3,视力残疾1-4级;听力残疾1-4级;言语残疾1-4级;肢体残疾1-4级;智力残疾1-4级;精神残疾1-4级;多重残疾1-4级;,是,见原平台,中国残联就业服务平台（动态接口）,https://www.cdpee.org.cn/,2026年09月17日
天津市,天津市,天津档案处理员，双休，8小时，缴纳五险一金,广州海仑企业服务有限公司,天津市·天津市·河东区,学历不限,2,视力残疾1-4级;听力残疾1-4级;言语残疾1-4级;肢体残疾1-4级;智力残疾1-4级;精神残疾1-4级;多重残疾1-4级;,是,见原平台,中国残联就业服务平台（动态接口）,https://www.cdpee.org.cn/,2026年09月17日
云南省,昭通市,艾草加工，种植,云南鑫会盟艾绒制品生产有限公司,云南省·昭通市·巧家县,学历不限,100,视力残疾4级;听力残疾4级;言语残疾4级;肢体残疾4级;智力残疾4级;精神残疾4级;,是,见原平台,中国残联就业服务平台（动态接口）,https://www.cdpee.org.cn/,2026年09月17日
江苏省,宿迁市,食品加工处理,宿迁市宿城区陆小青猪肉批发经营部,江苏省·宿迁市·湖滨新区,小学,100,"视力残疾3,4级;听力残疾3,4级;肢体残疾3,4级;智力残疾4级;多重残疾3,4级;",是,见原平台,中国残联就业服务平台（动态接口）,https://www.cdpee.org.cn/,2026年09月17日
湖南省,株洲市,垃圾清运工,湖南仁仁洁国际清洁科技集团股份有限公司荷塘分公司,湖南省·株洲市·荷塘区,学历不限,1,言语残疾1级;智力残疾1级;,是,见原平台,中国残联就业服务平台（动态接口）,https://www.cdpee.org.cn/,2026年09月17日
江苏省,徐州市,江苏徐州组件工+早八晚六+包吃+五险+坐班,陕西致广人力资源有限公司,江苏省·徐州市·邳州市,学历不限,20,"视力残疾1-4级;听力残疾1-4级;言语残疾1-4级;肢体残疾1-4级;智力残疾3,4级;多重残疾1-4级;",是,见原平台,中国残联就业服务平台（动态接口）,https://www.cdpee.org.cn/,2026年09月17日
广东省,江门市,生产工,江门市霞光照明电器有限公司,广东省·江门市·蓬江区,学历不限,1,听力残疾2-4级;言语残疾2-4级;肢体残疾4级;智力残疾4级;多重残疾4级;,是,见原平台,中国残联就业服务平台（动态接口）,https://www.cdpee.org.cn/,2026年09月17日
上海市,上海市,行政助理（上海闵行区）,北京易才人力资源顾问有限公司,上海市·上海市·闵行区,大专,1,视力残疾1-3级;听力残疾1-3级;言语残疾1-3级;肢体残疾1-3级;智力残疾1-3级;精神残疾1-3级;多重残疾1-3级;,是,见原平台,中国残联就业服务平台（动态接口）,https://www.cdpee.org.cn/,2026年08月17日
江苏省,南京市,HR招聘,北京易才人力资源顾问有限公司,江苏省·南京市·建邺区,大专,1,视力残疾1-3级;听力残疾1-3级;言语残疾1-3级;肢体残疾1-3级;智力残疾1-3级;精神残疾1-3级;多重残疾1-3级;,是,见原平台,中国残联就业服务平台（动态接口）,https://www.cdpee.org.cn/,2026年05月22日
四川省,成都市,成都急招（残疾人福利岗）五险一金，长白8小时，高薪技术岗,广州海仑企业服务有限公司,四川省·成都市·锦江区,学历不限,3,视力残疾1-4级;听力残疾1-4级;言语残疾1-4级;肢体残疾1-4级;智力残疾1-4级;精神残疾1-4级;多重残疾1-4级;,是,见原平台,中国残联就业服务平台（动态接口）,https://www.cdpee.org.cn/,2026年09月17日
天津市,天津市,天津档案处理员，双休，8小时，缴纳五险一金,广州海仑企业服务有限公司,天津市·天津市·河东区,学历不限,2,视力残疾1-4级;听力残疾1-4级;言语残疾1-4级;肢体残疾1-4级;智力残疾1-4级;精神残疾1-4级;多重残疾1-4级;,是,见原平台,中国残联就业服务平台（动态接口）,https://www.cdpee.org.cn/,2026年09月17日
云南省,昭通市,艾草加工，种植,云南鑫会盟艾绒制品生产有限公司,云南省·昭通市·巧家县,学历不限,100,视力残疾4级;听力残疾4级;言语残疾4级;肢体残疾4级;智力残疾4级;精神残疾4级;,是,见原平台,中国残联就业服务平台（动态接口）,https://www.cdpee.org.cn/,2026年09月17日
江苏省,宿迁市,食品加工处理,宿迁市宿城区陆小青猪肉批发经营部,江苏省·宿迁市·湖滨新区,小学,100,"视力残疾3,4级;听力残疾3,4级;肢体残疾3,4级;智力残疾4级;多重残疾3,4级;",是,见原平台,中国残联就业服务平台（动态接口）,https://www.cdpee.org.cn/,2026年09月17日
湖南省,株洲市,垃圾清运工,湖南仁仁洁国际清洁科技集团股份有限公司荷塘分公司,湖南省·株洲市·荷塘区,学历不限,1,言语残疾1级;智力残疾1级;,是,见原平台,中国残联就业服务平台（动态接口）,https://www.cdpee.org.cn/,2026年09月17日
江苏省,徐州市,江苏徐州组件工+早八晚六+包吃+五险+坐班,陕西致广人力资源有限公司,江苏省·徐州市·邳州市,学历不限,20,"视力残疾1-4级;听力残疾1-4级;言语残疾1-4级;肢体残疾1-4级;智力残疾3,4级;多重残疾1-4级;",是,见原平台,中国残联就业服务平台（动态接口）,https://www.cdpee.org.cn/,2026年09月17日
广东省,江门市,生产工,江门市霞光照明电器有限公司,广东省·江门市·蓬江区,学历不限,1,听力残疾2-4级;言语残疾2-4级;肢体残疾4级;智力残疾4级;多重残疾4级;,是,见原平台,中国残联就业服务平台（动态接口）,https://www.cdpee.org.cn/,2026年09月17日
上海市,上海市,行政助理（上海闵行区）,北京易才人力资源顾问有限公司,上海市·上海市·闵行区,大专,1,视力残疾1-3级;听力残疾1-3级;言语残疾1-3级;肢体残疾1-3级;智力残疾1-3级;精神残疾1-3级;多重残疾1-3级;,是,见原平台,中国残联就业服务平台（动态接口）,https://www.cdpee.org.cn/,2026年08月17日
江苏省,南京市,HR招聘,北京易才人力资源顾问有限公司,江苏省·南京市·建邺区,大专,1,视力残疾1-3级;听力残疾1-3级;言语残疾1-3级;肢体残疾1-3级;智力残疾1-3级;精神残疾1-3级;多重残疾1-3级;,是,见原平台,中国残联就业服务平台（动态接口）,https://www.cdpee.org.cn/,2026年05月22日
四川省,成都市,成都急招（残疾人福利岗）五险一金，长白8小时，高薪技术岗,广州海仑企业服务有限公司,四川省·成都市·锦江区,学历不限,3,视力残疾1-4级;听力残疾1-4级;言语残疾1-4级;肢体残疾1-4级;智力残疾1-4级;精神残疾1-4级;多重残疾1-4级;,是,见原平台,中国残联就业服务平台（动态接口）,https://www.cdpee.org.cn/,2026年09月17日
天津市,天津市,天津档案处理员，双休，8小时，缴纳五险一金,广州海仑企业服务有限公司,天津市·天津市·河东区,学历不限,2,视力残疾1-4级;听力残疾1-4级;言语残疾1-4级;肢体残疾1-4级;智力残疾1-4级;精神残疾1-4级;多重残疾1-4级;,是,见原平台,中国残联就业服务平台（动态接口）,https://www.cdpee.org.cn/,2026年09月17日
云南省,昭通市,艾草加工，种植,云南鑫会盟艾绒制品生产有限公司,云南省·昭通市·巧家县,学历不限,100,视力残疾4级;听力残疾4级;言语残疾4级;肢体残疾4级;智力残疾4级;精神残疾4级;,是,见原平台,中国残联就业服务平台（动态接口）,https://www.cdpee.org.cn/,2026年09月17日
江苏省,宿迁市,食品加工处理,宿迁市宿城区陆小青猪肉批发经营部,江苏省·宿迁市·湖滨新区,小学,100,"视力残疾3,4级;听力残疾3,4级;肢体残疾3,4级;智力残疾4级;多重残疾3,4级;",是,见原平台,中国残联就业服务平台（动态接口）,https://www.cdpee.org.cn/,2026年09月17日
湖南省,株洲市,垃圾清运工,湖南仁仁洁国际清洁科技集团股份有限公司荷塘分公司,湖南省·株洲市·荷塘区,学历不限,1,言语残疾1级;智力残疾1级;,是,见原平台,中国残联就业服务平台（动态接口）,https://www.cdpee.org.cn/,2026年09月17日
江苏省,徐州市,江苏徐州组件工+早八晚六+包吃+五险+坐班,陕西致广人力资源有限公司,江苏省·徐州市·邳州市,学历不限,20,"视力残疾1-4级;听力残疾1-4级;言语残疾1-4级;肢体残疾1-4级;智力残疾3,4级;多重残疾1-4级;",是,见原平台,中国残联就业服务平台（动态接口）,https://www.cdpee.org.cn/,2026年09月17日
广东省,江门市,生产工,江门市霞光照明电器有限公司,广东省·江门市·蓬江区,学历不限,1,听力残疾2-4级;言语残疾2-4级;肢体残疾4级;智力残疾4级;多重残疾4级;,是,见原平台,中国残联就业服务平台（动态接口）,https://www.cdpee.org.cn/,2026年09月17日
上海市,上海市,行政助理（上海闵行区）,北京易才人力资源顾问有限公司,上海市·上海市·闵行区,大专,1,视力残疾1-3级;听力残疾1-3级;言语残疾1-3级;肢体残疾1-3级;智力残疾1-3级;精神残疾1-3级;多重残疾1-3级;,是,见原平台,中国残联就业服务平台（动态接口）,https://www.cdpee.org.cn/,2026年08月17日
江苏省,南京市,HR招聘,北京易才人力资源顾问有限公司,江苏省·南京市·建邺区,大专,1,视力残疾1-3级;听力残疾1-3级;言语残疾1-3级;肢体残疾1-3级;智力残疾1-3级;精神残疾1-3级;多重残疾1-3级;,是,见原平台,中国残联就业服务平台（动态接口）,https://www.cdpee.org.cn/,2026年05月22日
四川省,成都市,成都急招（残疾人福利岗）五险一金，长白8小时，高薪技术岗,广州海仑企业服务有限公司,四川省·成都市·锦江区,学历不限,3,视力残疾1-4级;听力残疾1-4级;言语残疾1-4级;肢体残疾1-4级;智力残疾1-4级;精神残疾1-4级;多重残疾1-4级;,是,见原平台,中国残联就业服务平台（动态接口）,https://www.cdpee.org.cn/,2026年09月17日
天津市,天津市,天津档案处理员，双休，8小时，缴纳五险一金,广州海仑企业服务有限公司,天津市·天津市·河东区,学历不限,2,视力残疾1-4级;听力残疾1-4级;言语残疾1-4级;肢体残疾1-4级;智力残疾1-4级;精神残疾1-4级;多重残疾1-4级;,是,见原平台,中国残联就业服务平台（动态接口）,https://www.cdpee.org.cn/,2026年09月17日
云南省,昭通市,艾草加工，种植,云南鑫会盟艾绒制品生产有限公司,云南省·昭通市·巧家县,学历不限,100,视力残疾4级;听力残疾4级;言语残疾4级;肢体残疾4级;智力残疾4级;精神残疾4级;,是,见原平台,中国残联就业服务平台（动态接口）,https://www.cdpee.org.cn/,2026年09月17日
江苏省,宿迁市,食品加工处理,宿迁市宿城区陆小青猪肉批发经营部,江苏省·宿迁市·湖滨新区,小学,100,"视力残疾3,4级;听力残疾3,4级;肢体残疾3,4级;智力残疾4级;多重残疾3,4级;",是,见原平台,中国残联就业服务平台（动态接口）,https://www.cdpee.org.cn/,2026年09月17日
湖南省,株洲市,垃圾清运工,湖南仁仁洁国际清洁科技集团股份有限公司荷塘分公司,湖南省·株洲市·荷塘区,学历不限,1,言语残疾1级;智力残疾1级;,是,见原平台,中国残联就业服务平台（动态接口）,https://www.cdpee.org.cn/,2026年09月17日
江苏省,徐州市,江苏徐州组件工+早八晚六+包吃+五险+坐班,陕西致广人力资源有限公司,江苏省·徐州市·邳州市,学历不限,20,"视力残疾1-4级;听力残疾1-4级;言语残疾1-4级;肢体残疾1-4级;智力残疾3,4级;多重残疾1-4级;",是,见原平台,中国残联就业服务平台（动态接口）,https://www.cdpee.org.cn/,2026年09月17日
广东省,江门市,生产工,江门市霞光照明电器有限公司,广东省·江门市·蓬江区,学历不限,1,听力残疾2-4级;言语残疾2-4级;肢体残疾4级;智力残疾4级;多重残疾4级;,是,见原平台,中国残联就业服务平台（动态接口）,https://www.cdpee.org.cn/,2026年09月17日
上海市,上海市,行政助理（上海闵行区）,北京易才人力资源顾问有限公司,上海市·上海市·闵行区,大专,1,视力残疾1-3级;听力残疾1-3级;言语残疾1-3级;肢体残疾1-3级;智力残疾1-3级;精神残疾1-3级;多重残疾1-3级;,是,见原平台,中国残联就业服务平台（动态接口）,https://www.cdpee.org.cn/,2026年08月17日
江苏省,南京市,HR招聘,北京易才人力资源顾问有限公司,江苏省·南京市·建邺区,大专,1,视力残疾1-3级;听力残疾1-3级;言语残疾1-3级;肢体残疾1-3级;智力残疾1-3级;精神残疾1-3级;多重残疾1-3级;,是,见原平台,中国残联就业服务平台（动态接口）,https://www.cdpee.org.cn/,2026年05月22日
四川省,成都市,成都急招（残疾人福利岗）五险一金，长白8小时，高薪技术岗,广州海仑企业服务有限公司,四川省·成都市·锦江区,学历不限,3,视力残疾1-4级;听力残疾1-4级;言语残疾1-4级;肢体残疾1-4级;智力残疾1-4级;精神残疾1-4级;多重残疾1-4级;,是,见原平台,中国残联就业服务平台（动态接口）,https://www.cdpee.org.cn/,2026年09月17日
天津市,天津市,天津档案处理员，双休，8小时，缴纳五险一金,广州海仑企业服务有限公司,天津市·天津市·河东区,学历不限,2,视力残疾1-4级;听力残疾1-4级;言语残疾1-4级;肢体残疾1-4级;智力残疾1-4级;精神残疾1-4级;多重残疾1-4级;,是,见原平台,中国残联就业服务平台（动态接口）,https://www.cdpee.org.cn/,2026年09月17日
云南省,昭通市,艾草加工，种植,云南鑫会盟艾绒制品生产有限公司,云南省·昭通市·巧家县,学历不限,100,视力残疾4级;听力残疾4级;言语残疾4级;肢体残疾4级;智力残疾4级;精神残疾4级;,是,见原平台,中国残联就业服务平台（动态接口）,https://www.cdpee.org.cn/,2026年09月17日
江苏省,宿迁市,食品加工处理,宿迁市宿城区陆小青猪肉批发经营部,江苏省·宿迁市·湖滨新区,小学,100,"视力残疾3,4级;听力残疾3,4级;肢体残疾3,4级;智力残疾4级;多重残疾3,4级;",是,见原平台,中国残联就业服务平台（动态接口）,https://www.cdpee.org.cn/,2026年09月17日
湖南省,株洲市,垃圾清运工,湖南仁仁洁国际清洁科技集团股份有限公司荷塘分公司,湖南省·株洲市·荷塘区,学历不限,1,言语残疾1级;智力残疾1级;,是,见原平台,中国残联就业服务平台（动态接口）,https://www.cdpee.org.cn/,2026年09月17日
江苏省,徐州市,江苏徐州组件工+早八晚六+包吃+五险+坐班,陕西致广人力资源有限公司,江苏省·徐州市·邳州市,学历不限,20,"视力残疾1-4级;听力残疾1-4级;言语残疾1-4级;肢体残疾1-4级;智力残疾3,4级;多重残疾1-4级;",是,见原平台,中国残联就业服务平台（动态接口）,https://www.cdpee.org.cn/,2026年09月17日
广东省,江门市,生产工,江门市霞光照明电器有限公司,广东省·江门市·蓬江区,学历不限,1,听力残疾2-4级;言语残疾2-4级;肢体残疾4级;智力残疾4级;多重残疾4级;,是,见原平台,中国残联就业服务平台（动态接口）,https://www.cdpee.org.cn/,2026年09月17日
上海市,上海市,行政助理（上海闵行区）,北京易才人力资源顾问有限公司,上海市·上海市·闵行区,大专,1,视力残疾1-3级;听力残疾1-3级;言语残疾1-3级;肢体残疾1-3级;智力残疾1-3级;精神残疾1-3级;多重残疾1-3级;,是,见原平台,中国残联就业服务平台（动态接口）,https://www.cdpee.org.cn/,2026年08月17日
江苏省,南京市,HR招聘,北京易才人力资源顾问有限公司,江苏省·南京市·建邺区,大专,1,视力残疾1-3级;听力残疾1-3级;言语残疾1-3级;肢体残疾1-3级;智力残疾1-3级;精神残疾1-3级;多重残疾1-3级;,是,见原平台,中国残联就业服务平台（动态接口）,https://www.cdpee.org.cn/,2026年05月22日
四川省,成都市,成都急招（残疾人福利岗）五险一金，长白8小时，高薪技术岗,广州海仑企业服务有限公司,四川省·成都市·锦江区,学历不限,3,视力残疾1-4级;听力残疾1-4级;言语残疾1-4级;肢体残疾1-4级;智力残疾1-4级;精神残疾1-4级;多重残疾1-4级;,是,见原平台,中国残联就业服务平台（动态接口）,https://www.cdpee.org.cn/,2026年09月17日
天津市,天津市,天津档案处理员，双休，8小时，缴纳五险一金,广州海仑企业服务有限公司,天津市·天津市·河东区,学历不限,2,视力残疾1-4级;听力残疾1-4级;言语残疾1-4级;肢体残疾1-4级;智力残疾1-4级;精神残疾1-4级;多重残疾1-4级;,是,见原平台,中国残联就业服务平台（动态接口）,https://www.cdpee.org.cn/,2026年09月17日
云南省,昭通市,艾草加工，种植,云南鑫会盟艾绒制品生产有限公司,云南省·昭通市·巧家县,学历不限,100,视力残疾4级;听力残疾4级;言语残疾4级;肢体残疾4级;智力残疾4级;精神残疾4级;,是,见原平台,中国残联就业服务平台（动态接口）,https://www.cdpee.org.cn/,2026年09月17日
江苏省,宿迁市,食品加工处理,宿迁市宿城区陆小青猪肉批发经营部,江苏省·宿迁市·湖滨新区,小学,100,"视力残疾3,4级;听力残疾3,4级;肢体残疾3,4级;智力残疾4级;多重残疾3,4级;",是,见原平台,中国残联就业服务平台（动态接口）,https://www.cdpee.org.cn/,2026年09月17日
湖南省,株洲市,垃圾清运工,湖南仁仁洁国际清洁科技集团股份有限公司荷塘分公司,湖南省·株洲市·荷塘区,学历不限,1,言语残疾1级;智力残疾1级;,是,见原平台,中国残联就业服务平台（动态接口）,https://www.cdpee.org.cn/,2026年09月17日
江苏省,徐州市,江苏徐州组件工+早八晚六+包吃+五险+坐班,陕西致广人力资源有限公司,江苏省·徐州市·邳州市,学历不限,20,"视力残疾1-4级;听力残疾1-4级;言语残疾1-4级;肢体残疾1-4级;智力残疾3,4级;多重残疾1-4级;",是,见原平台,中国残联就业服务平台（动态接口）,https://www.cdpee.org.cn/,2026年09月17日
广东省,江门市,生产工,江门市霞光照明电器有限公司,广东省·江门市·蓬江区,学历不限,1,听力残疾2-4级;言语残疾2-4级;肢体残疾4级;智力残疾4级;多重残疾4级;,是,见原平台,中国残联就业服务平台（动态接口）,https://www.cdpee.org.cn/,2026年09月17日
上海市,上海市,行政助理（上海闵行区）,北京易才人力资源顾问有限公司,上海市·上海市·闵行区,大专,1,视力残疾1-3级;听力残疾1-3级;言语残疾1-3级;肢体残疾1-3级;智力残疾1-3级;精神残疾1-3级;多重残疾1-3级;,是,见原平台,中国残联就业服务平台（动态接口）,https://www.cdpee.org.cn/,2026年08月17日
江苏省,南京市,HR招聘,北京易才人力资源顾问有限公司,江苏省·南京市·建邺区,大专,1,视力残疾1-3级;听力残疾1-3级;言语残疾1-3级;肢体残疾1-3级;智力残疾1-3级;精神残疾1-3级;多重残疾1-3级;,是,见原平台,中国残联就业服务平台（动态接口）,https://www.cdpee.org.cn/,2026年05月22日
四川省,成都市,成都急招（残疾人福利岗）五险一金，长白8小时，高薪技术岗,广州海仑企业服务有限公司,四川省·成都市·锦江区,学历不限,3,视力残疾1-4级;听力残疾1-4级;言语残疾1-4级;肢体残疾1-4级;智力残疾1-4级;精神残疾1-4级;多重残疾1-4级;,是,见原平台,中国残联就业服务平台（动态接口）,https://www.cdpee.org.cn/,2026年09月17日
天津市,天津市,天津档案处理员，双休，8小时，缴纳五险一金,广州海仑企业服务有限公司,天津市·天津市·河东区,学历不限,2,视力残疾1-4级;听力残疾1-4级;言语残疾1-4级;肢体残疾1-4级;智力残疾1-4级;精神残疾1-4级;多重残疾1-4级;,是,见原平台,中国残联就业服务平台（动态接口）,https://www.cdpee.org.cn/,2026年09月17日
云南省,昭通市,艾草加工，种植,云南鑫会盟艾绒制品生产有限公司,云南省·昭通市·巧家县,学历不限,100,视力残疾4级;听力残疾4级;言语残疾4级;肢体残疾4级;智力残疾4级;精神残疾4级;,是,见原平台,中国残联就业服务平台（动态接口）,https://www.cdpee.org.cn/,2026年09月17日
江苏省,宿迁市,食品加工处理,宿迁市宿城区陆小青猪肉批发经营部,江苏省·宿迁市·湖滨新区,小学,100,"视力残疾3,4级;听力残疾3,4级;肢体残疾3,4级;智力残疾4级;多重残疾3,4级;",是,见原平台,中国残联就业服务平台（动态接口）,https://www.cdpee.org.cn/,2026年09月17日
湖南省,株洲市,垃圾清运工,湖南仁仁洁国际清洁科技集团股份有限公司荷塘分公司,湖南省·株洲市·荷塘区,学历不限,1,言语残疾1级;智力残疾1级;,是,见原平台,中国残联就业服务平台（动态接口）,https://www.cdpee.org.cn/,2026年09月17日
江苏省,徐州市,江苏徐州组件工+早八晚六+包吃+五险+坐班,陕西致广人力资源有限公司,江苏省·徐州市·邳州市,学历不限,20,"视力残疾1-4级;听力残疾1-4级;言语残疾1-4级;肢体残疾1-4级;智力残疾3,4级;多重残疾1-4级;",是,见原平台,中国残联就业服务平台（动态接口）,https://www.cdpee.org.cn/,2026年09月17日
广东省,江门市,生产工,江门市霞光照明电器有限公司,广东省·江门市·蓬江区,学历不限,1,听力残疾2-4级;言语残疾2-4级;肢体残疾4级;智力残疾4级;多重残疾4级;,是,见原平台,中国残联就业服务平台（动态接口）,https://www.cdpee.org.cn/,2026年09月17日
上海市,上海市,行政助理（上海闵行区）,北京易才人力资源顾问有限公司,上海市·上海市·闵行区,大专,1,视力残疾1-3级;听力残疾1-3级;言语残疾1-3级;肢体残疾1-3级;智力残疾1-3级;精神残疾1-3级;多重残疾1-3级;,是,见原平台,中国残联就业服务平台（动态接口）,https://www.cdpee.org.cn/,2026年08月17日
江苏省,南京市,HR招聘,北京易才人力资源顾问有限公司,江苏省·南京市·建邺区,大专,1,视力残疾1-3级;听力残疾1-3级;言语残疾1-3级;肢体残疾1-3级;智力残疾1-3级;精神残疾1-3级;多重残疾1-3级;,是,见原平台,中国残联就业服务平台（动态接口）,https://www.cdpee.org.cn/,2026年05月22日
四川省,成都市,成都急招（残疾人福利岗）五险一金，长白8小时，高薪技术岗,广州海仑企业服务有限公司,四川省·成都市·锦江区,学历不限,3,视力残疾1-4级;听力残疾1-4级;言语残疾1-4级;肢体残疾1-4级;智力残疾1-4级;精神残疾1-4级;多重残疾1-4级;,是,见原平台,中国残联就业服务平台（动态接口）,https://www.cdpee.org.cn/,2026年09月17日
天津市,天津市,天津档案处理员，双休，8小时，缴纳五险一金,广州海仑企业服务有限公司,天津市·天津市·河东区,学历不限,2,视力残疾1-4级;听力残疾1-4级;言语残疾1-4级;肢体残疾1-4级;智力残疾1-4级;精神残疾1-4级;多重残疾1-4级;,是,见原平台,中国残联就业服务平台（动态接口）,https://www.cdpee.org.cn/,2026年09月17日
云南省,昭通市,艾草加工，种植,云南鑫会盟艾绒制品生产有限公司,云南省·昭通市·巧家县,学历不限,100,视力残疾4级;听力残疾4级;言语残疾4级;肢体残疾4级;智力残疾4级;精神残疾4级;,是,见原平台,中国残联就业服务平台（动态接口）,https://www.cdpee.org.cn/,2026年09月17日
江苏省,宿迁市,食品加工处理,宿迁市宿城区陆小青猪肉批发经营部,江苏省·宿迁市·湖滨新区,小学,100,"视力残疾3,4级;听力残疾3,4级;肢体残疾3,4级;智力残疾4级;多重残疾3,4级;",是,见原平台,中国残联就业服务平台（动态接口）,https://www.cdpee.org.cn/,2026年09月17日
湖南省,株洲市,垃圾清运工,湖南仁仁洁国际清洁科技集团股份有限公司荷塘分公司,湖南省·株洲市·荷塘区,学历不限,1,言语残疾1级;智力残疾1级;,是,见原平台,中国残联就业服务平台（动态接口）,https://www.cdpee.org.cn/,2026年09月17日
江苏省,徐州市,江苏徐州组件工+早八晚六+包吃+五险+坐班,陕西致广人力资源有限公司,江苏省·徐州市·邳州市,学历不限,20,"视力残疾1-4级;听力残疾1-4级;言语残疾1-4级;肢体残疾1-4级;智力残疾3,4级;多重残疾1-4级;",是,见原平台,中国残联就业服务平台（动态接口）,https://www.cdpee.org.cn/,2026年09月17日
广东省,江门市,生产工,江门市霞光照明电器有限公司,广东省·江门市·蓬江区,学历不限,1,听力残疾2-4级;言语残疾2-4级;肢体残疾4级;智力残疾4级;多重残疾4级;,是,见原平台,中国残联就业服务平台（动态接口）,https://www.cdpee.org.cn/,2026年09月17日
上海市,上海市,行政助理（上海闵行区）,北京易才人力资源顾问有限公司,上海市·上海市·闵行区,大专,1,视力残疾1-3级;听力残疾1-3级;言语残疾1-3级;肢体残疾1-3级;智力残疾1-3级;精神残疾1-3级;多重残疾1-3级;,是,见原平台,中国残联就业服务平台（动态接口）,https://www.cdpee.org.cn/,2026年08月17日
江苏省,南京市,HR招聘,北京易才人力资源顾问有限公司,江苏省·南京市·建邺区,大专,1,视力残疾1-3级;听力残疾1-3级;言语残疾1-3级;肢体残疾1-3级;智力残疾1-3级;精神残疾1-3级;多重残疾1-3级;,是,见原平台,中国残联就业服务平台（动态接口）,https://www.cdpee.org.cn/,2026年05月22日
四川省,成都市,成都急招（残疾人福利岗）五险一金，长白8小时，高薪技术岗,广州海仑企业服务有限公司,四川省·成都市·锦江区,学历不限,3,视力残疾1-4级;听力残疾1-4级;言语残疾1-4级;肢体残疾1-4级;智力残疾1-4级;精神残疾1-4级;多重残疾1-4级;,是,见原平台,中国残联就业服务平台（动态接口）,https://www.cdpee.org.cn/,2026年09月17日
天津市,天津市,天津档案处理员，双休，8小时，缴纳五险一金,广州海仑企业服务有限公司,天津市·天津市·河东区,学历不限,2,视力残疾1-4级;听力残疾1-4级;言语残疾1-4级;肢体残疾1-4级;智力残疾1-4级;精神残疾1-4级;多重残疾1-4级;,是,见原平台,中国残联就业服务平台（动态接口）,https://www.cdpee.org.cn/,2026年09月17日
云南省,昭通市,艾草加工，种植,云南鑫会盟艾绒制品生产有限公司,云南省·昭通市·巧家县,学历不限,100,视力残疾4级;听力残疾4级;言语残疾4级;肢体残疾4级;智力残疾4级;精神残疾4级;,是,见原平台,中国残联就业服务平台（动态接口）,https://www.cdpee.org.cn/,2026年09月17日
江苏省,宿迁市,食品加工处理,宿迁市宿城区陆小青猪肉批发经营部,江苏省·宿迁市·湖滨新区,小学,100,"视力残疾3,4级;听力残疾3,4级;肢体残疾3,4级;智力残疾4级;多重残疾3,4级;",是,见原平台,中国残联就业服务平台（动态接口）,https://www.cdpee.org.cn/,2026年09月17日
湖南省,株洲市,垃圾清运工,湖南仁仁洁国际清洁科技集团股份有限公司荷塘分公司,湖南省·株洲市·荷塘区,学历不限,1,言语残疾1级;智力残疾1级;,是,见原平台,中国残联就业服务平台（动态接口）,https://www.cdpee.org.cn/,2026年09月17日
江苏省,徐州市,江苏徐州组件工+早八晚六+包吃+五险+坐班,陕西致广人力资源有限公司,江苏省·徐州市·邳州市,学历不限,20,"视力残疾1-4级;听力残疾1-4级;言语残疾1-4级;肢体残疾1-4级;智力残疾3,4级;多重残疾1-4级;",是,见原平台,中国残联就业服务平台（动态接口）,https://www.cdpee.org.cn/,2026年09月17日
广东省,江门市,生产工,江门市霞光照明电器有限公司,广东省·江门市·蓬江区,学历不限,1,听力残疾2-4级;言语残疾2-4级;肢体残疾4级;智力残疾4级;多重残疾4级;,是,见原平台,中国残联就业服务平台（动态接口）,https://www.cdpee.org.cn/,2026年09月17日
辽宁省,沈阳市,无责4000销售顾问+提成 不加班,沈阳河马纸箱包装有限公司,辽宁省·沈阳市·和平区,学历不限,,视力残疾1-4级;听力残疾1-4级;言语残疾1-4级;肢体残疾1-4级;智力残疾1-4级;精神残疾1-4级;多重残疾1-4级;,是,见原平台,中国残联就业服务平台（动态接口）,https://www.cdpee.org.cn/,2026年04月09日
上海市,上海市,行政助理（上海闵行区）,北京易才人力资源顾问有限公司,上海市·上海市·闵行区,大专,1,视力残疾1-3级;听力残疾1-3级;言语残疾1-3级;肢体残疾1-3级;智力残疾1-3级;精神残疾1-3级;多重残疾1-3级;,是,见原平台,中国残联就业服务平台（动态接口）,https://www.cdpee.org.cn/,2026年08月17日
江苏省,南京市,HR招聘,北京易才人力资源顾问有限公司,江苏省·南京市·建邺区,大专,1,视力残疾1-3级;听力残疾1-3级;言语残疾1-3级;肢体残疾1-3级;智力残疾1-3级;精神残疾1-3级;多重残疾1-3级;,是,见原平台,中国残联就业服务平台（动态接口）,https://www.cdpee.org.cn/,2026年05月22日
四川省,成都市,成都急招（残疾人福利岗）五险一金，长白8小时，高薪技术岗,广州海仑企业服务有限公司,四川省·成都市·锦江区,学历不限,3,视力残疾1-4级;听力残疾1-4级;言语残疾1-4级;肢体残疾1-4级;智力残疾1-4级;精神残疾1-4级;多重残疾1-4级;,是,见原平台,中国残联就业服务平台（动态接口）,https://www.cdpee.org.cn/,2026年09月17日
天津市,天津市,天津档案处理员，双休，8小时，缴纳五险一金,广州海仑企业服务有限公司,天津市·天津市·河东区,学历不限,2,视力残疾1-4级;听力残疾1-4级;言语残疾1-4级;肢体残疾1-4级;智力残疾1-4级;精神残疾1-4级;多重残疾1-4级;,是,见原平台,中国残联就业服务平台（动态接口）,https://www.cdpee.org.cn/,2026年09月17日
云南省,昭通市,艾草加工，种植,云南鑫会盟艾绒制品生产有限公司,云南省·昭通市·巧家县,学历不限,100,视力残疾4级;听力残疾4级;言语残疾4级;肢体残疾4级;智力残疾4级;精神残疾4级;,是,见原平台,中国残联就业服务平台（动态接口）,https://www.cdpee.org.cn/,2026年09月17日
河北省,保定市,Java后端开发,河北智企云服科技有限公司,河北省·保定市·竞秀区,本科,,视力残疾1-4级;听力残疾1-4级;言语残疾1-4级;肢体残疾1-4级;智力残疾1-4级;精神残疾1-4级;多重残疾1-4级;,是,见原平台,中国残联就业服务平台（动态接口）,https://www.cdpee.org.cn/,2026年04月21日
江西省,萍乡市,洗碗工（可接受残疾人）,萍乡润兰国际大酒店有限公司,江西省·萍乡市·安源区,学历不限,,视力残疾1-4级;听力残疾1-4级;言语残疾1-4级;肢体残疾1-4级;智力残疾1-4级;精神残疾1-4级;多重残疾1-4级;,是,见原平台,中国残联就业服务平台（动态接口）,https://www.cdpee.org.cn/,2026年04月27日
江苏省,宿迁市,食品加工处理,宿迁市宿城区陆小青猪肉批发经营部,江苏省·宿迁市·湖滨新区,小学,100,"视力残疾3,4级;听力残疾3,4级;肢体残疾3,4级;智力残疾4级;多重残疾3,4级;",是,见原平台,中国残联就业服务平台（动态接口）,https://www.cdpee.org.cn/,2026年09月17日
湖南省,株洲市,垃圾清运工,湖南仁仁洁国际清洁科技集团股份有限公司荷塘分公司,湖南省·株洲市·荷塘区,学历不限,1,言语残疾1级;智力残疾1级;,是,见原平台,中国残联就业服务平台（动态接口）,https://www.cdpee.org.cn/,2026年09月17日
江苏省,徐州市,江苏徐州组件工+早八晚六+包吃+五险+坐班,陕西致广人力资源有限公司,江苏省·徐州市·邳州市,学历不限,20,"视力残疾1-4级;听力残疾1-4级;言语残疾1-4级;肢体残疾1-4级;智力残疾3,4级;多重残疾1-4级;",是,见原平台,中国残联就业服务平台（动态接口）,https://www.cdpee.org.cn/,2026年09月17日
广东省,江门市,生产工,江门市霞光照明电器有限公司,广东省·江门市·蓬江区,学历不限,1,听力残疾2-4级;言语残疾2-4级;肢体残疾4级;智力残疾4级;多重残疾4级;,是,见原平台,中国残联就业服务平台（动态接口）,https://www.cdpee.org.cn/,2026年09月17日
辽宁省,沈阳市,无责4000销售顾问+提成 不加班,沈阳河马纸箱包装有限公司,辽宁省·沈阳市·和平区,学历不限,,视力残疾1-4级;听力残疾1-4级;言语残疾1-4级;肢体残疾1-4级;智力残疾1-4级;精神残疾1-4级;多重残疾1-4级;,是,见原平台,中国残联就业服务平台（动态接口）,https://www.cdpee.org.cn/,2026年04月09日
上海市,上海市,行政助理（上海闵行区）,北京易才人力资源顾问有限公司,上海市·上海市·闵行区,大专,1,视力残疾1-3级;听力残疾1-3级;言语残疾1-3级;肢体残疾1-3级;智力残疾1-3级;精神残疾1-3级;多重残疾1-3级;,是,见原平台,中国残联就业服务平台（动态接口）,https://www.cdpee.org.cn/,2026年08月17日
江苏省,南京市,HR招聘,北京易才人力资源顾问有限公司,江苏省·南京市·建邺区,大专,1,视力残疾1-3级;听力残疾1-3级;言语残疾1-3级;肢体残疾1-3级;智力残疾1-3级;精神残疾1-3级;多重残疾1-3级;,是,见原平台,中国残联就业服务平台（动态接口）,https://www.cdpee.org.cn/,2026年05月22日
四川省,成都市,成都急招（残疾人福利岗）五险一金，长白8小时，高薪技术岗,广州海仑企业服务有限公司,四川省·成都市·锦江区,学历不限,3,视力残疾1-4级;听力残疾1-4级;言语残疾1-4级;肢体残疾1-4级;智力残疾1-4级;精神残疾1-4级;多重残疾1-4级;,是,见原平台,中国残联就业服务平台（动态接口）,https://www.cdpee.org.cn/,2026年09月17日
天津市,天津市,天津档案处理员，双休，8小时，缴纳五险一金,广州海仑企业服务有限公司,天津市·天津市·河东区,学历不限,2,视力残疾1-4级;听力残疾1-4级;言语残疾1-4级;肢体残疾1-4级;智力残疾1-4级;精神残疾1-4级;多重残疾1-4级;,是,见原平台,中国残联就业服务平台（动态接口）,https://www.cdpee.org.cn/,2026年09月17日
云南省,昭通市,艾草加工，种植,云南鑫会盟艾绒制品生产有限公司,云南省·昭通市·巧家县,学历不限,100,视力残疾4级;听力残疾4级;言语残疾4级;肢体残疾4级;智力残疾4级;精神残疾4级;,是,见原平台,中国残联就业服务平台（动态接口）,https://www.cdpee.org.cn/,2026年09月17日
河北省,保定市,Java后端开发,河北智企云服科技有限公司,河北省·保定市·竞秀区,本科,,视力残疾1-4级;听力残疾1-4级;言语残疾1-4级;肢体残疾1-4级;智力残疾1-4级;精神残疾1-4级;多重残疾1-4级;,是,见原平台,中国残联就业服务平台（动态接口）,https://www.cdpee.org.cn/,2026年04月21日
江西省,萍乡市,洗碗工（可接受残疾人）,萍乡润兰国际大酒店有限公司,江西省·萍乡市·安源区,学历不限,,视力残疾1-4级;听力残疾1-4级;言语残疾1-4级;肢体残疾1-4级;智力残疾1-4级;精神残疾1-4级;多重残疾1-4级;,是,见原平台,中国残联就业服务平台（动态接口）,https://www.cdpee.org.cn/,2026年04月27日
江苏省,宿迁市,食品加工处理,宿迁市宿城区陆小青猪肉批发经营部,江苏省·宿迁市·湖滨新区,小学,100,"视力残疾3,4级;听力残疾3,4级;肢体残疾3,4级;智力残疾4级;多重残疾3,4级;",是,见原平台,中国残联就业服务平台（动态接口）,https://www.cdpee.org.cn/,2026年09月17日
湖南省,株洲市,垃圾清运工,湖南仁仁洁国际清洁科技集团股份有限公司荷塘分公司,湖南省·株洲市·荷塘区,学历不限,1,言语残疾1级;智力残疾1级;,是,见原平台,中国残联就业服务平台（动态接口）,https://www.cdpee.org.cn/,2026年09月17日
江苏省,徐州市,江苏徐州组件工+早八晚六+包吃+五险+坐班,陕西致广人力资源有限公司,江苏省·徐州市·邳州市,学历不限,20,"视力残疾1-4级;听力残疾1-4级;言语残疾1-4级;肢体残疾1-4级;智力残疾3,4级;多重残疾1-4级;",是,见原平台,中国残联就业服务平台（动态接口）,https://www.cdpee.org.cn/,2026年09月17日
广东省,江门市,生产工,江门市霞光照明电器有限公司,广东省·江门市·蓬江区,学历不限,1,听力残疾2-4级;言语残疾2-4级;肢体残疾4级;智力残疾4级;多重残疾4级;,是,见原平台,中国残联就业服务平台（动态接口）,https://www.cdpee.org.cn/,2026年09月17日
辽宁省,沈阳市,无责4000销售顾问+提成 不加班,沈阳河马纸箱包装有限公司,辽宁省·沈阳市·和平区,学历不限,,视力残疾1-4级;听力残疾1-4级;言语残疾1-4级;肢体残疾1-4级;智力残疾1-4级;精神残疾1-4级;多重残疾1-4级;,是,见原平台,中国残联就业服务平台（动态接口）,https://www.cdpee.org.cn/,2026年04月09日
上海市,上海市,行政助理（上海闵行区）,北京易才人力资源顾问有限公司,上海市·上海市·闵行区,大专,1,视力残疾1-3级;听力残疾1-3级;言语残疾1-3级;肢体残疾1-3级;智力残疾1-3级;精神残疾1-3级;多重残疾1-3级;,是,见原平台,中国残联就业服务平台（动态接口）,https://www.cdpee.org.cn/,2026年08月17日
江苏省,南京市,HR招聘,北京易才人力资源顾问有限公司,江苏省·南京市·建邺区,大专,1,视力残疾1-3级;听力残疾1-3级;言语残疾1-3级;肢体残疾1-3级;智力残疾1-3级;精神残疾1-3级;多重残疾1-3级;,是,见原平台,中国残联就业服务平台（动态接口）,https://www.cdpee.org.cn/,2026年05月22日
四川省,成都市,成都急招（残疾人福利岗）五险一金，长白8小时，高薪技术岗,广州海仑企业服务有限公司,四川省·成都市·锦江区,学历不限,3,视力残疾1-4级;听力残疾1-4级;言语残疾1-4级;肢体残疾1-4级;智力残疾1-4级;精神残疾1-4级;多重残疾1-4级;,是,见原平台,中国残联就业服务平台（动态接口）,https://www.cdpee.org.cn/,2026年09月17日
天津市,天津市,天津档案处理员，双休，8小时，缴纳五险一金,广州海仑企业服务有限公司,天津市·天津市·河东区,学历不限,2,视力残疾1-4级;听力残疾1-4级;言语残疾1-4级;肢体残疾1-4级;智力残疾1-4级;精神残疾1-4级;多重残疾1-4级;,是,见原平台,中国残联就业服务平台（动态接口）,https://www.cdpee.org.cn/,2026年09月17日
云南省,昭通市,艾草加工，种植,云南鑫会盟艾绒制品生产有限公司,云南省·昭通市·巧家县,学历不限,100,视力残疾4级;听力残疾4级;言语残疾4级;肢体残疾4级;智力残疾4级;精神残疾4级;,是,见原平台,中国残联就业服务平台（动态接口）,https://www.cdpee.org.cn/,2026年09月17日
河北省,保定市,Java后端开发,河北智企云服科技有限公司,河北省·保定市·竞秀区,本科,,视力残疾1-4级;听力残疾1-4级;言语残疾1-4级;肢体残疾1-4级;智力残疾1-4级;精神残疾1-4级;多重残疾1-4级;,是,见原平台,中国残联就业服务平台（动态接口）,https://www.cdpee.org.cn/,2026年04月21日
江西省,萍乡市,洗碗工（可接受残疾人）,萍乡润兰国际大酒店有限公司,江西省·萍乡市·安源区,学历不限,,视力残疾1-4级;听力残疾1-4级;言语残疾1-4级;肢体残疾1-4级;智力残疾1-4级;精神残疾1-4级;多重残疾1-4级;,是,见原平台,中国残联就业服务平台（动态接口）,https://www.cdpee.org.cn/,2026年04月27日
江苏省,宿迁市,食品加工处理,宿迁市宿城区陆小青猪肉批发经营部,江苏省·宿迁市·湖滨新区,小学,100,"视力残疾3,4级;听力残疾3,4级;肢体残疾3,4级;智力残疾4级;多重残疾3,4级;",是,见原平台,中国残联就业服务平台（动态接口）,https://www.cdpee.org.cn/,2026年09月17日
湖南省,株洲市,垃圾清运工,湖南仁仁洁国际清洁科技集团股份有限公司荷塘分公司,湖南省·株洲市·荷塘区,学历不限,1,言语残疾1级;智力残疾1级;,是,见原平台,中国残联就业服务平台（动态接口）,https://www.cdpee.org.cn/,2026年09月17日
江苏省,徐州市,江苏徐州组件工+早八晚六+包吃+五险+坐班,陕西致广人力资源有限公司,江苏省·徐州市·邳州市,学历不限,20,"视力残疾1-4级;听力残疾1-4级;言语残疾1-4级;肢体残疾1-4级;智力残疾3,4级;多重残疾1-4级;",是,见原平台,中国残联就业服务平台（动态接口）,https://www.cdpee.org.cn/,2026年09月17日
广东省,江门市,生产工,江门市霞光照明电器有限公司,广东省·江门市·蓬江区,学历不限,1,听力残疾2-4级;言语残疾2-4级;肢体残疾4级;智力残疾4级;多重残疾4级;,是,见原平台,中国残联就业服务平台（动态接口）,https://www.cdpee.org.cn/,2026年09月17日
辽宁省,沈阳市,无责4000销售顾问+提成 不加班,沈阳河马纸箱包装有限公司,辽宁省·沈阳市·和平区,学历不限,,视力残疾1-4级;听力残疾1-4级;言语残疾1-4级;肢体残疾1-4级;智力残疾1-4级;精神残疾1-4级;多重残疾1-4级;,是,见原平台,中国残联就业服务平台（动态接口）,https://www.cdpee.org.cn/,2026年04月09日
上海市,上海市,行政助理（上海闵行区）,北京易才人力资源顾问有限公司,上海市·上海市·闵行区,大专,1,视力残疾1-3级;听力残疾1-3级;言语残疾1-3级;肢体残疾1-3级;智力残疾1-3级;精神残疾1-3级;多重残疾1-3级;,是,见原平台,中国残联就业服务平台（动态接口）,https://www.cdpee.org.cn/,2026年08月17日
江苏省,南京市,HR招聘,北京易才人力资源顾问有限公司,江苏省·南京市·建邺区,大专,1,视力残疾1-3级;听力残疾1-3级;言语残疾1-3级;肢体残疾1-3级;智力残疾1-3级;精神残疾1-3级;多重残疾1-3级;,是,见原平台,中国残联就业服务平台（动态接口）,https://www.cdpee.org.cn/,2026年05月22日
四川省,成都市,成都急招（残疾人福利岗）五险一金，长白8小时，高薪技术岗,广州海仑企业服务有限公司,四川省·成都市·锦江区,学历不限,3,视力残疾1-4级;听力残疾1-4级;言语残疾1-4级;肢体残疾1-4级;智力残疾1-4级;精神残疾1-4级;多重残疾1-4级;,是,见原平台,中国残联就业服务平台（动态接口）,https://www.cdpee.org.cn/,2026年09月17日
天津市,天津市,天津档案处理员，双休，8小时，缴纳五险一金,广州海仑企业服务有限公司,天津市·天津市·河东区,学历不限,2,视力残疾1-4级;听力残疾1-4级;言语残疾1-4级;肢体残疾1-4级;智力残疾1-4级;精神残疾1-4级;多重残疾1-4级;,是,见原平台,中国残联就业服务平台（动态接口）,https://www.cdpee.org.cn/,2026年09月17日
云南省,昭通市,艾草加工，种植,云南鑫会盟艾绒制品生产有限公司,云南省·昭通市·巧家县,学历不限,100,视力残疾4级;听力残疾4级;言语残疾4级;肢体残疾4级;智力残疾4级;精神残疾4级;,是,见原平台,中国残联就业服务平台（动态接口）,https://www.cdpee.org.cn/,2026年09月17日
河北省,保定市,Java后端开发,河北智企云服科技有限公司,河北省·保定市·竞秀区,本科,,视力残疾1-4级;听力残疾1-4级;言语残疾1-4级;肢体残疾1-4级;智力残疾1-4级;精神残疾1-4级;多重残疾1-4级;,是,见原平台,中国残联就业服务平台（动态接口）,https://www.cdpee.org.cn/,2026年04月21日
江西省,萍乡市,洗碗工（可接受残疾人）,萍乡润兰国际大酒店有限公司,江西省·萍乡市·安源区,学历不限,,视力残疾1-4级;听力残疾1-4级;言语残疾1-4级;肢体残疾1-4级;智力残疾1-4级;精神残疾1-4级;多重残疾1-4级;,是,见原平台,中国残联就业服务平台（动态接口）,https://www.cdpee.org.cn/,2026年04月27日
江苏省,宿迁市,食品加工处理,宿迁市宿城区陆小青猪肉批发经营部,江苏省·宿迁市·湖滨新区,小学,100,"视力残疾3,4级;听力残疾3,4级;肢体残疾3,4级;智力残疾4级;多重残疾3,4级;",是,见原平台,中国残联就业服务平台（动态接口）,https://www.cdpee.org.cn/,2026年09月17日
湖南省,株洲市,垃圾清运工,湖南仁仁洁国际清洁科技集团股份有限公司荷塘分公司,湖南省·株洲市·荷塘区,学历不限,1,言语残疾1级;智力残疾1级;,是,见原平台,中国残联就业服务平台（动态接口）,https://www.cdpee.org.cn/,2026年09月17日
江苏省,徐州市,江苏徐州组件工+早八晚六+包吃+五险+坐班,陕西致广人力资源有限公司,江苏省·徐州市·邳州市,学历不限,20,"视力残疾1-4级;听力残疾1-4级;言语残疾1-4级;肢体残疾1-4级;智力残疾3,4级;多重残疾1-4级;",是,见原平台,中国残联就业服务平台（动态接口）,https://www.cdpee.org.cn/,2026年09月17日
广东省,江门市,生产工,江门市霞光照明电器有限公司,广东省·江门市·蓬江区,学历不限,1,听力残疾2-4级;言语残疾2-4级;肢体残疾4级;智力残疾4级;多重残疾4级;,是,见原平台,中国残联就业服务平台（动态接口）,https://www.cdpee.org.cn/,2026年09月17日
辽宁省,沈阳市,无责4000销售顾问+提成 不加班,沈阳河马纸箱包装有限公司,辽宁省·沈阳市·和平区,学历不限,,视力残疾1-4级;听力残疾1-4级;言语残疾1-4级;肢体残疾1-4级;智力残疾1-4级;精神残疾1-4级;多重残疾1-4级;,是,见原平台,中国残联就业服务平台（动态接口）,https://www.cdpee.org.cn/,2026年04月09日
上海市,上海市,行政助理（上海闵行区）,北京易才人力资源顾问有限公司,上海市·上海市·闵行区,大专,1,视力残疾1-3级;听力残疾1-3级;言语残疾1-3级;肢体残疾1-3级;智力残疾1-3级;精神残疾1-3级;多重残疾1-3级;,是,见原平台,中国残联就业服务平台（动态接口）,https://www.cdpee.org.cn/,2026年08月17日
江苏省,南京市,HR招聘,北京易才人力资源顾问有限公司,江苏省·南京市·建邺区,大专,1,视力残疾1-3级;听力残疾1-3级;言语残疾1-3级;肢体残疾1-3级;智力残疾1-3级;精神残疾1-3级;多重残疾1-3级;,是,见原平台,中国残联就业服务平台（动态接口）,https://www.cdpee.org.cn/,2026年05月22日
四川省,成都市,成都急招（残疾人福利岗）五险一金，长白8小时，高薪技术岗,广州海仑企业服务有限公司,四川省·成都市·锦江区,学历不限,3,视力残疾1-4级;听力残疾1-4级;言语残疾1-4级;肢体残疾1-4级;智力残疾1-4级;精神残疾1-4级;多重残疾1-4级;,是,见原平台,中国残联就业服务平台（动态接口）,https://www.cdpee.org.cn/,2026年09月17日
天津市,天津市,天津档案处理员，双休，8小时，缴纳五险一金,广州海仑企业服务有限公司,天津市·天津市·河东区,学历不限,2,视力残疾1-4级;听力残疾1-4级;言语残疾1-4级;肢体残疾1-4级;智力残疾1-4级;精神残疾1-4级;多重残疾1-4级;,是,见原平台,中国残联就业服务平台（动态接口）,https://www.cdpee.org.cn/,2026年09月17日
云南省,昭通市,艾草加工，种植,云南鑫会盟艾绒制品生产有限公司,云南省·昭通市·巧家县,学历不限,100,视力残疾4级;听力残疾4级;言语残疾4级;肢体残疾4级;智力残疾4级;精神残疾4级;,是,见原平台,中国残联就业服务平台（动态接口）,https://www.cdpee.org.cn/,2026年09月17日
河北省,保定市,Java后端开发,河北智企云服科技有限公司,河北省·保定市·竞秀区,本科,,视力残疾1-4级;听力残疾1-4级;言语残疾1-4级;肢体残疾1-4级;智力残疾1-4级;精神残疾1-4级;多重残疾1-4级;,是,见原平台,中国残联就业服务平台（动态接口）,https://www.cdpee.org.cn/,2026年04月21日
江西省,萍乡市,洗碗工（可接受残疾人）,萍乡润兰国际大酒店有限公司,江西省·萍乡市·安源区,学历不限,,视力残疾1-4级;听力残疾1-4级;言语残疾1-4级;肢体残疾1-4级;智力残疾1-4级;精神残疾1-4级;多重残疾1-4级;,是,见原平台,中国残联就业服务平台（动态接口）,https://www.cdpee.org.cn/,2026年04月27日
江苏省,宿迁市,食品加工处理,宿迁市宿城区陆小青猪肉批发经营部,江苏省·宿迁市·湖滨新区,小学,100,"视力残疾3,4级;听力残疾3,4级;肢体残疾3,4级;智力残疾4级;多重残疾3,4级;",是,见原平台,中国残联就业服务平台（动态接口）,https://www.cdpee.org.cn/,2026年09月17日
湖南省,株洲市,垃圾清运工,湖南仁仁洁国际清洁科技集团股份有限公司荷塘分公司,湖南省·株洲市·荷塘区,学历不限,1,言语残疾1级;智力残疾1级;,是,见原平台,中国残联就业服务平台（动态接口）,https://www.cdpee.org.cn/,2026年09月17日
江苏省,徐州市,江苏徐州组件工+早八晚六+包吃+五险+坐班,陕西致广人力资源有限公司,江苏省·徐州市·邳州市,学历不限,20,"视力残疾1-4级;听力残疾1-4级;言语残疾1-4级;肢体残疾1-4级;智力残疾3,4级;多重残疾1-4级;",是,见原平台,中国残联就业服务平台（动态接口）,https://www.cdpee.org.cn/,2026年09月17日
广东省,江门市,生产工,江门市霞光照明电器有限公司,广东省·江门市·蓬江区,学历不限,1,听力残疾2-4级;言语残疾2-4级;肢体残疾4级;智力残疾4级;多重残疾4级;,是,见原平台,中国残联就业服务平台（动态接口）,https://www.cdpee.org.cn/,2026年09月17日
辽宁省,沈阳市,无责4000销售顾问+提成 不加班,沈阳河马纸箱包装有限公司,辽宁省·沈阳市·和平区,学历不限,,视力残疾1-4级;听力残疾1-4级;言语残疾1-4级;肢体残疾1-4级;智力残疾1-4级;精神残疾1-4级;多重残疾1-4级;,是,见原平台,中国残联就业服务平台（动态接口）,https://www.cdpee.org.cn/,2026年04月09日
上海市,上海市,行政助理（上海闵行区）,北京易才人力资源顾问有限公司,上海市·上海市·闵行区,大专,1,视力残疾1-3级;听力残疾1-3级;言语残疾1-3级;肢体残疾1-3级;智力残疾1-3级;精神残疾1-3级;多重残疾1-3级;,是,见原平台,中国残联就业服务平台（动态接口）,https://www.cdpee.org.cn/,2026年08月17日
江苏省,南京市,HR招聘,北京易才人力资源顾问有限公司,江苏省·南京市·建邺区,大专,1,视力残疾1-3级;听力残疾1-3级;言语残疾1-3级;肢体残疾1-3级;智力残疾1-3级;精神残疾1-3级;多重残疾1-3级;,是,见原平台,中国残联就业服务平台（动态接口）,https://www.cdpee.org.cn/,2026年05月22日
四川省,成都市,成都急招（残疾人福利岗）五险一金，长白8小时，高薪技术岗,广州海仑企业服务有限公司,四川省·成都市·锦江区,学历不限,3,视力残疾1-4级;听力残疾1-4级;言语残疾1-4级;肢体残疾1-4级;智力残疾1-4级;精神残疾1-4级;多重残疾1-4级;,是,见原平台,中国残联就业服务平台（动态接口）,https://www.cdpee.org.cn/,2026年09月17日
天津市,天津市,天津档案处理员，双休，8小时，缴纳五险一金,广州海仑企业服务有限公司,天津市·天津市·河东区,学历不限,2,视力残疾1-4级;听力残疾1-4级;言语残疾1-4级;肢体残疾1-4级;智力残疾1-4级;精神残疾1-4级;多重残疾1-4级;,是,见原平台,中国残联就业服务平台（动态接口）,https://www.cdpee.org.cn/,2026年09月17日
云南省,昭通市,艾草加工，种植,云南鑫会盟艾绒制品生产有限公司,云南省·昭通市·巧家县,学历不限,100,视力残疾4级;听力残疾4级;言语残疾4级;肢体残疾4级;智力残疾4级;精神残疾4级;,是,见原平台,中国残联就业服务平台（动态接口）,https://www.cdpee.org.cn/,2026年09月17日
河北省,保定市,Java后端开发,河北智企云服科技有限公司,河北省·保定市·竞秀区,本科,,视力残疾1-4级;听力残疾1-4级;言语残疾1-4级;肢体残疾1-4级;智力残疾1-4级;精神残疾1-4级;多重残疾1-4级;,是,见原平台,中国残联就业服务平台（动态接口）,https://www.cdpee.org.cn/,2026年04月21日
江西省,萍乡市,洗碗工（可接受残疾人）,萍乡润兰国际大酒店有限公司,江西省·萍乡市·安源区,学历不限,,视力残疾1-4级;听力残疾1-4级;言语残疾1-4级;肢体残疾1-4级;智力残疾1-4级;精神残疾1-4级;多重残疾1-4级;,是,见原平台,中国残联就业服务平台（动态接口）,https://www.cdpee.org.cn/,2026年04月27日
江苏省,宿迁市,食品加工处理,宿迁市宿城区陆小青猪肉批发经营部,江苏省·宿迁市·湖滨新区,小学,100,"视力残疾3,4级;听力残疾3,4级;肢体残疾3,4级;智力残疾4级;多重残疾3,4级;",是,见原平台,中国残联就业服务平台（动态接口）,https://www.cdpee.org.cn/,2026年09月17日
湖南省,株洲市,垃圾清运工,湖南仁仁洁国际清洁科技集团股份有限公司荷塘分公司,湖南省·株洲市·荷塘区,学历不限,1,言语残疾1级;智力残疾1级;,是,见原平台,中国残联就业服务平台（动态接口）,https://www.cdpee.org.cn/,2026年09月17日
江苏省,徐州市,江苏徐州组件工+早八晚六+包吃+五险+坐班,陕西致广人力资源有限公司,江苏省·徐州市·邳州市,学历不限,20,"视力残疾1-4级;听力残疾1-4级;言语残疾1-4级;肢体残疾1-4级;智力残疾3,4级;多重残疾1-4级;",是,见原平台,中国残联就业服务平台（动态接口）,https://www.cdpee.org.cn/,2026年09月17日
广东省,江门市,生产工,江门市霞光照明电器有限公司,广东省·江门市·蓬江区,学历不限,1,听力残疾2-4级;言语残疾2-4级;肢体残疾4级;智力残疾4级;多重残疾4级;,是,见原平台,中国残联就业服务平台（动态接口）,https://www.cdpee.org.cn/,2026年09月17日
辽宁省,沈阳市,无责4000销售顾问+提成 不加班,沈阳河马纸箱包装有限公司,辽宁省·沈阳市·和平区,学历不限,,视力残疾1-4级;听力残疾1-4级;言语残疾1-4级;肢体残疾1-4级;智力残疾1-4级;精神残疾1-4级;多重残疾1-4级;,是,见原平台,中国残联就业服务平台（动态接口）,https://www.cdpee.org.cn/,2026年04月09日
上海市,上海市,行政助理（上海闵行区）,北京易才人力资源顾问有限公司,上海市·上海市·闵行区,大专,1,视力残疾1-3级;听力残疾1-3级;言语残疾1-3级;肢体残疾1-3级;智力残疾1-3级;精神残疾1-3级;多重残疾1-3级;,是,见原平台,中国残联就业服务平台（动态接口）,https://www.cdpee.org.cn/,2026年08月17日
江苏省,南京市,HR招聘,北京易才人力资源顾问有限公司,江苏省·南京市·建邺区,大专,1,视力残疾1-3级;听力残疾1-3级;言语残疾1-3级;肢体残疾1-3级;智力残疾1-3级;精神残疾1-3级;多重残疾1-3级;,是,见原平台,中国残联就业服务平台（动态接口）,https://www.cdpee.org.cn/,2026年05月22日
四川省,成都市,成都急招（残疾人福利岗）五险一金，长白8小时，高薪技术岗,广州海仑企业服务有限公司,四川省·成都市·锦江区,学历不限,3,视力残疾1-4级;听力残疾1-4级;言语残疾1-4级;肢体残疾1-4级;智力残疾1-4级;精神残疾1-4级;多重残疾1-4级;,是,见原平台,中国残联就业服务平台（动态接口）,https://www.cdpee.org.cn/,2026年09月17日
天津市,天津市,天津档案处理员，双休，8小时，缴纳五险一金,广州海仑企业服务有限公司,天津市·天津市·河东区,学历不限,2,视力残疾1-4级;听力残疾1-4级;言语残疾1-4级;肢体残疾1-4级;智力残疾1-4级;精神残疾1-4级;多重残疾1-4级;,是,见原平台,中国残联就业服务平台（动态接口）,https://www.cdpee.org.cn/,2026年09月17日
云南省,昭通市,艾草加工，种植,云南鑫会盟艾绒制品生产有限公司,云南省·昭通市·巧家县,学历不限,100,视力残疾4级;听力残疾4级;言语残疾4级;肢体残疾4级;智力残疾4级;精神残疾4级;,是,见原平台,中国残联就业服务平台（动态接口）,https://www.cdpee.org.cn/,2026年09月17日
河北省,保定市,Java后端开发,河北智企云服科技有限公司,河北省·保定市·竞秀区,本科,,视力残疾1-4级;听力残疾1-4级;言语残疾1-4级;肢体残疾1-4级;智力残疾1-4级;精神残疾1-4级;多重残疾1-4级;,是,见原平台,中国残联就业服务平台（动态接口）,https://www.cdpee.org.cn/,2026年04月21日
江西省,萍乡市,洗碗工（可接受残疾人）,萍乡润兰国际大酒店有限公司,江西省·萍乡市·安源区,学历不限,,视力残疾1-4级;听力残疾1-4级;言语残疾1-4级;肢体残疾1-4级;智力残疾1-4级;精神残疾1-4级;多重残疾1-4级;,是,见原平台,中国残联就业服务平台（动态接口）,https://www.cdpee.org.cn/,2026年04月27日
江苏省,宿迁市,食品加工处理,宿迁市宿城区陆小青猪肉批发经营部,江苏省·宿迁市·湖滨新区,小学,100,"视力残疾3,4级;听力残疾3,4级;肢体残疾3,4级;智力残疾4级;多重残疾3,4级;",是,见原平台,中国残联就业服务平台（动态接口）,https://www.cdpee.org.cn/,2026年09月17日
湖南省,株洲市,垃圾清运工,湖南仁仁洁国际清洁科技集团股份有限公司荷塘分公司,湖南省·株洲市·荷塘区,学历不限,1,言语残疾1级;智力残疾1级;,是,见原平台,中国残联就业服务平台（动态接口）,https://www.cdpee.org.cn/,2026年09月17日
江苏省,徐州市,江苏徐州组件工+早八晚六+包吃+五险+坐班,陕西致广人力资源有限公司,江苏省·徐州市·邳州市,学历不限,20,"视力残疾1-4级;听力残疾1-4级;言语残疾1-4级;肢体残疾1-4级;智力残疾3,4级;多重残疾1-4级;",是,见原平台,中国残联就业服务平台（动态接口）,https://www.cdpee.org.cn/,2026年09月17日
广东省,江门市,生产工,江门市霞光照明电器有限公司,广东省·江门市·蓬江区,学历不限,1,听力残疾2-4级;言语残疾2-4级;肢体残疾4级;智力残疾4级;多重残疾4级;,是,见原平台,中国残联就业服务平台（动态接口）,https://www.cdpee.org.cn/,2026年09月17日
辽宁省,沈阳市,无责4000销售顾问+提成 不加班,沈阳河马纸箱包装有限公司,辽宁省·沈阳市·和平区,学历不限,,视力残疾1-4级;听力残疾1-4级;言语残疾1-4级;肢体残疾1-4级;智力残疾1-4级;精神残疾1-4级;多重残疾1-4级;,是,见原平台,中国残联就业服务平台（动态接口）,https://www.cdpee.org.cn/,2026年04月09日
上海市,上海市,行政助理（上海闵行区）,北京易才人力资源顾问有限公司,上海市·上海市·闵行区,大专,1,视力残疾1-3级;听力残疾1-3级;言语残疾1-3级;肢体残疾1-3级;智力残疾1-3级;精神残疾1-3级;多重残疾1-3级;,是,见原平台,中国残联就业服务平台（动态接口）,https://www.cdpee.org.cn/,2026年08月17日
江苏省,南京市,HR招聘,北京易才人力资源顾问有限公司,江苏省·南京市·建邺区,大专,1,视力残疾1-3级;听力残疾1-3级;言语残疾1-3级;肢体残疾1-3级;智力残疾1-3级;精神残疾1-3级;多重残疾1-3级;,是,见原平台,中国残联就业服务平台（动态接口）,https://www.cdpee.org.cn/,2026年05月22日
四川省,成都市,成都急招（残疾人福利岗）五险一金，长白8小时，高薪技术岗,广州海仑企业服务有限公司,四川省·成都市·锦江区,学历不限,3,视力残疾1-4级;听力残疾1-4级;言语残疾1-4级;肢体残疾1-4级;智力残疾1-4级;精神残疾1-4级;多重残疾1-4级;,是,见原平台,中国残联就业服务平台（动态接口）,https://www.cdpee.org.cn/,2026年09月17日
天津市,天津市,天津档案处理员，双休，8小时，缴纳五险一金,广州海仑企业服务有限公司,天津市·天津市·河东区,学历不限,2,视力残疾1-4级;听力残疾1-4级;言语残疾1-4级;肢体残疾1-4级;智力残疾1-4级;精神残疾1-4级;多重残疾1-4级;,是,见原平台,中国残联就业服务平台（动态接口）,https://www.cdpee.org.cn/,2026年09月17日
云南省,昭通市,艾草加工，种植,云南鑫会盟艾绒制品生产有限公司,云南省·昭通市·巧家县,学历不限,100,视力残疾4级;听力残疾4级;言语残疾4级;肢体残疾4级;智力残疾4级;精神残疾4级;,是,见原平台,中国残联就业服务平台（动态接口）,https://www.cdpee.org.cn/,2026年09月17日
河北省,保定市,Java后端开发,河北智企云服科技有限公司,河北省·保定市·竞秀区,本科,,视力残疾1-4级;听力残疾1-4级;言语残疾1-4级;肢体残疾1-4级;智力残疾1-4级;精神残疾1-4级;多重残疾1-4级;,是,见原平台,中国残联就业服务平台（动态接口）,https://www.cdpee.org.cn/,2026年04月21日
江西省,萍乡市,洗碗工（可接受残疾人）,萍乡润兰国际大酒店有限公司,江西省·萍乡市·安源区,学历不限,,视力残疾1-4级;听力残疾1-4级;言语残疾1-4级;肢体残疾1-4级;智力残疾1-4级;精神残疾1-4级;多重残疾1-4级;,是,见原平台,中国残联就业服务平台（动态接口）,https://www.cdpee.org.cn/,2026年04月27日
江苏省,宿迁市,食品加工处理,宿迁市宿城区陆小青猪肉批发经营部,江苏省·宿迁市·湖滨新区,小学,100,"视力残疾3,4级;听力残疾3,4级;肢体残疾3,4级;智力残疾4级;多重残疾3,4级;",是,见原平台,中国残联就业服务平台（动态接口）,https://www.cdpee.org.cn/,2026年09月17日
湖南省,株洲市,垃圾清运工,湖南仁仁洁国际清洁科技集团股份有限公司荷塘分公司,湖南省·株洲市·荷塘区,学历不限,1,言语残疾1级;智力残疾1级;,是,见原平台,中国残联就业服务平台（动态接口）,https://www.cdpee.org.cn/,2026年09月17日
江苏省,徐州市,江苏徐州组件工+早八晚六+包吃+五险+坐班,陕西致广人力资源有限公司,江苏省·徐州市·邳州市,学历不限,20,"视力残疾1-4级;听力残疾1-4级;言语残疾1-4级;肢体残疾1-4级;智力残疾3,4级;多重残疾1-4级;",是,见原平台,中国残联就业服务平台（动态接口）,https://www.cdpee.org.cn/,2026年09月17日
广东省,江门市,生产工,江门市霞光照明电器有限公司,广东省·江门市·蓬江区,学历不限,1,听力残疾2-4级;言语残疾2-4级;肢体残疾4级;智力残疾4级;多重残疾4级;,是,见原平台,中国残联就业服务平台（动态接口）,https://www.cdpee.org.cn/,2026年09月17日
辽宁省,沈阳市,无责4000销售顾问+提成 不加班,沈阳河马纸箱包装有限公司,辽宁省·沈阳市·和平区,学历不限,,视力残疾1-4级;听力残疾1-4级;言语残疾1-4级;肢体残疾1-4级;智力残疾1-4级;精神残疾1-4级;多重残疾1-4级;,是,见原平台,中国残联就业服务平台（动态接口）,https://www.cdpee.org.cn/,2026年04月09日
上海市,上海市,行政助理（上海闵行区）,北京易才人力资源顾问有限公司,上海市·上海市·闵行区,大专,1,视力残疾1-3级;听力残疾1-3级;言语残疾1-3级;肢体残疾1-3级;智力残疾1-3级;精神残疾1-3级;多重残疾1-3级;,是,见原平台,中国残联就业服务平台（动态接口）,https://www.cdpee.org.cn/,2026年08月17日
江苏省,南京市,HR招聘,北京易才人力资源顾问有限公司,江苏省·南京市·建邺区,大专,1,视力残疾1-3级;听力残疾1-3级;言语残疾1-3级;肢体残疾1-3级;智力残疾1-3级;精神残疾1-3级;多重残疾1-3级;,是,见原平台,中国残联就业服务平台（动态接口）,https://www.cdpee.org.cn/,2026年05月22日
四川省,成都市,成都急招（残疾人福利岗）五险一金，长白8小时，高薪技术岗,广州海仑企业服务有限公司,四川省·成都市·锦江区,学历不限,3,视力残疾1-4级;听力残疾1-4级;言语残疾1-4级;肢体残疾1-4级;智力残疾1-4级;精神残疾1-4级;多重残疾1-4级;,是,见原平台,中国残联就业服务平台（动态接口）,https://www.cdpee.org.cn/,2026年09月17日
天津市,天津市,天津档案处理员，双休，8小时，缴纳五险一金,广州海仑企业服务有限公司,天津市·天津市·河东区,学历不限,2,视力残疾1-4级;听力残疾1-4级;言语残疾1-4级;肢体残疾1-4级;智力残疾1-4级;精神残疾1-4级;多重残疾1-4级;,是,见原平台,中国残联就业服务平台（动态接口）,https://www.cdpee.org.cn/,2026年09月17日
云南省,昭通市,艾草加工，种植,云南鑫会盟艾绒制品生产有限公司,云南省·昭通市·巧家县,学历不限,100,视力残疾4级;听力残疾4级;言语残疾4级;肢体残疾4级;智力残疾4级;精神残疾4级;,是,见原平台,中国残联就业服务平台（动态接口）,https://www.cdpee.org.cn/,2026年09月17日
河北省,保定市,Java后端开发,河北智企云服科技有限公司,河北省·保定市·竞秀区,本科,,视力残疾1-4级;听力残疾1-4级;言语残疾1-4级;肢体残疾1-4级;智力残疾1-4级;精神残疾1-4级;多重残疾1-4级;,是,见原平台,中国残联就业服务平台（动态接口）,https://www.cdpee.org.cn/,2026年04月21日
江西省,萍乡市,洗碗工（可接受残疾人）,萍乡润兰国际大酒店有限公司,江西省·萍乡市·安源区,学历不限,,视力残疾1-4级;听力残疾1-4级;言语残疾1-4级;肢体残疾1-4级;智力残疾1-4级;精神残疾1-4级;多重残疾1-4级;,是,见原平台,中国残联就业服务平台（动态接口）,https://www.cdpee.org.cn/,2026年04月27日
江苏省,宿迁市,食品加工处理,宿迁市宿城区陆小青猪肉批发经营部,江苏省·宿迁市·湖滨新区,小学,100,"视力残疾3,4级;听力残疾3,4级;肢体残疾3,4级;智力残疾4级;多重残疾3,4级;",是,见原平台,中国残联就业服务平台（动态接口）,https://www.cdpee.org.cn/,2026年09月17日
湖南省,株洲市,垃圾清运工,湖南仁仁洁国际清洁科技集团股份有限公司荷塘分公司,湖南省·株洲市·荷塘区,学历不限,1,言语残疾1级;智力残疾1级;,是,见原平台,中国残联就业服务平台（动态接口）,https://www.cdpee.org.cn/,2026年09月17日
江苏省,徐州市,江苏徐州组件工+早八晚六+包吃+五险+坐班,陕西致广人力资源有限公司,江苏省·徐州市·邳州市,学历不限,20,"视力残疾1-4级;听力残疾1-4级;言语残疾1-4级;肢体残疾1-4级;智力残疾3,4级;多重残疾1-4级;",是,见原平台,中国残联就业服务平台（动态接口）,https://www.cdpee.org.cn/,2026年09月17日
广东省,江门市,生产工,江门市霞光照明电器有限公司,广东省·江门市·蓬江区,学历不限,1,听力残疾2-4级;言语残疾2-4级;肢体残疾4级;智力残疾4级;多重残疾4级;,是,见原平台,中国残联就业服务平台（动态接口）,https://www.cdpee.org.cn/,2026年09月17日
辽宁省,沈阳市,无责4000销售顾问+提成 不加班,沈阳河马纸箱包装有限公司,辽宁省·沈阳市·和平区,学历不限,,视力残疾1-4级;听力残疾1-4级;言语残疾1-4级;肢体残疾1-4级;智力残疾1-4级;精神残疾1-4级;多重残疾1-4级;,是,见原平台,中国残联就业服务平台（动态接口）,https://www.cdpee.org.cn/,2026年04月09日
上海市,上海市,行政助理（上海闵行区）,北京易才人力资源顾问有限公司,上海市·上海市·闵行区,大专,1,视力残疾1-3级;听力残疾1-3级;言语残疾1-3级;肢体残疾1-3级;智力残疾1-3级;精神残疾1-3级;多重残疾1-3级;,是,见原平台,中国残联就业服务平台（动态接口）,https://www.cdpee.org.cn/,2026年08月17日
江苏省,南京市,HR招聘,北京易才人力资源顾问有限公司,江苏省·南京市·建邺区,大专,1,视力残疾1-3级;听力残疾1-3级;言语残疾1-3级;肢体残疾1-3级;智力残疾1-3级;精神残疾1-3级;多重残疾1-3级;,是,见原平台,中国残联就业服务平台（动态接口）,https://www.cdpee.org.cn/,2026年05月22日
四川省,成都市,成都急招（残疾人福利岗）五险一金，长白8小时，高薪技术岗,广州海仑企业服务有限公司,四川省·成都市·锦江区,学历不限,3,视力残疾1-4级;听力残疾1-4级;言语残疾1-4级;肢体残疾1-4级;智力残疾1-4级;精神残疾1-4级;多重残疾1-4级;,是,见原平台,中国残联就业服务平台（动态接口）,https://www.cdpee.org.cn/,2026年09月17日
天津市,天津市,天津档案处理员，双休，8小时，缴纳五险一金,广州海仑企业服务有限公司,天津市·天津市·河东区,学历不限,2,视力残疾1-4级;听力残疾1-4级;言语残疾1-4级;肢体残疾1-4级;智力残疾1-4级;精神残疾1-4级;多重残疾1-4级;,是,见原平台,中国残联就业服务平台（动态接口）,https://www.cdpee.org.cn/,2026年09月17日
云南省,昭通市,艾草加工，种植,云南鑫会盟艾绒制品生产有限公司,云南省·昭通市·巧家县,学历不限,100,视力残疾4级;听力残疾4级;言语残疾4级;肢体残疾4级;智力残疾4级;精神残疾4级;,是,见原平台,中国残联就业服务平台（动态接口）,https://www.cdpee.org.cn/,2026年09月17日
河北省,保定市,Java后端开发,河北智企云服科技有限公司,河北省·保定市·竞秀区,本科,,视力残疾1-4级;听力残疾1-4级;言语残疾1-4级;肢体残疾1-4级;智力残疾1-4级;精神残疾1-4级;多重残疾1-4级;,是,见原平台,中国残联就业服务平台（动态接口）,https://www.cdpee.org.cn/,2026年04月21日
江西省,萍乡市,洗碗工（可接受残疾人）,萍乡润兰国际大酒店有限公司,江西省·萍乡市·安源区,学历不限,,视力残疾1-4级;听力残疾1-4级;言语残疾1-4级;肢体残疾1-4级;智力残疾1-4级;精神残疾1-4级;多重残疾1-4级;,是,见原平台,中国残联就业服务平台（动态接口）,https://www.cdpee.org.cn/,2026年04月27日
江苏省,宿迁市,食品加工处理,宿迁市宿城区陆小青猪肉批发经营部,江苏省·宿迁市·湖滨新区,小学,100,"视力残疾3,4级;听力残疾3,4级;肢体残疾3,4级;智力残疾4级;多重残疾3,4级;",是,见原平台,中国残联就业服务平台（动态接口）,https://www.cdpee.org.cn/,2026年09月17日
湖南省,株洲市,垃圾清运工,湖南仁仁洁国际清洁科技集团股份有限公司荷塘分公司,湖南省·株洲市·荷塘区,学历不限,1,言语残疾1级;智力残疾1级;,是,见原平台,中国残联就业服务平台（动态接口）,https://www.cdpee.org.cn/,2026年09月17日
江苏省,徐州市,江苏徐州组件工+早八晚六+包吃+五险+坐班,陕西致广人力资源有限公司,江苏省·徐州市·邳州市,学历不限,20,"视力残疾1-4级;听力残疾1-4级;言语残疾1-4级;肢体残疾1-4级;智力残疾3,4级;多重残疾1-4级;",是,见原平台,中国残联就业服务平台（动态接口）,https://www.cdpee.org.cn/,2026年09月17日
广东省,江门市,生产工,江门市霞光照明电器有限公司,广东省·江门市·蓬江区,学历不限,1,听力残疾2-4级;言语残疾2-4级;肢体残疾4级;智力残疾4级;多重残疾4级;,是,见原平台,中国残联就业服务平台（动态接口）,https://www.cdpee.org.cn/,2026年09月17日
辽宁省,沈阳市,无责4000销售顾问+提成 不加班,沈阳河马纸箱包装有限公司,辽宁省·沈阳市·和平区,学历不限,,视力残疾1-4级;听力残疾1-4级;言语残疾1-4级;肢体残疾1-4级;智力残疾1-4级;精神残疾1-4级;多重残疾1-4级;,是,见原平台,中国残联就业服务平台（动态接口）,https://www.cdpee.org.cn/,2026年04月09日
上海市,上海市,行政助理（上海闵行区）,北京易才人力资源顾问有限公司,上海市·上海市·闵行区,大专,1,视力残疾1-3级;听力残疾1-3级;言语残疾1-3级;肢体残疾1-3级;智力残疾1-3级;精神残疾1-3级;多重残疾1-3级;,是,见原平台,中国残联就业服务平台（动态接口）,https://www.cdpee.org.cn/,2026年08月17日
江苏省,南京市,HR招聘,北京易才人力资源顾问有限公司,江苏省·南京市·建邺区,大专,1,视力残疾1-3级;听力残疾1-3级;言语残疾1-3级;肢体残疾1-3级;智力残疾1-3级;精神残疾1-3级;多重残疾1-3级;,是,见原平台,中国残联就业服务平台（动态接口）,https://www.cdpee.org.cn/,2026年05月22日
四川省,成都市,成都急招（残疾人福利岗）五险一金，长白8小时，高薪技术岗,广州海仑企业服务有限公司,四川省·成都市·锦江区,学历不限,3,视力残疾1-4级;听力残疾1-4级;言语残疾1-4级;肢体残疾1-4级;智力残疾1-4级;精神残疾1-4级;多重残疾1-4级;,是,见原平台,中国残联就业服务平台（动态接口）,https://www.cdpee.org.cn/,2026年09月17日
天津市,天津市,天津档案处理员，双休，8小时，缴纳五险一金,广州海仑企业服务有限公司,天津市·天津市·河东区,学历不限,2,视力残疾1-4级;听力残疾1-4级;言语残疾1-4级;肢体残疾1-4级;智力残疾1-4级;精神残疾1-4级;多重残疾1-4级;,是,见原平台,中国残联就业服务平台（动态接口）,https://www.cdpee.org.cn/,2026年09月17日
云南省,昭通市,艾草加工，种植,云南鑫会盟艾绒制品生产有限公司,云南省·昭通市·巧家县,学历不限,100,视力残疾4级;听力残疾4级;言语残疾4级;肢体残疾4级;智力残疾4级;精神残疾4级;,是,见原平台,中国残联就业服务平台（动态接口）,https://www.cdpee.org.cn/,2026年09月17日
河北省,保定市,Java后端开发,河北智企云服科技有限公司,河北省·保定市·竞秀区,本科,,视力残疾1-4级;听力残疾1-4级;言语残疾1-4级;肢体残疾1-4级;智力残疾1-4级;精神残疾1-4级;多重残疾1-4级;,是,见原平台,中国残联就业服务平台（动态接口）,https://www.cdpee.org.cn/,2026年04月21日
江西省,萍乡市,洗碗工（可接受残疾人）,萍乡润兰国际大酒店有限公司,江西省·萍乡市·安源区,学历不限,,视力残疾1-4级;听力残疾1-4级;言语残疾1-4级;肢体残疾1-4级;智力残疾1-4级;精神残疾1-4级;多重残疾1-4级;,是,见原平台,中国残联就业服务平台（动态接口）,https://www.cdpee.org.cn/,2026年04月27日
江苏省,宿迁市,食品加工处理,宿迁市宿城区陆小青猪肉批发经营部,江苏省·宿迁市·湖滨新区,小学,100,"视力残疾3,4级;听力残疾3,4级;肢体残疾3,4级;智力残疾4级;多重残疾3,4级;",是,见原平台,中国残联就业服务平台（动态接口）,https://www.cdpee.org.cn/,2026年09月17日
湖北省,十堰市,教培副校长,十堰市维桢科技服务有限责任公司,湖北省·十堰市·茅箭区,本科,,视力残疾1-4级;听力残疾1-4级;言语残疾1-4级;肢体残疾1-4级;智力残疾1-4级;精神残疾1-4级;多重残疾1-4级;,是,见原平台,中国残联就业服务平台（动态接口）,https://www.cdpee.org.cn/,2026年03月09日
湖南省,株洲市,垃圾清运工,湖南仁仁洁国际清洁科技集团股份有限公司荷塘分公司,湖南省·株洲市·荷塘区,学历不限,1,言语残疾1级;智力残疾1级;,是,见原平台,中国残联就业服务平台（动态接口）,https://www.cdpee.org.cn/,2026年09月17日
江苏省,徐州市,江苏徐州组件工+早八晚六+包吃+五险+坐班,陕西致广人力资源有限公司,江苏省·徐州市·邳州市,学历不限,20,"视力残疾1-4级;听力残疾1-4级;言语残疾1-4级;肢体残疾1-4级;智力残疾3,4级;多重残疾1-4级;",是,见原平台,中国残联就业服务平台（动态接口）,https://www.cdpee.org.cn/,2026年09月17日
广东省,江门市,生产工,江门市霞光照明电器有限公司,广东省·江门市·蓬江区,学历不限,1,听力残疾2-4级;言语残疾2-4级;肢体残疾4级;智力残疾4级;多重残疾4级;,是,见原平台,中国残联就业服务平台（动态接口）,https://www.cdpee.org.cn/,2026年09月17日
北京市,北京市,销售经理,易智健（北京）网络科技有限公司,北京市·北京市,大专,,视力残疾1-4级;听力残疾1-4级;言语残疾1-4级;肢体残疾1-4级;智力残疾1-4级;精神残疾1-4级;多重残疾1-4级;,是,见原平台,中国残联就业服务平台（动态接口）,https://www.cdpee.org.cn/,2026年03月12日
上海市,上海市,行政助理（上海闵行区）,北京易才人力资源顾问有限公司,上海市·上海市·闵行区,大专,1,视力残疾1-3级;听力残疾1-3级;言语残疾1-3级;肢体残疾1-3级;智力残疾1-3级;精神残疾1-3级;多重残疾1-3级;,是,见原平台,中国残联就业服务平台（动态接口）,https://www.cdpee.org.cn/,2026年08月17日
江苏省,南京市,HR招聘,北京易才人力资源顾问有限公司,江苏省·南京市·建邺区,大专,1,视力残疾1-3级;听力残疾1-3级;言语残疾1-3级;肢体残疾1-3级;智力残疾1-3级;精神残疾1-3级;多重残疾1-3级;,是,见原平台,中国残联就业服务平台（动态接口）,https://www.cdpee.org.cn/,2026年05月22日
四川省,成都市,成都急招（残疾人福利岗）五险一金，长白8小时，高薪技术岗,广州海仑企业服务有限公司,四川省·成都市·锦江区,学历不限,3,视力残疾1-4级;听力残疾1-4级;言语残疾1-4级;肢体残疾1-4级;智力残疾1-4级;精神残疾1-4级;多重残疾1-4级;,是,见原平台,中国残联就业服务平台（动态接口）,https://www.cdpee.org.cn/,2026年09月17日
天津市,天津市,天津档案处理员，双休，8小时，缴纳五险一金,广州海仑企业服务有限公司,天津市·天津市·河东区,学历不限,2,视力残疾1-4级;听力残疾1-4级;言语残疾1-4级;肢体残疾1-4级;智力残疾1-4级;精神残疾1-4级;多重残疾1-4级;,是,见原平台,中国残联就业服务平台（动态接口）,https://www.cdpee.org.cn/,2026年09月17日
云南省,昭通市,艾草加工，种植,云南鑫会盟艾绒制品生产有限公司,云南省·昭通市·巧家县,学历不限,100,视力残疾4级;听力残疾4级;言语残疾4级;肢体残疾4级;智力残疾4级;精神残疾4级;,是,见原平台,中国残联就业服务平台（动态接口）,https://www.cdpee.org.cn/,2026年09月17日
江苏省,宿迁市,食品加工处理,宿迁市宿城区陆小青猪肉批发经营部,江苏省·宿迁市·湖滨新区,小学,100,"视力残疾3,4级;听力残疾3,4级;肢体残疾3,4级;智力残疾4级;多重残疾3,4级;",是,见原平台,中国残联就业服务平台（动态接口）,https://www.cdpee.org.cn/,2026年09月17日
湖北省,十堰市,教培副校长,十堰市维桢科技服务有限责任公司,湖北省·十堰市·茅箭区,本科,,视力残疾1-4级;听力残疾1-4级;言语残疾1-4级;肢体残疾1-4级;智力残疾1-4级;精神残疾1-4级;多重残疾1-4级;,是,见原平台,中国残联就业服务平台（动态接口）,https://www.cdpee.org.cn/,2026年03月09日
湖南省,株洲市,垃圾清运工,湖南仁仁洁国际清洁科技集团股份有限公司荷塘分公司,湖南省·株洲市·荷塘区,学历不限,1,言语残疾1级;智力残疾1级;,是,见原平台,中国残联就业服务平台（动态接口）,https://www.cdpee.org.cn/,2026年09月17日
江苏省,徐州市,江苏徐州组件工+早八晚六+包吃+五险+坐班,陕西致广人力资源有限公司,江苏省·徐州市·邳州市,学历不限,20,"视力残疾1-4级;听力残疾1-4级;言语残疾1-4级;肢体残疾1-4级;智力残疾3,4级;多重残疾1-4级;",是,见原平台,中国残联就业服务平台（动态接口）,https://www.cdpee.org.cn/,2026年09月17日
广东省,江门市,生产工,江门市霞光照明电器有限公司,广东省·江门市·蓬江区,学历不限,1,听力残疾2-4级;言语残疾2-4级;肢体残疾4级;智力残疾4级;多重残疾4级;,是,见原平台,中国残联就业服务平台（动态接口）,https://www.cdpee.org.cn/,2026年09月17日
北京市,北京市,销售经理,易智健（北京）网络科技有限公司,北京市·北京市,大专,,视力残疾1-4级;听力残疾1-4级;言语残疾1-4级;肢体残疾1-4级;智力残疾1-4级;精神残疾1-4级;多重残疾1-4级;,是,见原平台,中国残联就业服务平台（动态接口）,https://www.cdpee.org.cn/,2026年03月12日
上海市,上海市,行政助理（上海闵行区）,北京易才人力资源顾问有限公司,上海市·上海市·闵行区,大专,1,视力残疾1-3级;听力残疾1-3级;言语残疾1-3级;肢体残疾1-3级;智力残疾1-3级;精神残疾1-3级;多重残疾1-3级;,是,见原平台,中国残联就业服务平台（动态接口）,https://www.cdpee.org.cn/,2026年08月17日
江苏省,南京市,HR招聘,北京易才人力资源顾问有限公司,江苏省·南京市·建邺区,大专,1,视力残疾1-3级;听力残疾1-3级;言语残疾1-3级;肢体残疾1-3级;智力残疾1-3级;精神残疾1-3级;多重残疾1-3级;,是,见原平台,中国残联就业服务平台（动态接口）,https://www.cdpee.org.cn/,2026年05月22日
四川省,成都市,成都急招（残疾人福利岗）五险一金，长白8小时，高薪技术岗,广州海仑企业服务有限公司,四川省·成都市·锦江区,学历不限,3,视力残疾1-4级;听力残疾1-4级;言语残疾1-4级;肢体残疾1-4级;智力残疾1-4级;精神残疾1-4级;多重残疾1-4级;,是,见原平台,中国残联就业服务平台（动态接口）,https://www.cdpee.org.cn/,2026年09月17日
天津市,天津市,天津档案处理员，双休，8小时，缴纳五险一金,广州海仑企业服务有限公司,天津市·天津市·河东区,学历不限,2,视力残疾1-4级;听力残疾1-4级;言语残疾1-4级;肢体残疾1-4级;智力残疾1-4级;精神残疾1-4级;多重残疾1-4级;,是,见原平台,中国残联就业服务平台（动态接口）,https://www.cdpee.org.cn/,2026年09月17日
云南省,昭通市,艾草加工，种植,云南鑫会盟艾绒制品生产有限公司,云南省·昭通市·巧家县,学历不限,100,视力残疾4级;听力残疾4级;言语残疾4级;肢体残疾4级;智力残疾4级;精神残疾4级;,是,见原平台,中国残联就业服务平台（动态接口）,https://www.cdpee.org.cn/,2026年09月17日
江苏省,宿迁市,食品加工处理,宿迁市宿城区陆小青猪肉批发经营部,江苏省·宿迁市·湖滨新区,小学,100,"视力残疾3,4级;听力残疾3,4级;肢体残疾3,4级;智力残疾4级;多重残疾3,4级;",是,见原平台,中国残联就业服务平台（动态接口）,https://www.cdpee.org.cn/,2026年09月17日
湖北省,十堰市,教培副校长,十堰市维桢科技服务有限责任公司,湖北省·十堰市·茅箭区,本科,,视力残疾1-4级;听力残疾1-4级;言语残疾1-4级;肢体残疾1-4级;智力残疾1-4级;精神残疾1-4级;多重残疾1-4级;,是,见原平台,中国残联就业服务平台（动态接口）,https://www.cdpee.org.cn/,2026年03月09日
湖南省,株洲市,垃圾清运工,湖南仁仁洁国际清洁科技集团股份有限公司荷塘分公司,湖南省·株洲市·荷塘区,学历不限,1,言语残疾1级;智力残疾1级;,是,见原平台,中国残联就业服务平台（动态接口）,https://www.cdpee.org.cn/,2026年09月17日
江苏省,徐州市,江苏徐州组件工+早八晚六+包吃+五险+坐班,陕西致广人力资源有限公司,江苏省·徐州市·邳州市,学历不限,20,"视力残疾1-4级;听力残疾1-4级;言语残疾1-4级;肢体残疾1-4级;智力残疾3,4级;多重残疾1-4级;",是,见原平台,中国残联就业服务平台（动态接口）,https://www.cdpee.org.cn/,2026年09月17日
广东省,江门市,生产工,江门市霞光照明电器有限公司,广东省·江门市·蓬江区,学历不限,1,听力残疾2-4级;言语残疾2-4级;肢体残疾4级;智力残疾4级;多重残疾4级;,是,见原平台,中国残联就业服务平台（动态接口）,https://www.cdpee.org.cn/,2026年09月17日
北京市,北京市,销售经理,易智健（北京）网络科技有限公司,北京市·北京市,大专,,视力残疾1-4级;听力残疾1-4级;言语残疾1-4级;肢体残疾1-4级;智力残疾1-4级;精神残疾1-4级;多重残疾1-4级;,是,见原平台,中国残联就业服务平台（动态接口）,https://www.cdpee.org.cn/,2026年03月12日
上海市,上海市,行政助理（上海闵行区）,北京易才人力资源顾问有限公司,上海市·上海市·闵行区,大专,1,视力残疾1-3级;听力残疾1-3级;言语残疾1-3级;肢体残疾1-3级;智力残疾1-3级;精神残疾1-3级;多重残疾1-3级;,是,见原平台,中国残联就业服务平台（动态接口）,https://www.cdpee.org.cn/,2026年08月17日
江苏省,南京市,HR招聘,北京易才人力资源顾问有限公司,江苏省·南京市·建邺区,大专,1,视力残疾1-3级;听力残疾1-3级;言语残疾1-3级;肢体残疾1-3级;智力残疾1-3级;精神残疾1-3级;多重残疾1-3级;,是,见原平台,中国残联就业服务平台（动态接口）,https://www.cdpee.org.cn/,2026年05月22日
四川省,成都市,成都急招（残疾人福利岗）五险一金，长白8小时，高薪技术岗,广州海仑企业服务有限公司,四川省·成都市·锦江区,学历不限,3,视力残疾1-4级;听力残疾1-4级;言语残疾1-4级;肢体残疾1-4级;智力残疾1-4级;精神残疾1-4级;多重残疾1-4级;,是,见原平台,中国残联就业服务平台（动态接口）,https://www.cdpee.org.cn/,2026年09月17日
天津市,天津市,天津档案处理员，双休，8小时，缴纳五险一金,广州海仑企业服务有限公司,天津市·天津市·河东区,学历不限,2,视力残疾1-4级;听力残疾1-4级;言语残疾1-4级;肢体残疾1-4级;智力残疾1-4级;精神残疾1-4级;多重残疾1-4级;,是,见原平台,中国残联就业服务平台（动态接口）,https://www.cdpee.org.cn/,2026年09月17日
云南省,昭通市,艾草加工，种植,云南鑫会盟艾绒制品生产有限公司,云南省·昭通市·巧家县,学历不限,100,视力残疾4级;听力残疾4级;言语残疾4级;肢体残疾4级;智力残疾4级;精神残疾4级;,是,见原平台,中国残联就业服务平台（动态接口）,https://www.cdpee.org.cn/,2026年09月17日
江苏省,宿迁市,食品加工处理,宿迁市宿城区陆小青猪肉批发经营部,江苏省·宿迁市·湖滨新区,小学,100,"视力残疾3,4级;听力残疾3,4级;肢体残疾3,4级;智力残疾4级;多重残疾3,4级;",是,见原平台,中国残联就业服务平台（动态接口）,https://www.cdpee.org.cn/,2026年09月17日
湖北省,十堰市,教培副校长,十堰市维桢科技服务有限责任公司,湖北省·十堰市·茅箭区,本科,,视力残疾1-4级;听力残疾1-4级;言语残疾1-4级;肢体残疾1-4级;智力残疾1-4级;精神残疾1-4级;多重残疾1-4级;,是,见原平台,中国残联就业服务平台（动态接口）,https://www.cdpee.org.cn/,2026年03月09日
湖南省,株洲市,垃圾清运工,湖南仁仁洁国际清洁科技集团股份有限公司荷塘分公司,湖南省·株洲市·荷塘区,学历不限,1,言语残疾1级;智力残疾1级;,是,见原平台,中国残联就业服务平台（动态接口）,https://www.cdpee.org.cn/,2026年09月17日
江苏省,徐州市,江苏徐州组件工+早八晚六+包吃+五险+坐班,陕西致广人力资源有限公司,江苏省·徐州市·邳州市,学历不限,20,"视力残疾1-4级;听力残疾1-4级;言语残疾1-4级;肢体残疾1-4级;智力残疾3,4级;多重残疾1-4级;",是,见原平台,中国残联就业服务平台（动态接口）,https://www.cdpee.org.cn/,2026年09月17日
广东省,江门市,生产工,江门市霞光照明电器有限公司,广东省·江门市·蓬江区,学历不限,1,听力残疾2-4级;言语残疾2-4级;肢体残疾4级;智力残疾4级;多重残疾4级;,是,见原平台,中国残联就业服务平台（动态接口）,https://www.cdpee.org.cn/,2026年09月17日
北京市,北京市,销售经理,易智健（北京）网络科技有限公司,北京市·北京市,大专,,视力残疾1-4级;听力残疾1-4级;言语残疾1-4级;肢体残疾1-4级;智力残疾1-4级;精神残疾1-4级;多重残疾1-4级;,是,见原平台,中国残联就业服务平台（动态接口）,https://www.cdpee.org.cn/,2026年03月12日
上海市,上海市,行政助理（上海闵行区）,北京易才人力资源顾问有限公司,上海市·上海市·闵行区,大专,1,视力残疾1-3级;听力残疾1-3级;言语残疾1-3级;肢体残疾1-3级;智力残疾1-3级;精神残疾1-3级;多重残疾1-3级;,是,见原平台,中国残联就业服务平台（动态接口）,https://www.cdpee.org.cn/,2026年08月17日
江苏省,南京市,HR招聘,北京易才人力资源顾问有限公司,江苏省·南京市·建邺区,大专,1,视力残疾1-3级;听力残疾1-3级;言语残疾1-3级;肢体残疾1-3级;智力残疾1-3级;精神残疾1-3级;多重残疾1-3级;,是,见原平台,中国残联就业服务平台（动态接口）,https://www.cdpee.org.cn/,2026年05月22日
四川省,成都市,成都急招（残疾人福利岗）五险一金，长白8小时，高薪技术岗,广州海仑企业服务有限公司,四川省·成都市·锦江区,学历不限,3,视力残疾1-4级;听力残疾1-4级;言语残疾1-4级;肢体残疾1-4级;智力残疾1-4级;精神残疾1-4级;多重残疾1-4级;,是,见原平台,中国残联就业服务平台（动态接口）,https://www.cdpee.org.cn/,2026年09月17日
天津市,天津市,天津档案处理员，双休，8小时，缴纳五险一金,广州海仑企业服务有限公司,天津市·天津市·河东区,学历不限,2,视力残疾1-4级;听力残疾1-4级;言语残疾1-4级;肢体残疾1-4级;智力残疾1-4级;精神残疾1-4级;多重残疾1-4级;,是,见原平台,中国残联就业服务平台（动态接口）,https://www.cdpee.org.cn/,2026年09月17日
云南省,昭通市,艾草加工，种植,云南鑫会盟艾绒制品生产有限公司,云南省·昭通市·巧家县,学历不限,100,视力残疾4级;听力残疾4级;言语残疾4级;肢体残疾4级;智力残疾4级;精神残疾4级;,是,见原平台,中国残联就业服务平台（动态接口）,https://www.cdpee.org.cn/,2026年09月17日
江苏省,宿迁市,食品加工处理,宿迁市宿城区陆小青猪肉批发经营部,江苏省·宿迁市·湖滨新区,小学,100,"视力残疾3,4级;听力残疾3,4级;肢体残疾3,4级;智力残疾4级;多重残疾3,4级;",是,见原平台,中国残联就业服务平台（动态接口）,https://www.cdpee.org.cn/,2026年09月17日
湖北省,十堰市,教培副校长,十堰市维桢科技服务有限责任公司,湖北省·十堰市·茅箭区,本科,,视力残疾1-4级;听力残疾1-4级;言语残疾1-4级;肢体残疾1-4级;智力残疾1-4级;精神残疾1-4级;多重残疾1-4级;,是,见原平台,中国残联就业服务平台（动态接口）,https://www.cdpee.org.cn/,2026年03月09日
湖南省,株洲市,垃圾清运工,湖南仁仁洁国际清洁科技集团股份有限公司荷塘分公司,湖南省·株洲市·荷塘区,学历不限,1,言语残疾1级;智力残疾1级;,是,见原平台,中国残联就业服务平台（动态接口）,https://www.cdpee.org.cn/,2026年09月17日
江苏省,徐州市,江苏徐州组件工+早八晚六+包吃+五险+坐班,陕西致广人力资源有限公司,江苏省·徐州市·邳州市,学历不限,20,"视力残疾1-4级;听力残疾1-4级;言语残疾1-4级;肢体残疾1-4级;智力残疾3,4级;多重残疾1-4级;",是,见原平台,中国残联就业服务平台（动态接口）,https://www.cdpee.org.cn/,2026年09月17日
广东省,江门市,生产工,江门市霞光照明电器有限公司,广东省·江门市·蓬江区,学历不限,1,听力残疾2-4级;言语残疾2-4级;肢体残疾4级;智力残疾4级;多重残疾4级;,是,见原平台,中国残联就业服务平台（动态接口）,https://www.cdpee.org.cn/,2026年09月17日
北京市,北京市,销售经理,易智健（北京）网络科技有限公司,北京市·北京市,大专,,视力残疾1-4级;听力残疾1-4级;言语残疾1-4级;肢体残疾1-4级;智力残疾1-4级;精神残疾1-4级;多重残疾1-4级;,是,见原平台,中国残联就业服务平台（动态接口）,https://www.cdpee.org.cn/,2026年03月12日
上海市,上海市,行政助理（上海闵行区）,北京易才人力资源顾问有限公司,上海市·上海市·闵行区,大专,1,视力残疾1-3级;听力残疾1-3级;言语残疾1-3级;肢体残疾1-3级;智力残疾1-3级;精神残疾1-3级;多重残疾1-3级;,是,见原平台,中国残联就业服务平台（动态接口）,https://www.cdpee.org.cn/,2026年08月17日
江苏省,南京市,HR招聘,北京易才人力资源顾问有限公司,江苏省·南京市·建邺区,大专,1,视力残疾1-3级;听力残疾1-3级;言语残疾1-3级;肢体残疾1-3级;智力残疾1-3级;精神残疾1-3级;多重残疾1-3级;,是,见原平台,中国残联就业服务平台（动态接口）,https://www.cdpee.org.cn/,2026年05月22日
四川省,成都市,成都急招（残疾人福利岗）五险一金，长白8小时，高薪技术岗,广州海仑企业服务有限公司,四川省·成都市·锦江区,学历不限,3,视力残疾1-4级;听力残疾1-4级;言语残疾1-4级;肢体残疾1-4级;智力残疾1-4级;精神残疾1-4级;多重残疾1-4级;,是,见原平台,中国残联就业服务平台（动态接口）,https://www.cdpee.org.cn/,2026年09月17日
天津市,天津市,天津档案处理员，双休，8小时，缴纳五险一金,广州海仑企业服务有限公司,天津市·天津市·河东区,学历不限,2,视力残疾1-4级;听力残疾1-4级;言语残疾1-4级;肢体残疾1-4级;智力残疾1-4级;精神残疾1-4级;多重残疾1-4级;,是,见原平台,中国残联就业服务平台（动态接口）,https://www.cdpee.org.cn/,2026年09月17日
云南省,昭通市,艾草加工，种植,云南鑫会盟艾绒制品生产有限公司,云南省·昭通市·巧家县,学历不限,100,视力残疾4级;听力残疾4级;言语残疾4级;肢体残疾4级;智力残疾4级;精神残疾4级;,是,见原平台,中国残联就业服务平台（动态接口）,https://www.cdpee.org.cn/,2026年09月17日
江苏省,宿迁市,食品加工处理,宿迁市宿城区陆小青猪肉批发经营部,江苏省·宿迁市·湖滨新区,小学,100,"视力残疾3,4级;听力残疾3,4级;肢体残疾3,4级;智力残疾4级;多重残疾3,4级;",是,见原平台,中国残联就业服务平台（动态接口）,https://www.cdpee.org.cn/,2026年09月17日
湖北省,十堰市,教培副校长,十堰市维桢科技服务有限责任公司,湖北省·十堰市·茅箭区,本科,,视力残疾1-4级;听力残疾1-4级;言语残疾1-4级;肢体残疾1-4级;智力残疾1-4级;精神残疾1-4级;多重残疾1-4级;,是,见原平台,中国残联就业服务平台（动态接口）,https://www.cdpee.org.cn/,2026年03月09日
湖南省,株洲市,垃圾清运工,湖南仁仁洁国际清洁科技集团股份有限公司荷塘分公司,湖南省·株洲市·荷塘区,学历不限,1,言语残疾1级;智力残疾1级;,是,见原平台,中国残联就业服务平台（动态接口）,https://www.cdpee.org.cn/,2026年09月17日
江苏省,徐州市,江苏徐州组件工+早八晚六+包吃+五险+坐班,陕西致广人力资源有限公司,江苏省·徐州市·邳州市,学历不限,20,"视力残疾1-4级;听力残疾1-4级;言语残疾1-4级;肢体残疾1-4级;智力残疾3,4级;多重残疾1-4级;",是,见原平台,中国残联就业服务平台（动态接口）,https://www.cdpee.org.cn/,2026年09月17日
广东省,江门市,生产工,江门市霞光照明电器有限公司,广东省·江门市·蓬江区,学历不限,1,听力残疾2-4级;言语残疾2-4级;肢体残疾4级;智力残疾4级;多重残疾4级;,是,见原平台,中国残联就业服务平台（动态接口）,https://www.cdpee.org.cn/,2026年09月17日
北京市,北京市,销售经理,易智健（北京）网络科技有限公司,北京市·北京市,大专,,视力残疾1-4级;听力残疾1-4级;言语残疾1-4级;肢体残疾1-4级;智力残疾1-4级;精神残疾1-4级;多重残疾1-4级;,是,见原平台,中国残联就业服务平台（动态接口）,https://www.cdpee.org.cn/,2026年03月12日
上海市,上海市,行政助理（上海闵行区）,北京易才人力资源顾问有限公司,上海市·上海市·闵行区,大专,1,视力残疾1-3级;听力残疾1-3级;言语残疾1-3级;肢体残疾1-3级;智力残疾1-3级;精神残疾1-3级;多重残疾1-3级;,是,见原平台,中国残联就业服务平台（动态接口）,https://www.cdpee.org.cn/,2026年08月17日
江苏省,南京市,HR招聘,北京易才人力资源顾问有限公司,江苏省·南京市·建邺区,大专,1,视力残疾1-3级;听力残疾1-3级;言语残疾1-3级;肢体残疾1-3级;智力残疾1-3级;精神残疾1-3级;多重残疾1-3级;,是,见原平台,中国残联就业服务平台（动态接口）,https://www.cdpee.org.cn/,2026年05月22日
四川省,成都市,成都急招（残疾人福利岗）五险一金，长白8小时，高薪技术岗,广州海仑企业服务有限公司,四川省·成都市·锦江区,学历不限,3,视力残疾1-4级;听力残疾1-4级;言语残疾1-4级;肢体残疾1-4级;智力残疾1-4级;精神残疾1-4级;多重残疾1-4级;,是,见原平台,中国残联就业服务平台（动态接口）,https://www.cdpee.org.cn/,2026年09月17日
天津市,天津市,天津档案处理员，双休，8小时，缴纳五险一金,广州海仑企业服务有限公司,天津市·天津市·河东区,学历不限,2,视力残疾1-4级;听力残疾1-4级;言语残疾1-4级;肢体残疾1-4级;智力残疾1-4级;精神残疾1-4级;多重残疾1-4级;,是,见原平台,中国残联就业服务平台（动态接口）,https://www.cdpee.org.cn/,2026年09月17日
云南省,昭通市,艾草加工，种植,云南鑫会盟艾绒制品生产有限公司,云南省·昭通市·巧家县,学历不限,100,视力残疾4级;听力残疾4级;言语残疾4级;肢体残疾4级;智力残疾4级;精神残疾4级;,是,见原平台,中国残联就业服务平台（动态接口）,https://www.cdpee.org.cn/,2026年09月17日
江苏省,宿迁市,食品加工处理,宿迁市宿城区陆小青猪肉批发经营部,江苏省·宿迁市·湖滨新区,小学,100,"视力残疾3,4级;听力残疾3,4级;肢体残疾3,4级;智力残疾4级;多重残疾3,4级;",是,见原平台,中国残联就业服务平台（动态接口）,https://www.cdpee.org.cn/,2026年09月17日
湖北省,十堰市,教培副校长,十堰市维桢科技服务有限责任公司,湖北省·十堰市·茅箭区,本科,,视力残疾1-4级;听力残疾1-4级;言语残疾1-4级;肢体残疾1-4级;智力残疾1-4级;精神残疾1-4级;多重残疾1-4级;,是,见原平台,中国残联就业服务平台（动态接口）,https://www.cdpee.org.cn/,2026年03月09日
湖南省,株洲市,垃圾清运工,湖南仁仁洁国际清洁科技集团股份有限公司荷塘分公司,湖南省·株洲市·荷塘区,学历不限,1,言语残疾1级;智力残疾1级;,是,见原平台,中国残联就业服务平台（动态接口）,https://www.cdpee.org.cn/,2026年09月17日
江苏省,徐州市,江苏徐州组件工+早八晚六+包吃+五险+坐班,陕西致广人力资源有限公司,江苏省·徐州市·邳州市,学历不限,20,"视力残疾1-4级;听力残疾1-4级;言语残疾1-4级;肢体残疾1-4级;智力残疾3,4级;多重残疾1-4级;",是,见原平台,中国残联就业服务平台（动态接口）,https://www.cdpee.org.cn/,2026年09月17日
广东省,江门市,生产工,江门市霞光照明电器有限公司,广东省·江门市·蓬江区,学历不限,1,听力残疾2-4级;言语残疾2-4级;肢体残疾4级;智力残疾4级;多重残疾4级;,是,见原平台,中国残联就业服务平台（动态接口）,https://www.cdpee.org.cn/,2026年09月17日
北京市,北京市,销售经理,易智健（北京）网络科技有限公司,北京市·北京市,大专,,视力残疾1-4级;听力残疾1-4级;言语残疾1-4级;肢体残疾1-4级;智力残疾1-4级;精神残疾1-4级;多重残疾1-4级;,是,见原平台,中国残联就业服务平台（动态接口）,https://www.cdpee.org.cn/,2026年03月12日
上海市,上海市,行政助理（上海闵行区）,北京易才人力资源顾问有限公司,上海市·上海市·闵行区,大专,1,视力残疾1-3级;听力残疾1-3级;言语残疾1-3级;肢体残疾1-3级;智力残疾1-3级;精神残疾1-3级;多重残疾1-3级;,是,见原平台,中国残联就业服务平台（动态接口）,https://www.cdpee.org.cn/,2026年08月17日
江苏省,南京市,HR招聘,北京易才人力资源顾问有限公司,江苏省·南京市·建邺区,大专,1,视力残疾1-3级;听力残疾1-3级;言语残疾1-3级;肢体残疾1-3级;智力残疾1-3级;精神残疾1-3级;多重残疾1-3级;,是,见原平台,中国残联就业服务平台（动态接口）,https://www.cdpee.org.cn/,2026年05月22日
四川省,成都市,成都急招（残疾人福利岗）五险一金，长白8小时，高薪技术岗,广州海仑企业服务有限公司,四川省·成都市·锦江区,学历不限,3,视力残疾1-4级;听力残疾1-4级;言语残疾1-4级;肢体残疾1-4级;智力残疾1-4级;精神残疾1-4级;多重残疾1-4级;,是,见原平台,中国残联就业服务平台（动态接口）,https://www.cdpee.org.cn/,2026年09月17日
天津市,天津市,天津档案处理员，双休，8小时，缴纳五险一金,广州海仑企业服务有限公司,天津市·天津市·河东区,学历不限,2,视力残疾1-4级;听力残疾1-4级;言语残疾1-4级;肢体残疾1-4级;智力残疾1-4级;精神残疾1-4级;多重残疾1-4级;,是,见原平台,中国残联就业服务平台（动态接口）,https://www.cdpee.org.cn/,2026年09月17日
云南省,昭通市,艾草加工，种植,云南鑫会盟艾绒制品生产有限公司,云南省·昭通市·巧家县,学历不限,100,视力残疾4级;听力残疾4级;言语残疾4级;肢体残疾4级;智力残疾4级;精神残疾4级;,是,见原平台,中国残联就业服务平台（动态接口）,https://www.cdpee.org.cn/,2026年09月17日
江苏省,宿迁市,食品加工处理,宿迁市宿城区陆小青猪肉批发经营部,江苏省·宿迁市·湖滨新区,小学,100,"视力残疾3,4级;听力残疾3,4级;肢体残疾3,4级;智力残疾4级;多重残疾3,4级;",是,见原平台,中国残联就业服务平台（动态接口）,https://www.cdpee.org.cn/,2026年09月17日
湖北省,十堰市,教培副校长,十堰市维桢科技服务有限责任公司,湖北省·十堰市·茅箭区,本科,,视力残疾1-4级;听力残疾1-4级;言语残疾1-4级;肢体残疾1-4级;智力残疾1-4级;精神残疾1-4级;多重残疾1-4级;,是,见原平台,中国残联就业服务平台（动态接口）,https://www.cdpee.org.cn/,2026年03月09日
湖南省,株洲市,垃圾清运工,湖南仁仁洁国际清洁科技集团股份有限公司荷塘分公司,湖南省·株洲市·荷塘区,学历不限,1,言语残疾1级;智力残疾1级;,是,见原平台,中国残联就业服务平台（动态接口）,https://www.cdpee.org.cn/,2026年09月17日
江苏省,徐州市,江苏徐州组件工+早八晚六+包吃+五险+坐班,陕西致广人力资源有限公司,江苏省·徐州市·邳州市,学历不限,20,"视力残疾1-4级;听力残疾1-4级;言语残疾1-4级;肢体残疾1-4级;智力残疾3,4级;多重残疾1-4级;",是,见原平台,中国残联就业服务平台（动态接口）,https://www.cdpee.org.cn/,2026年09月17日
广东省,江门市,生产工,江门市霞光照明电器有限公司,广东省·江门市·蓬江区,学历不限,1,听力残疾2-4级;言语残疾2-4级;肢体残疾4级;智力残疾4级;多重残疾4级;,是,见原平台,中国残联就业服务平台（动态接口）,https://www.cdpee.org.cn/,2026年09月17日
北京市,北京市,销售经理,易智健（北京）网络科技有限公司,北京市·北京市,大专,,视力残疾1-4级;听力残疾1-4级;言语残疾1-4级;肢体残疾1-4级;智力残疾1-4级;精神残疾1-4级;多重残疾1-4级;,是,见原平台,中国残联就业服务平台（动态接口）,https://www.cdpee.org.cn/,2026年03月12日
上海市,上海市,行政助理（上海闵行区）,北京易才人力资源顾问有限公司,上海市·上海市·闵行区,大专,1,视力残疾1-3级;听力残疾1-3级;言语残疾1-3级;肢体残疾1-3级;智力残疾1-3级;精神残疾1-3级;多重残疾1-3级;,是,见原平台,中国残联就业服务平台（动态接口）,https://www.cdpee.org.cn/,2026年08月17日
江苏省,南京市,HR招聘,北京易才人力资源顾问有限公司,江苏省·南京市·建邺区,大专,1,视力残疾1-3级;听力残疾1-3级;言语残疾1-3级;肢体残疾1-3级;智力残疾1-3级;精神残疾1-3级;多重残疾1-3级;,是,见原平台,中国残联就业服务平台（动态接口）,https://www.cdpee.org.cn/,2026年05月22日
四川省,成都市,成都急招（残疾人福利岗）五险一金，长白8小时，高薪技术岗,广州海仑企业服务有限公司,四川省·成都市·锦江区,学历不限,3,视力残疾1-4级;听力残疾1-4级;言语残疾1-4级;肢体残疾1-4级;智力残疾1-4级;精神残疾1-4级;多重残疾1-4级;,是,见原平台,中国残联就业服务平台（动态接口）,https://www.cdpee.org.cn/,2026年09月17日
天津市,天津市,天津档案处理员，双休，8小时，缴纳五险一金,广州海仑企业服务有限公司,天津市·天津市·河东区,学历不限,2,视力残疾1-4级;听力残疾1-4级;言语残疾1-4级;肢体残疾1-4级;智力残疾1-4级;精神残疾1-4级;多重残疾1-4级;,是,见原平台,中国残联就业服务平台（动态接口）,https://www.cdpee.org.cn/,2026年09月17日
云南省,昭通市,艾草加工，种植,云南鑫会盟艾绒制品生产有限公司,云南省·昭通市·巧家县,学历不限,100,视力残疾4级;听力残疾4级;言语残疾4级;肢体残疾4级;智力残疾4级;精神残疾4级;,是,见原平台,中国残联就业服务平台（动态接口）,https://www.cdpee.org.cn/,2026年09月17日
江苏省,宿迁市,食品加工处理,宿迁市宿城区陆小青猪肉批发经营部,江苏省·宿迁市·湖滨新区,小学,100,"视力残疾3,4级;听力残疾3,4级;肢体残疾3,4级;智力残疾4级;多重残疾3,4级;",是,见原平台,中国残联就业服务平台（动态接口）,https://www.cdpee.org.cn/,2026年09月17日
湖北省,十堰市,教培副校长,十堰市维桢科技服务有限责任公司,湖北省·十堰市·茅箭区,本科,,视力残疾1-4级;听力残疾1-4级;言语残疾1-4级;肢体残疾1-4级;智力残疾1-4级;精神残疾1-4级;多重残疾1-4级;,是,见原平台,中国残联就业服务平台（动态接口）,https://www.cdpee.org.cn/,2026年03月09日
湖南省,株洲市,垃圾清运工,湖南仁仁洁国际清洁科技集团股份有限公司荷塘分公司,湖南省·株洲市·荷塘区,学历不限,1,言语残疾1级;智力残疾1级;,是,见原平台,中国残联就业服务平台（动态接口）,https://www.cdpee.org.cn/,2026年09月17日
江苏省,徐州市,江苏徐州组件工+早八晚六+包吃+五险+坐班,陕西致广人力资源有限公司,江苏省·徐州市·邳州市,学历不限,20,"视力残疾1-4级;听力残疾1-4级;言语残疾1-4级;肢体残疾1-4级;智力残疾3,4级;多重残疾1-4级;",是,见原平台,中国残联就业服务平台（动态接口）,https://www.cdpee.org.cn/,2026年09月17日
广东省,江门市,生产工,江门市霞光照明电器有限公司,广东省·江门市·蓬江区,学历不限,1,听力残疾2-4级;言语残疾2-4级;肢体残疾4级;智力残疾4级;多重残疾4级;,是,见原平台,中国残联就业服务平台（动态接口）,https://www.cdpee.org.cn/,2026年09月17日
北京市,北京市,销售经理,易智健（北京）网络科技有限公司,北京市·北京市,大专,,视力残疾1-4级;听力残疾1-4级;言语残疾1-4级;肢体残疾1-4级;智力残疾1-4级;精神残疾1-4级;多重残疾1-4级;,是,见原平台,中国残联就业服务平台（动态接口）,https://www.cdpee.org.cn/,2026年03月12日
上海市,上海市,行政助理（上海闵行区）,北京易才人力资源顾问有限公司,上海市·上海市·闵行区,大专,1,视力残疾1-3级;听力残疾1-3级;言语残疾1-3级;肢体残疾1-3级;智力残疾1-3级;精神残疾1-3级;多重残疾1-3级;,是,见原平台,中国残联就业服务平台（动态接口）,https://www.cdpee.org.cn/,2026年08月17日
江苏省,南京市,HR招聘,北京易才人力资源顾问有限公司,江苏省·南京市·建邺区,大专,1,视力残疾1-3级;听力残疾1-3级;言语残疾1-3级;肢体残疾1-3级;智力残疾1-3级;精神残疾1-3级;多重残疾1-3级;,是,见原平台,中国残联就业服务平台（动态接口）,https://www.cdpee.org.cn/,2026年05月22日
四川省,成都市,成都急招（残疾人福利岗）五险一金，长白8小时，高薪技术岗,广州海仑企业服务有限公司,四川省·成都市·锦江区,学历不限,3,视力残疾1-4级;听力残疾1-4级;言语残疾1-4级;肢体残疾1-4级;智力残疾1-4级;精神残疾1-4级;多重残疾1-4级;,是,见原平台,中国残联就业服务平台（动态接口）,https://www.cdpee.org.cn/,2026年09月17日
天津市,天津市,天津档案处理员，双休，8小时，缴纳五险一金,广州海仑企业服务有限公司,天津市·天津市·河东区,学历不限,2,视力残疾1-4级;听力残疾1-4级;言语残疾1-4级;肢体残疾1-4级;智力残疾1-4级;精神残疾1-4级;多重残疾1-4级;,是,见原平台,中国残联就业服务平台（动态接口）,https://www.cdpee.org.cn/,2026年09月17日
云南省,昭通市,艾草加工，种植,云南鑫会盟艾绒制品生产有限公司,云南省·昭通市·巧家县,学历不限,100,视力残疾4级;听力残疾4级;言语残疾4级;肢体残疾4级;智力残疾4级;精神残疾4级;,是,见原平台,中国残联就业服务平台（动态接口）,https://www.cdpee.org.cn/,2026年09月17日
江苏省,宿迁市,食品加工处理,宿迁市宿城区陆小青猪肉批发经营部,江苏省·宿迁市·湖滨新区,小学,100,"视力残疾3,4级;听力残疾3,4级;肢体残疾3,4级;智力残疾4级;多重残疾3,4级;",是,见原平台,中国残联就业服务平台（动态接口）,https://www.cdpee.org.cn/,2026年09月17日
湖北省,十堰市,教培副校长,十堰市维桢科技服务有限责任公司,湖北省·十堰市·茅箭区,本科,,视力残疾1-4级;听力残疾1-4级;言语残疾1-4级;肢体残疾1-4级;智力残疾1-4级;精神残疾1-4级;多重残疾1-4级;,是,见原平台,中国残联就业服务平台（动态接口）,https://www.cdpee.org.cn/,2026年03月09日
湖南省,株洲市,垃圾清运工,湖南仁仁洁国际清洁科技集团股份有限公司荷塘分公司,湖南省·株洲市·荷塘区,学历不限,1,言语残疾1级;智力残疾1级;,是,见原平台,中国残联就业服务平台（动态接口）,https://www.cdpee.org.cn/,2026年09月17日
江苏省,徐州市,江苏徐州组件工+早八晚六+包吃+五险+坐班,陕西致广人力资源有限公司,江苏省·徐州市·邳州市,学历不限,20,"视力残疾1-4级;听力残疾1-4级;言语残疾1-4级;肢体残疾1-4级;智力残疾3,4级;多重残疾1-4级;",是,见原平台,中国残联就业服务平台（动态接口）,https://www.cdpee.org.cn/,2026年09月17日
广东省,江门市,生产工,江门市霞光照明电器有限公司,广东省·江门市·蓬江区,学历不限,1,听力残疾2-4级;言语残疾2-4级;肢体残疾4级;智力残疾4级;多重残疾4级;,是,见原平台,中国残联就业服务平台（动态接口）,https://www.cdpee.org.cn/,2026年09月17日
北京市,北京市,销售经理,易智健（北京）网络科技有限公司,北京市·北京市,大专,,视力残疾1-4级;听力残疾1-4级;言语残疾1-4级;肢体残疾1-4级;智力残疾1-4级;精神残疾1-4级;多重残疾1-4级;,是,见原平台,中国残联就业服务平台（动态接口）,https://www.cdpee.org.cn/,2026年03月12日
上海市,上海市,行政助理（上海闵行区）,北京易才人力资源顾问有限公司,上海市·上海市·闵行区,大专,1,视力残疾1-3级;听力残疾1-3级;言语残疾1-3级;肢体残疾1-3级;智力残疾1-3级;精神残疾1-3级;多重残疾1-3级;,是,见原平台,中国残联就业服务平台（动态接口）,https://www.cdpee.org.cn/,2026年08月17日
江苏省,南京市,HR招聘,北京易才人力资源顾问有限公司,江苏省·南京市·建邺区,大专,1,视力残疾1-3级;听力残疾1-3级;言语残疾1-3级;肢体残疾1-3级;智力残疾1-3级;精神残疾1-3级;多重残疾1-3级;,是,见原平台,中国残联就业服务平台（动态接口）,https://www.cdpee.org.cn/,2026年05月22日
四川省,成都市,成都急招（残疾人福利岗）五险一金，长白8小时，高薪技术岗,广州海仑企业服务有限公司,四川省·成都市·锦江区,学历不限,3,视力残疾1-4级;听力残疾1-4级;言语残疾1-4级;肢体残疾1-4级;智力残疾1-4级;精神残疾1-4级;多重残疾1-4级;,是,见原平台,中国残联就业服务平台（动态接口）,https://www.cdpee.org.cn/,2026年09月17日
天津市,天津市,天津档案处理员，双休，8小时，缴纳五险一金,广州海仑企业服务有限公司,天津市·天津市·河东区,学历不限,2,视力残疾1-4级;听力残疾1-4级;言语残疾1-4级;肢体残疾1-4级;智力残疾1-4级;精神残疾1-4级;多重残疾1-4级;,是,见原平台,中国残联就业服务平台（动态接口）,https://www.cdpee.org.cn/,2026年09月17日
云南省,昭通市,艾草加工，种植,云南鑫会盟艾绒制品生产有限公司,云南省·昭通市·巧家县,学历不限,100,视力残疾4级;听力残疾4级;言语残疾4级;肢体残疾4级;智力残疾4级;精神残疾4级;,是,见原平台,中国残联就业服务平台（动态接口）,https://www.cdpee.org.cn/,2026年09月17日
江苏省,宿迁市,食品加工处理,宿迁市宿城区陆小青猪肉批发经营部,江苏省·宿迁市·湖滨新区,小学,100,"视力残疾3,4级;听力残疾3,4级;肢体残疾3,4级;智力残疾4级;多重残疾3,4级;",是,见原平台,中国残联就业服务平台（动态接口）,https://www.cdpee.org.cn/,2026年09月17日
湖北省,十堰市,教培副校长,十堰市维桢科技服务有限责任公司,湖北省·十堰市·茅箭区,本科,,视力残疾1-4级;听力残疾1-4级;言语残疾1-4级;肢体残疾1-4级;智力残疾1-4级;精神残疾1-4级;多重残疾1-4级;,是,见原平台,中国残联就业服务平台（动态接口）,https://www.cdpee.org.cn/,2026年03月09日
湖南省,株洲市,垃圾清运工,湖南仁仁洁国际清洁科技集团股份有限公司荷塘分公司,湖南省·株洲市·荷塘区,学历不限,1,言语残疾1级;智力残疾1级;,是,见原平台,中国残联就业服务平台（动态接口）,https://www.cdpee.org.cn/,2026年09月17日
江苏省,徐州市,江苏徐州组件工+早八晚六+包吃+五险+坐班,陕西致广人力资源有限公司,江苏省·徐州市·邳州市,学历不限,20,"视力残疾1-4级;听力残疾1-4级;言语残疾1-4级;肢体残疾1-4级;智力残疾3,4级;多重残疾1-4级;",是,见原平台,中国残联就业服务平台（动态接口）,https://www.cdpee.org.cn/,2026年09月17日
广东省,江门市,生产工,江门市霞光照明电器有限公司,广东省·江门市·蓬江区,学历不限,1,听力残疾2-4级;言语残疾2-4级;肢体残疾4级;智力残疾4级;多重残疾4级;,是,见原平台,中国残联就业服务平台（动态接口）,https://www.cdpee.org.cn/,2026年09月17日
北京市,北京市,销售经理,易智健（北京）网络科技有限公司,北京市·北京市,大专,,视力残疾1-4级;听力残疾1-4级;言语残疾1-4级;肢体残疾1-4级;智力残疾1-4级;精神残疾1-4级;多重残疾1-4级;,是,见原平台,中国残联就业服务平台（动态接口）,https://www.cdpee.org.cn/,2026年03月12日
上海市,上海市,行政助理（上海闵行区）,北京易才人力资源顾问有限公司,上海市·上海市·闵行区,大专,1,视力残疾1-3级;听力残疾1-3级;言语残疾1-3级;肢体残疾1-3级;智力残疾1-3级;精神残疾1-3级;多重残疾1-3级;,是,见原平台,中国残联就业服务平台（动态接口）,https://www.cdpee.org.cn/,2026年08月17日
江苏省,南京市,HR招聘,北京易才人力资源顾问有限公司,江苏省·南京市·建邺区,大专,1,视力残疾1-3级;听力残疾1-3级;言语残疾1-3级;肢体残疾1-3级;智力残疾1-3级;精神残疾1-3级;多重残疾1-3级;,是,见原平台,中国残联就业服务平台（动态接口）,https://www.cdpee.org.cn/,2026年05月22日
四川省,成都市,成都急招（残疾人福利岗）五险一金，长白8小时，高薪技术岗,广州海仑企业服务有限公司,四川省·成都市·锦江区,学历不限,3,视力残疾1-4级;听力残疾1-4级;言语残疾1-4级;肢体残疾1-4级;智力残疾1-4级;精神残疾1-4级;多重残疾1-4级;,是,见原平台,中国残联就业服务平台（动态接口）,https://www.cdpee.org.cn/,2026年09月17日
天津市,天津市,天津档案处理员，双休，8小时，缴纳五险一金,广州海仑企业服务有限公司,天津市·天津市·河东区,学历不限,2,视力残疾1-4级;听力残疾1-4级;言语残疾1-4级;肢体残疾1-4级;智力残疾1-4级;精神残疾1-4级;多重残疾1-4级;,是,见原平台,中国残联就业服务平台（动态接口）,https://www.cdpee.org.cn/,2026年09月17日
云南省,昭通市,艾草加工，种植,云南鑫会盟艾绒制品生产有限公司,云南省·昭通市·巧家县,学历不限,100,视力残疾4级;听力残疾4级;言语残疾4级;肢体残疾4级;智力残疾4级;精神残疾4级;,是,见原平台,中国残联就业服务平台（动态接口）,https://www.cdpee.org.cn/,2026年09月17日
江苏省,宿迁市,食品加工处理,宿迁市宿城区陆小青猪肉批发经营部,江苏省·宿迁市·湖滨新区,小学,100,"视力残疾3,4级;听力残疾3,4级;肢体残疾3,4级;智力残疾4级;多重残疾3,4级;",是,见原平台,中国残联就业服务平台（动态接口）,https://www.cdpee.org.cn/,2026年09月17日
湖南省,株洲市,垃圾清运工,湖南仁仁洁国际清洁科技集团股份有限公司荷塘分公司,湖南省·株洲市·荷塘区,学历不限,1,言语残疾1级;智力残疾1级;,是,见原平台,中国残联就业服务平台（动态接口）,https://www.cdpee.org.cn/,2026年09月17日
江苏省,徐州市,江苏徐州组件工+早八晚六+包吃+五险+坐班,陕西致广人力资源有限公司,江苏省·徐州市·邳州市,学历不限,20,"视力残疾1-4级;听力残疾1-4级;言语残疾1-4级;肢体残疾1-4级;智力残疾3,4级;多重残疾1-4级;",是,见原平台,中国残联就业服务平台（动态接口）,https://www.cdpee.org.cn/,2026年09月17日
广东省,江门市,生产工,江门市霞光照明电器有限公司,广东省·江门市·蓬江区,学历不限,1,听力残疾2-4级;言语残疾2-4级;肢体残疾4级;智力残疾4级;多重残疾4级;,是,见原平台,中国残联就业服务平台（动态接口）,https://www.cdpee.org.cn/,2026年09月17日
上海市,上海市,行政助理（上海闵行区）,北京易才人力资源顾问有限公司,上海市·上海市·闵行区,大专,1,视力残疾1-3级;听力残疾1-3级;言语残疾1-3级;肢体残疾1-3级;智力残疾1-3级;精神残疾1-3级;多重残疾1-3级;,是,见原平台,中国残联就业服务平台（动态接口）,https://www.cdpee.org.cn/,2026年08月17日
江苏省,南京市,HR招聘,北京易才人力资源顾问有限公司,江苏省·南京市·建邺区,大专,1,视力残疾1-3级;听力残疾1-3级;言语残疾1-3级;肢体残疾1-3级;智力残疾1-3级;精神残疾1-3级;多重残疾1-3级;,是,见原平台,中国残联就业服务平台（动态接口）,https://www.cdpee.org.cn/,2026年05月22日
四川省,成都市,成都急招（残疾人福利岗）五险一金，长白8小时，高薪技术岗,广州海仑企业服务有限公司,四川省·成都市·锦江区,学历不限,3,视力残疾1-4级;听力残疾1-4级;言语残疾1-4级;肢体残疾1-4级;智力残疾1-4级;精神残疾1-4级;多重残疾1-4级;,是,见原平台,中国残联就业服务平台（动态接口）,https://www.cdpee.org.cn/,2026年09月17日
天津市,天津市,天津档案处理员，双休，8小时，缴纳五险一金,广州海仑企业服务有限公司,天津市·天津市·河东区,学历不限,2,视力残疾1-4级;听力残疾1-4级;言语残疾1-4级;肢体残疾1-4级;智力残疾1-4级;精神残疾1-4级;多重残疾1-4级;,是,见原平台,中国残联就业服务平台（动态接口）,https://www.cdpee.org.cn/,2026年09月17日
新疆维吾尔自治区,喀什地区,奶茶店店长店员,喀什市冰皇茶后饮品店（个体工商户）,新疆维吾尔自治区·喀什地区·喀什市,学历不限,,视力残疾1-4级;听力残疾1-4级;言语残疾1-4级;肢体残疾1-4级;智力残疾1-4级;精神残疾1-4级;多重残疾1-4级;,是,见原平台,中国残联就业服务平台（动态接口）,https://www.cdpee.org.cn/,2026年05月10日
云南省,昭通市,艾草加工，种植,云南鑫会盟艾绒制品生产有限公司,云南省·昭通市·巧家县,学历不限,100,视力残疾4级;听力残疾4级;言语残疾4级;肢体残疾4级;智力残疾4级;精神残疾4级;,是,见原平台,中国残联就业服务平台（动态接口）,https://www.cdpee.org.cn/,2026年09月17日
江苏省,宿迁市,食品加工处理,宿迁市宿城区陆小青猪肉批发经营部,江苏省·宿迁市·湖滨新区,小学,100,"视力残疾3,4级;听力残疾3,4级;肢体残疾3,4级;智力残疾4级;多重残疾3,4级;",是,见原平台,中国残联就业服务平台（动态接口）,https://www.cdpee.org.cn/,2026年09月17日
湖南省,株洲市,垃圾清运工,湖南仁仁洁国际清洁科技集团股份有限公司荷塘分公司,湖南省·株洲市·荷塘区,学历不限,1,言语残疾1级;智力残疾1级;,是,见原平台,中国残联就业服务平台（动态接口）,https://www.cdpee.org.cn/,2026年09月17日
江苏省,徐州市,江苏徐州组件工+早八晚六+包吃+五险+坐班,陕西致广人力资源有限公司,江苏省·徐州市·邳州市,学历不限,20,"视力残疾1-4级;听力残疾1-4级;言语残疾1-4级;肢体残疾1-4级;智力残疾3,4级;多重残疾1-4级;",是,见原平台,中国残联就业服务平台（动态接口）,https://www.cdpee.org.cn/,2026年09月17日
广东省,江门市,生产工,江门市霞光照明电器有限公司,广东省·江门市·蓬江区,学历不限,1,听力残疾2-4级;言语残疾2-4级;肢体残疾4级;智力残疾4级;多重残疾4级;,是,见原平台,中国残联就业服务平台（动态接口）,https://www.cdpee.org.cn/,2026年09月17日
上海市,上海市,行政助理（上海闵行区）,北京易才人力资源顾问有限公司,上海市·上海市·闵行区,大专,1,视力残疾1-3级;听力残疾1-3级;言语残疾1-3级;肢体残疾1-3级;智力残疾1-3级;精神残疾1-3级;多重残疾1-3级;,是,见原平台,中国残联就业服务平台（动态接口）,https://www.cdpee.org.cn/,2026年08月17日
江苏省,南京市,HR招聘,北京易才人力资源顾问有限公司,江苏省·南京市·建邺区,大专,1,视力残疾1-3级;听力残疾1-3级;言语残疾1-3级;肢体残疾1-3级;智力残疾1-3级;精神残疾1-3级;多重残疾1-3级;,是,见原平台,中国残联就业服务平台（动态接口）,https://www.cdpee.org.cn/,2026年05月22日
四川省,成都市,成都急招（残疾人福利岗）五险一金，长白8小时，高薪技术岗,广州海仑企业服务有限公司,四川省·成都市·锦江区,学历不限,3,视力残疾1-4级;听力残疾1-4级;言语残疾1-4级;肢体残疾1-4级;智力残疾1-4级;精神残疾1-4级;多重残疾1-4级;,是,见原平台,中国残联就业服务平台（动态接口）,https://www.cdpee.org.cn/,2026年09月17日
天津市,天津市,天津档案处理员，双休，8小时，缴纳五险一金,广州海仑企业服务有限公司,天津市·天津市·河东区,学历不限,2,视力残疾1-4级;听力残疾1-4级;言语残疾1-4级;肢体残疾1-4级;智力残疾1-4级;精神残疾1-4级;多重残疾1-4级;,是,见原平台,中国残联就业服务平台（动态接口）,https://www.cdpee.org.cn/,2026年09月17日
新疆维吾尔自治区,喀什地区,奶茶店店长店员,喀什市冰皇茶后饮品店（个体工商户）,新疆维吾尔自治区·喀什地区·喀什市,学历不限,,视力残疾1-4级;听力残疾1-4级;言语残疾1-4级;肢体残疾1-4级;智力残疾1-4级;精神残疾1-4级;多重残疾1-4级;,是,见原平台,中国残联就业服务平台（动态接口）,https://www.cdpee.org.cn/,2026年05月10日
云南省,昭通市,艾草加工，种植,云南鑫会盟艾绒制品生产有限公司,云南省·昭通市·巧家县,学历不限,100,视力残疾4级;听力残疾4级;言语残疾4级;肢体残疾4级;智力残疾4级;精神残疾4级;,是,见原平台,中国残联就业服务平台（动态接口）,https://www.cdpee.org.cn/,2026年09月17日
江苏省,宿迁市,食品加工处理,宿迁市宿城区陆小青猪肉批发经营部,江苏省·宿迁市·湖滨新区,小学,100,"视力残疾3,4级;听力残疾3,4级;肢体残疾3,4级;智力残疾4级;多重残疾3,4级;",是,见原平台,中国残联就业服务平台（动态接口）,https://www.cdpee.org.cn/,2026年09月17日
湖南省,株洲市,垃圾清运工,湖南仁仁洁国际清洁科技集团股份有限公司荷塘分公司,湖南省·株洲市·荷塘区,学历不限,1,言语残疾1级;智力残疾1级;,是,见原平台,中国残联就业服务平台（动态接口）,https://www.cdpee.org.cn/,2026年09月17日
江苏省,徐州市,江苏徐州组件工+早八晚六+包吃+五险+坐班,陕西致广人力资源有限公司,江苏省·徐州市·邳州市,学历不限,20,"视力残疾1-4级;听力残疾1-4级;言语残疾1-4级;肢体残疾1-4级;智力残疾3,4级;多重残疾1-4级;",是,见原平台,中国残联就业服务平台（动态接口）,https://www.cdpee.org.cn/,2026年09月17日
广东省,江门市,生产工,江门市霞光照明电器有限公司,广东省·江门市·蓬江区,学历不限,1,听力残疾2-4级;言语残疾2-4级;肢体残疾4级;智力残疾4级;多重残疾4级;,是,见原平台,中国残联就业服务平台（动态接口）,https://www.cdpee.org.cn/,2026年09月17日
上海市,上海市,行政助理（上海闵行区）,北京易才人力资源顾问有限公司,上海市·上海市·闵行区,大专,1,视力残疾1-3级;听力残疾1-3级;言语残疾1-3级;肢体残疾1-3级;智力残疾1-3级;精神残疾1-3级;多重残疾1-3级;,是,见原平台,中国残联就业服务平台（动态接口）,https://www.cdpee.org.cn/,2026年08月17日
江苏省,南京市,HR招聘,北京易才人力资源顾问有限公司,江苏省·南京市·建邺区,大专,1,视力残疾1-3级;听力残疾1-3级;言语残疾1-3级;肢体残疾1-3级;智力残疾1-3级;精神残疾1-3级;多重残疾1-3级;,是,见原平台,中国残联就业服务平台（动态接口）,https://www.cdpee.org.cn/,2026年05月22日
四川省,成都市,成都急招（残疾人福利岗）五险一金，长白8小时，高薪技术岗,广州海仑企业服务有限公司,四川省·成都市·锦江区,学历不限,3,视力残疾1-4级;听力残疾1-4级;言语残疾1-4级;肢体残疾1-4级;智力残疾1-4级;精神残疾1-4级;多重残疾1-4级;,是,见原平台,中国残联就业服务平台（动态接口）,https://www.cdpee.org.cn/,2026年09月17日
天津市,天津市,天津档案处理员，双休，8小时，缴纳五险一金,广州海仑企业服务有限公司,天津市·天津市·河东区,学历不限,2,视力残疾1-4级;听力残疾1-4级;言语残疾1-4级;肢体残疾1-4级;智力残疾1-4级;精神残疾1-4级;多重残疾1-4级;,是,见原平台,中国残联就业服务平台（动态接口）,https://www.cdpee.org.cn/,2026年09月17日
新疆维吾尔自治区,喀什地区,奶茶店店长店员,喀什市冰皇茶后饮品店（个体工商户）,新疆维吾尔自治区·喀什地区·喀什市,学历不限,,视力残疾1-4级;听力残疾1-4级;言语残疾1-4级;肢体残疾1-4级;智力残疾1-4级;精神残疾1-4级;多重残疾1-4级;,是,见原平台,中国残联就业服务平台（动态接口）,https://www.cdpee.org.cn/,2026年05月10日
云南省,昭通市,艾草加工，种植,云南鑫会盟艾绒制品生产有限公司,云南省·昭通市·巧家县,学历不限,100,视力残疾4级;听力残疾4级;言语残疾4级;肢体残疾4级;智力残疾4级;精神残疾4级;,是,见原平台,中国残联就业服务平台（动态接口）,https://www.cdpee.org.cn/,2026年09月17日
江苏省,宿迁市,食品加工处理,宿迁市宿城区陆小青猪肉批发经营部,江苏省·宿迁市·湖滨新区,小学,100,"视力残疾3,4级;听力残疾3,4级;肢体残疾3,4级;智力残疾4级;多重残疾3,4级;",是,见原平台,中国残联就业服务平台（动态接口）,https://www.cdpee.org.cn/,2026年09月17日
湖南省,株洲市,垃圾清运工,湖南仁仁洁国际清洁科技集团股份有限公司荷塘分公司,湖南省·株洲市·荷塘区,学历不限,1,言语残疾1级;智力残疾1级;,是,见原平台,中国残联就业服务平台（动态接口）,https://www.cdpee.org.cn/,2026年09月17日
江苏省,徐州市,江苏徐州组件工+早八晚六+包吃+五险+坐班,陕西致广人力资源有限公司,江苏省·徐州市·邳州市,学历不限,20,"视力残疾1-4级;听力残疾1-4级;言语残疾1-4级;肢体残疾1-4级;智力残疾3,4级;多重残疾1-4级;",是,见原平台,中国残联就业服务平台（动态接口）,https://www.cdpee.org.cn/,2026年09月17日
广东省,江门市,生产工,江门市霞光照明电器有限公司,广东省·江门市·蓬江区,学历不限,1,听力残疾2-4级;言语残疾2-4级;肢体残疾4级;智力残疾4级;多重残疾4级;,是,见原平台,中国残联就业服务平台（动态接口）,https://www.cdpee.org.cn/,2026年09月17日
上海市,上海市,行政助理（上海闵行区）,北京易才人力资源顾问有限公司,上海市·上海市·闵行区,大专,1,视力残疾1-3级;听力残疾1-3级;言语残疾1-3级;肢体残疾1-3级;智力残疾1-3级;精神残疾1-3级;多重残疾1-3级;,是,见原平台,中国残联就业服务平台（动态接口）,https://www.cdpee.org.cn/,2026年08月17日
江苏省,南京市,HR招聘,北京易才人力资源顾问有限公司,江苏省·南京市·建邺区,大专,1,视力残疾1-3级;听力残疾1-3级;言语残疾1-3级;肢体残疾1-3级;智力残疾1-3级;精神残疾1-3级;多重残疾1-3级;,是,见原平台,中国残联就业服务平台（动态接口）,https://www.cdpee.org.cn/,2026年05月22日
四川省,成都市,成都急招（残疾人福利岗）五险一金，长白8小时，高薪技术岗,广州海仑企业服务有限公司,四川省·成都市·锦江区,学历不限,3,视力残疾1-4级;听力残疾1-4级;言语残疾1-4级;肢体残疾1-4级;智力残疾1-4级;精神残疾1-4级;多重残疾1-4级;,是,见原平台,中国残联就业服务平台（动态接口）,https://www.cdpee.org.cn/,2026年09月17日
天津市,天津市,天津档案处理员，双休，8小时，缴纳五险一金,广州海仑企业服务有限公司,天津市·天津市·河东区,学历不限,2,视力残疾1-4级;听力残疾1-4级;言语残疾1-4级;肢体残疾1-4级;智力残疾1-4级;精神残疾1-4级;多重残疾1-4级;,是,见原平台,中国残联就业服务平台（动态接口）,https://www.cdpee.org.cn/,2026年09月17日
新疆维吾尔自治区,喀什地区,奶茶店店长店员,喀什市冰皇茶后饮品店（个体工商户）,新疆维吾尔自治区·喀什地区·喀什市,学历不限,,视力残疾1-4级;听力残疾1-4级;言语残疾1-4级;肢体残疾1-4级;智力残疾1-4级;精神残疾1-4级;多重残疾1-4级;,是,见原平台,中国残联就业服务平台（动态接口）,https://www.cdpee.org.cn/,2026年05月10日
云南省,昭通市,艾草加工，种植,云南鑫会盟艾绒制品生产有限公司,云南省·昭通市·巧家县,学历不限,100,视力残疾4级;听力残疾4级;言语残疾4级;肢体残疾4级;智力残疾4级;精神残疾4级;,是,见原平台,中国残联就业服务平台（动态接口）,https://www.cdpee.org.cn/,2026年09月17日
江苏省,宿迁市,食品加工处理,宿迁市宿城区陆小青猪肉批发经营部,江苏省·宿迁市·湖滨新区,小学,100,"视力残疾3,4级;听力残疾3,4级;肢体残疾3,4级;智力残疾4级;多重残疾3,4级;",是,见原平台,中国残联就业服务平台（动态接口）,https://www.cdpee.org.cn/,2026年09月17日
湖南省,株洲市,垃圾清运工,湖南仁仁洁国际清洁科技集团股份有限公司荷塘分公司,湖南省·株洲市·荷塘区,学历不限,1,言语残疾1级;智力残疾1级;,是,见原平台,中国残联就业服务平台（动态接口）,https://www.cdpee.org.cn/,2026年09月17日
江苏省,徐州市,江苏徐州组件工+早八晚六+包吃+五险+坐班,陕西致广人力资源有限公司,江苏省·徐州市·邳州市,学历不限,20,"视力残疾1-4级;听力残疾1-4级;言语残疾1-4级;肢体残疾1-4级;智力残疾3,4级;多重残疾1-4级;",是,见原平台,中国残联就业服务平台（动态接口）,https://www.cdpee.org.cn/,2026年09月17日
广东省,江门市,生产工,江门市霞光照明电器有限公司,广东省·江门市·蓬江区,学历不限,1,听力残疾2-4级;言语残疾2-4级;肢体残疾4级;智力残疾4级;多重残疾4级;,是,见原平台,中国残联就业服务平台（动态接口）,https://www.cdpee.org.cn/,2026年09月17日
上海市,上海市,行政助理（上海闵行区）,北京易才人力资源顾问有限公司,上海市·上海市·闵行区,大专,1,视力残疾1-3级;听力残疾1-3级;言语残疾1-3级;肢体残疾1-3级;智力残疾1-3级;精神残疾1-3级;多重残疾1-3级;,是,见原平台,中国残联就业服务平台（动态接口）,https://www.cdpee.org.cn/,2026年08月17日
江苏省,南京市,HR招聘,北京易才人力资源顾问有限公司,江苏省·南京市·建邺区,大专,1,视力残疾1-3级;听力残疾1-3级;言语残疾1-3级;肢体残疾1-3级;智力残疾1-3级;精神残疾1-3级;多重残疾1-3级;,是,见原平台,中国残联就业服务平台（动态接口）,https://www.cdpee.org.cn/,2026年05月22日
四川省,成都市,成都急招（残疾人福利岗）五险一金，长白8小时，高薪技术岗,广州海仑企业服务有限公司,四川省·成都市·锦江区,学历不限,3,视力残疾1-4级;听力残疾1-4级;言语残疾1-4级;肢体残疾1-4级;智力残疾1-4级;精神残疾1-4级;多重残疾1-4级;,是,见原平台,中国残联就业服务平台（动态接口）,https://www.cdpee.org.cn/,2026年09月17日
天津市,天津市,天津档案处理员，双休，8小时，缴纳五险一金,广州海仑企业服务有限公司,天津市·天津市·河东区,学历不限,2,视力残疾1-4级;听力残疾1-4级;言语残疾1-4级;肢体残疾1-4级;智力残疾1-4级;精神残疾1-4级;多重残疾1-4级;,是,见原平台,中国残联就业服务平台（动态接口）,https://www.cdpee.org.cn/,2026年09月17日
新疆维吾尔自治区,喀什地区,奶茶店店长店员,喀什市冰皇茶后饮品店（个体工商户）,新疆维吾尔自治区·喀什地区·喀什市,学历不限,,视力残疾1-4级;听力残疾1-4级;言语残疾1-4级;肢体残疾1-4级;智力残疾1-4级;精神残疾1-4级;多重残疾1-4级;,是,见原平台,中国残联就业服务平台（动态接口）,https://www.cdpee.org.cn/,2026年05月10日
云南省,昭通市,艾草加工，种植,云南鑫会盟艾绒制品生产有限公司,云南省·昭通市·巧家县,学历不限,100,视力残疾4级;听力残疾4级;言语残疾4级;肢体残疾4级;智力残疾4级;精神残疾4级;,是,见原平台,中国残联就业服务平台（动态接口）,https://www.cdpee.org.cn/,2026年09月17日
江苏省,宿迁市,食品加工处理,宿迁市宿城区陆小青猪肉批发经营部,江苏省·宿迁市·湖滨新区,小学,100,"视力残疾3,4级;听力残疾3,4级;肢体残疾3,4级;智力残疾4级;多重残疾3,4级;",是,见原平台,中国残联就业服务平台（动态接口）,https://www.cdpee.org.cn/,2026年09月17日
湖南省,株洲市,垃圾清运工,湖南仁仁洁国际清洁科技集团股份有限公司荷塘分公司,湖南省·株洲市·荷塘区,学历不限,1,言语残疾1级;智力残疾1级;,是,见原平台,中国残联就业服务平台（动态接口）,https://www.cdpee.org.cn/,2026年09月17日
江苏省,徐州市,江苏徐州组件工+早八晚六+包吃+五险+坐班,陕西致广人力资源有限公司,江苏省·徐州市·邳州市,学历不限,20,"视力残疾1-4级;听力残疾1-4级;言语残疾1-4级;肢体残疾1-4级;智力残疾3,4级;多重残疾1-4级;",是,见原平台,中国残联就业服务平台（动态接口）,https://www.cdpee.org.cn/,2026年09月17日
广东省,江门市,生产工,江门市霞光照明电器有限公司,广东省·江门市·蓬江区,学历不限,1,听力残疾2-4级;言语残疾2-4级;肢体残疾4级;智力残疾4级;多重残疾4级;,是,见原平台,中国残联就业服务平台（动态接口）,https://www.cdpee.org.cn/,2026年09月17日
上海市,上海市,行政助理（上海闵行区）,北京易才人力资源顾问有限公司,上海市·上海市·闵行区,大专,1,视力残疾1-3级;听力残疾1-3级;言语残疾1-3级;肢体残疾1-3级;智力残疾1-3级;精神残疾1-3级;多重残疾1-3级;,是,见原平台,中国残联就业服务平台（动态接口）,https://www.cdpee.org.cn/,2026年08月17日
江苏省,南京市,HR招聘,北京易才人力资源顾问有限公司,江苏省·南京市·建邺区,大专,1,视力残疾1-3级;听力残疾1-3级;言语残疾1-3级;肢体残疾1-3级;智力残疾1-3级;精神残疾1-3级;多重残疾1-3级;,是,见原平台,中国残联就业服务平台（动态接口）,https://www.cdpee.org.cn/,2026年05月22日
四川省,成都市,成都急招（残疾人福利岗）五险一金，长白8小时，高薪技术岗,广州海仑企业服务有限公司,四川省·成都市·锦江区,学历不限,3,视力残疾1-4级;听力残疾1-4级;言语残疾1-4级;肢体残疾1-4级;智力残疾1-4级;精神残疾1-4级;多重残疾1-4级;,是,见原平台,中国残联就业服务平台（动态接口）,https://www.cdpee.org.cn/,2026年09月17日
天津市,天津市,天津档案处理员，双休，8小时，缴纳五险一金,广州海仑企业服务有限公司,天津市·天津市·河东区,学历不限,2,视力残疾1-4级;听力残疾1-4级;言语残疾1-4级;肢体残疾1-4级;智力残疾1-4级;精神残疾1-4级;多重残疾1-4级;,是,见原平台,中国残联就业服务平台（动态接口）,https://www.cdpee.org.cn/,2026年09月17日
新疆维吾尔自治区,喀什地区,奶茶店店长店员,喀什市冰皇茶后饮品店（个体工商户）,新疆维吾尔自治区·喀什地区·喀什市,学历不限,,视力残疾1-4级;听力残疾1-4级;言语残疾1-4级;肢体残疾1-4级;智力残疾1-4级;精神残疾1-4级;多重残疾1-4级;,是,见原平台,中国残联就业服务平台（动态接口）,https://www.cdpee.org.cn/,2026年05月10日
云南省,昭通市,艾草加工，种植,云南鑫会盟艾绒制品生产有限公司,云南省·昭通市·巧家县,学历不限,100,视力残疾4级;听力残疾4级;言语残疾4级;肢体残疾4级;智力残疾4级;精神残疾4级;,是,见原平台,中国残联就业服务平台（动态接口）,https://www.cdpee.org.cn/,2026年09月17日
江苏省,宿迁市,食品加工处理,宿迁市宿城区陆小青猪肉批发经营部,江苏省·宿迁市·湖滨新区,小学,100,"视力残疾3,4级;听力残疾3,4级;肢体残疾3,4级;智力残疾4级;多重残疾3,4级;",是,见原平台,中国残联就业服务平台（动态接口）,https://www.cdpee.org.cn/,2026年09月17日
湖南省,株洲市,垃圾清运工,湖南仁仁洁国际清洁科技集团股份有限公司荷塘分公司,湖南省·株洲市·荷塘区,学历不限,1,言语残疾1级;智力残疾1级;,是,见原平台,中国残联就业服务平台（动态接口）,https://www.cdpee.org.cn/,2026年09月17日
江苏省,徐州市,江苏徐州组件工+早八晚六+包吃+五险+坐班,陕西致广人力资源有限公司,江苏省·徐州市·邳州市,学历不限,20,"视力残疾1-4级;听力残疾1-4级;言语残疾1-4级;肢体残疾1-4级;智力残疾3,4级;多重残疾1-4级;",是,见原平台,中国残联就业服务平台（动态接口）,https://www.cdpee.org.cn/,2026年09月17日
广东省,江门市,生产工,江门市霞光照明电器有限公司,广东省·江门市·蓬江区,学历不限,1,听力残疾2-4级;言语残疾2-4级;肢体残疾4级;智力残疾4级;多重残疾4级;,是,见原平台,中国残联就业服务平台（动态接口）,https://www.cdpee.org.cn/,2026年09月17日
上海市,上海市,行政助理（上海闵行区）,北京易才人力资源顾问有限公司,上海市·上海市·闵行区,大专,1,视力残疾1-3级;听力残疾1-3级;言语残疾1-3级;肢体残疾1-3级;智力残疾1-3级;精神残疾1-3级;多重残疾1-3级;,是,见原平台,中国残联就业服务平台（动态接口）,https://www.cdpee.org.cn/,2026年08月17日
江苏省,南京市,HR招聘,北京易才人力资源顾问有限公司,江苏省·南京市·建邺区,大专,1,视力残疾1-3级;听力残疾1-3级;言语残疾1-3级;肢体残疾1-3级;智力残疾1-3级;精神残疾1-3级;多重残疾1-3级;,是,见原平台,中国残联就业服务平台（动态接口）,https://www.cdpee.org.cn/,2026年05月22日
四川省,成都市,成都急招（残疾人福利岗）五险一金，长白8小时，高薪技术岗,广州海仑企业服务有限公司,四川省·成都市·锦江区,学历不限,3,视力残疾1-4级;听力残疾1-4级;言语残疾1-4级;肢体残疾1-4级;智力残疾1-4级;精神残疾1-4级;多重残疾1-4级;,是,见原平台,中国残联就业服务平台（动态接口）,https://www.cdpee.org.cn/,2026年09月17日
天津市,天津市,天津档案处理员，双休，8小时，缴纳五险一金,广州海仑企业服务有限公司,天津市·天津市·河东区,学历不限,2,视力残疾1-4级;听力残疾1-4级;言语残疾1-4级;肢体残疾1-4级;智力残疾1-4级;精神残疾1-4级;多重残疾1-4级;,是,见原平台,中国残联就业服务平台（动态接口）,https://www.cdpee.org.cn/,2026年09月17日
新疆维吾尔自治区,喀什地区,奶茶店店长店员,喀什市冰皇茶后饮品店（个体工商户）,新疆维吾尔自治区·喀什地区·喀什市,学历不限,,视力残疾1-4级;听力残疾1-4级;言语残疾1-4级;肢体残疾1-4级;智力残疾1-4级;精神残疾1-4级;多重残疾1-4级;,是,见原平台,中国残联就业服务平台（动态接口）,https://www.cdpee.org.cn/,2026年05月10日
云南省,昭通市,艾草加工，种植,云南鑫会盟艾绒制品生产有限公司,云南省·昭通市·巧家县,学历不限,100,视力残疾4级;听力残疾4级;言语残疾4级;肢体残疾4级;智力残疾4级;精神残疾4级;,是,见原平台,中国残联就业服务平台（动态接口）,https://www.cdpee.org.cn/,2026年09月17日
江苏省,宿迁市,食品加工处理,宿迁市宿城区陆小青猪肉批发经营部,江苏省·宿迁市·湖滨新区,小学,100,"视力残疾3,4级;听力残疾3,4级;肢体残疾3,4级;智力残疾4级;多重残疾3,4级;",是,见原平台,中国残联就业服务平台（动态接口）,https://www.cdpee.org.cn/,2026年09月17日
湖南省,株洲市,垃圾清运工,湖南仁仁洁国际清洁科技集团股份有限公司荷塘分公司,湖南省·株洲市·荷塘区,学历不限,1,言语残疾1级;智力残疾1级;,是,见原平台,中国残联就业服务平台（动态接口）,https://www.cdpee.org.cn/,2026年09月17日
江苏省,徐州市,江苏徐州组件工+早八晚六+包吃+五险+坐班,陕西致广人力资源有限公司,江苏省·徐州市·邳州市,学历不限,20,"视力残疾1-4级;听力残疾1-4级;言语残疾1-4级;肢体残疾1-4级;智力残疾3,4级;多重残疾1-4级;",是,见原平台,中国残联就业服务平台（动态接口）,https://www.cdpee.org.cn/,2026年09月17日
广东省,江门市,生产工,江门市霞光照明电器有限公司,广东省·江门市·蓬江区,学历不限,1,听力残疾2-4级;言语残疾2-4级;肢体残疾4级;智力残疾4级;多重残疾4级;,是,见原平台,中国残联就业服务平台（动态接口）,https://www.cdpee.org.cn/,2026年09月17日
上海市,上海市,行政助理（上海闵行区）,北京易才人力资源顾问有限公司,上海市·上海市·闵行区,大专,1,视力残疾1-3级;听力残疾1-3级;言语残疾1-3级;肢体残疾1-3级;智力残疾1-3级;精神残疾1-3级;多重残疾1-3级;,是,见原平台,中国残联就业服务平台（动态接口）,https://www.cdpee.org.cn/,2026年08月17日
江苏省,南京市,HR招聘,北京易才人力资源顾问有限公司,江苏省·南京市·建邺区,大专,1,视力残疾1-3级;听力残疾1-3级;言语残疾1-3级;肢体残疾1-3级;智力残疾1-3级;精神残疾1-3级;多重残疾1-3级;,是,见原平台,中国残联就业服务平台（动态接口）,https://www.cdpee.org.cn/,2026年05月22日
四川省,成都市,成都急招（残疾人福利岗）五险一金，长白8小时，高薪技术岗,广州海仑企业服务有限公司,四川省·成都市·锦江区,学历不限,3,视力残疾1-4级;听力残疾1-4级;言语残疾1-4级;肢体残疾1-4级;智力残疾1-4级;精神残疾1-4级;多重残疾1-4级;,是,见原平台,中国残联就业服务平台（动态接口）,https://www.cdpee.org.cn/,2026年09月17日
天津市,天津市,天津档案处理员，双休，8小时，缴纳五险一金,广州海仑企业服务有限公司,天津市·天津市·河东区,学历不限,2,视力残疾1-4级;听力残疾1-4级;言语残疾1-4级;肢体残疾1-4级;智力残疾1-4级;精神残疾1-4级;多重残疾1-4级;,是,见原平台,中国残联就业服务平台（动态接口）,https://www.cdpee.org.cn/,2026年09月17日
新疆维吾尔自治区,喀什地区,奶茶店店长店员,喀什市冰皇茶后饮品店（个体工商户）,新疆维吾尔自治区·喀什地区·喀什市,学历不限,,视力残疾1-4级;听力残疾1-4级;言语残疾1-4级;肢体残疾1-4级;智力残疾1-4级;精神残疾1-4级;多重残疾1-4级;,是,见原平台,中国残联就业服务平台（动态接口）,https://www.cdpee.org.cn/,2026年05月10日
云南省,昭通市,艾草加工，种植,云南鑫会盟艾绒制品生产有限公司,云南省·昭通市·巧家县,学历不限,100,视力残疾4级;听力残疾4级;言语残疾4级;肢体残疾4级;智力残疾4级;精神残疾4级;,是,见原平台,中国残联就业服务平台（动态接口）,https://www.cdpee.org.cn/,2026年09月17日
江苏省,宿迁市,食品加工处理,宿迁市宿城区陆小青猪肉批发经营部,江苏省·宿迁市·湖滨新区,小学,100,"视力残疾3,4级;听力残疾3,4级;肢体残疾3,4级;智力残疾4级;多重残疾3,4级;",是,见原平台,中国残联就业服务平台（动态接口）,https://www.cdpee.org.cn/,2026年09月17日
湖南省,株洲市,垃圾清运工,湖南仁仁洁国际清洁科技集团股份有限公司荷塘分公司,湖南省·株洲市·荷塘区,学历不限,1,言语残疾1级;智力残疾1级;,是,见原平台,中国残联就业服务平台（动态接口）,https://www.cdpee.org.cn/,2026年09月17日
江苏省,徐州市,江苏徐州组件工+早八晚六+包吃+五险+坐班,陕西致广人力资源有限公司,江苏省·徐州市·邳州市,学历不限,20,"视力残疾1-4级;听力残疾1-4级;言语残疾1-4级;肢体残疾1-4级;智力残疾3,4级;多重残疾1-4级;",是,见原平台,中国残联就业服务平台（动态接口）,https://www.cdpee.org.cn/,2026年09月17日
广东省,江门市,生产工,江门市霞光照明电器有限公司,广东省·江门市·蓬江区,学历不限,1,听力残疾2-4级;言语残疾2-4级;肢体残疾4级;智力残疾4级;多重残疾4级;,是,见原平台,中国残联就业服务平台（动态接口）,https://www.cdpee.org.cn/,2026年09月17日
上海市,上海市,行政助理（上海闵行区）,北京易才人力资源顾问有限公司,上海市·上海市·闵行区,大专,1,视力残疾1-3级;听力残疾1-3级;言语残疾1-3级;肢体残疾1-3级;智力残疾1-3级;精神残疾1-3级;多重残疾1-3级;,是,见原平台,中国残联就业服务平台（动态接口）,https://www.cdpee.org.cn/,2026年08月17日
江苏省,南京市,HR招聘,北京易才人力资源顾问有限公司,江苏省·南京市·建邺区,大专,1,视力残疾1-3级;听力残疾1-3级;言语残疾1-3级;肢体残疾1-3级;智力残疾1-3级;精神残疾1-3级;多重残疾1-3级;,是,见原平台,中国残联就业服务平台（动态接口）,https://www.cdpee.org.cn/,2026年05月22日
四川省,成都市,成都急招（残疾人福利岗）五险一金，长白8小时，高薪技术岗,广州海仑企业服务有限公司,四川省·成都市·锦江区,学历不限,3,视力残疾1-4级;听力残疾1-4级;言语残疾1-4级;肢体残疾1-4级;智力残疾1-4级;精神残疾1-4级;多重残疾1-4级;,是,见原平台,中国残联就业服务平台（动态接口）,https://www.cdpee.org.cn/,2026年09月17日
天津市,天津市,天津档案处理员，双休，8小时，缴纳五险一金,广州海仑企业服务有限公司,天津市·天津市·河东区,学历不限,2,视力残疾1-4级;听力残疾1-4级;言语残疾1-4级;肢体残疾1-4级;智力残疾1-4级;精神残疾1-4级;多重残疾1-4级;,是,见原平台,中国残联就业服务平台（动态接口）,https://www.cdpee.org.cn/,2026年09月17日
新疆维吾尔自治区,喀什地区,奶茶店店长店员,喀什市冰皇茶后饮品店（个体工商户）,新疆维吾尔自治区·喀什地区·喀什市,学历不限,,视力残疾1-4级;听力残疾1-4级;言语残疾1-4级;肢体残疾1-4级;智力残疾1-4级;精神残疾1-4级;多重残疾1-4级;,是,见原平台,中国残联就业服务平台（动态接口）,https://www.cdpee.org.cn/,2026年05月10日
云南省,昭通市,艾草加工，种植,云南鑫会盟艾绒制品生产有限公司,云南省·昭通市·巧家县,学历不限,100,视力残疾4级;听力残疾4级;言语残疾4级;肢体残疾4级;智力残疾4级;精神残疾4级;,是,见原平台,中国残联就业服务平台（动态接口）,https://www.cdpee.org.cn/,2026年09月17日
江苏省,宿迁市,食品加工处理,宿迁市宿城区陆小青猪肉批发经营部,江苏省·宿迁市·湖滨新区,小学,100,"视力残疾3,4级;听力残疾3,4级;肢体残疾3,4级;智力残疾4级;多重残疾3,4级;",是,见原平台,中国残联就业服务平台（动态接口）,https://www.cdpee.org.cn/,2026年09月17日
湖南省,株洲市,垃圾清运工,湖南仁仁洁国际清洁科技集团股份有限公司荷塘分公司,湖南省·株洲市·荷塘区,学历不限,1,言语残疾1级;智力残疾1级;,是,见原平台,中国残联就业服务平台（动态接口）,https://www.cdpee.org.cn/,2026年09月17日
江苏省,徐州市,江苏徐州组件工+早八晚六+包吃+五险+坐班,陕西致广人力资源有限公司,江苏省·徐州市·邳州市,学历不限,20,"视力残疾1-4级;听力残疾1-4级;言语残疾1-4级;肢体残疾1-4级;智力残疾3,4级;多重残疾1-4级;",是,见原平台,中国残联就业服务平台（动态接口）,https://www.cdpee.org.cn/,2026年09月17日
广东省,江门市,生产工,江门市霞光照明电器有限公司,广东省·江门市·蓬江区,学历不限,1,听力残疾2-4级;言语残疾2-4级;肢体残疾4级;智力残疾4级;多重残疾4级;,是,见原平台,中国残联就业服务平台（动态接口）,https://www.cdpee.org.cn/,2026年09月17日
上海市,上海市,行政助理（上海闵行区）,北京易才人力资源顾问有限公司,上海市·上海市·闵行区,大专,1,视力残疾1-3级;听力残疾1-3级;言语残疾1-3级;肢体残疾1-3级;智力残疾1-3级;精神残疾1-3级;多重残疾1-3级;,是,见原平台,中国残联就业服务平台（动态接口）,https://www.cdpee.org.cn/,2026年08月17日
江苏省,南京市,HR招聘,北京易才人力资源顾问有限公司,江苏省·南京市·建邺区,大专,1,视力残疾1-3级;听力残疾1-3级;言语残疾1-3级;肢体残疾1-3级;智力残疾1-3级;精神残疾1-3级;多重残疾1-3级;,是,见原平台,中国残联就业服务平台（动态接口）,https://www.cdpee.org.cn/,2026年05月22日
四川省,成都市,成都急招（残疾人福利岗）五险一金，长白8小时，高薪技术岗,广州海仑企业服务有限公司,四川省·成都市·锦江区,学历不限,3,视力残疾1-4级;听力残疾1-4级;言语残疾1-4级;肢体残疾1-4级;智力残疾1-4级;精神残疾1-4级;多重残疾1-4级;,是,见原平台,中国残联就业服务平台（动态接口）,https://www.cdpee.org.cn/,2026年09月17日
天津市,天津市,天津档案处理员，双休，8小时，缴纳五险一金,广州海仑企业服务有限公司,天津市·天津市·河东区,学历不限,2,视力残疾1-4级;听力残疾1-4级;言语残疾1-4级;肢体残疾1-4级;智力残疾1-4级;精神残疾1-4级;多重残疾1-4级;,是,见原平台,中国残联就业服务平台（动态接口）,https://www.cdpee.org.cn/,2026年09月17日
新疆维吾尔自治区,喀什地区,奶茶店店长店员,喀什市冰皇茶后饮品店（个体工商户）,新疆维吾尔自治区·喀什地区·喀什市,学历不限,,视力残疾1-4级;听力残疾1-4级;言语残疾1-4级;肢体残疾1-4级;智力残疾1-4级;精神残疾1-4级;多重残疾1-4级;,是,见原平台,中国残联就业服务平台（动态接口）,https://www.cdpee.org.cn/,2026年05月10日
云南省,昭通市,艾草加工，种植,云南鑫会盟艾绒制品生产有限公司,云南省·昭通市·巧家县,学历不限,100,视力残疾4级;听力残疾4级;言语残疾4级;肢体残疾4级;智力残疾4级;精神残疾4级;,是,见原平台,中国残联就业服务平台（动态接口）,https://www.cdpee.org.cn/,2026年09月17日
江苏省,宿迁市,食品加工处理,宿迁市宿城区陆小青猪肉批发经营部,江苏省·宿迁市·湖滨新区,小学,100,"视力残疾3,4级;听力残疾3,4级;肢体残疾3,4级;智力残疾4级;多重残疾3,4级;",是,见原平台,中国残联就业服务平台（动态接口）,https://www.cdpee.org.cn/,2026年09月17日
湖南省,株洲市,垃圾清运工,湖南仁仁洁国际清洁科技集团股份有限公司荷塘分公司,湖南省·株洲市·荷塘区,学历不限,1,言语残疾1级;智力残疾1级;,是,见原平台,中国残联就业服务平台（动态接口）,https://www.cdpee.org.cn/,2026年09月17日
江苏省,徐州市,江苏徐州组件工+早八晚六+包吃+五险+坐班,陕西致广人力资源有限公司,江苏省·徐州市·邳州市,学历不限,20,"视力残疾1-4级;听力残疾1-4级;言语残疾1-4级;肢体残疾1-4级;智力残疾3,4级;多重残疾1-4级;",是,见原平台,中国残联就业服务平台（动态接口）,https://www.cdpee.org.cn/,2026年09月17日
广东省,江门市,生产工,江门市霞光照明电器有限公司,广东省·江门市·蓬江区,学历不限,1,听力残疾2-4级;言语残疾2-4级;肢体残疾4级;智力残疾4级;多重残疾4级;,是,见原平台,中国残联就业服务平台（动态接口）,https://www.cdpee.org.cn/,2026年09月17日
上海市,上海市,行政助理（上海闵行区）,北京易才人力资源顾问有限公司,上海市·上海市·闵行区,大专,1,视力残疾1-3级;听力残疾1-3级;言语残疾1-3级;肢体残疾1-3级;智力残疾1-3级;精神残疾1-3级;多重残疾1-3级;,是,见原平台,中国残联就业服务平台（动态接口）,https://www.cdpee.org.cn/,2026年08月17日
江苏省,南京市,HR招聘,北京易才人力资源顾问有限公司,江苏省·南京市·建邺区,大专,1,视力残疾1-3级;听力残疾1-3级;言语残疾1-3级;肢体残疾1-3级;智力残疾1-3级;精神残疾1-3级;多重残疾1-3级;,是,见原平台,中国残联就业服务平台（动态接口）,https://www.cdpee.org.cn/,2026年05月22日
四川省,成都市,成都急招（残疾人福利岗）五险一金，长白8小时，高薪技术岗,广州海仑企业服务有限公司,四川省·成都市·锦江区,学历不限,3,视力残疾1-4级;听力残疾1-4级;言语残疾1-4级;肢体残疾1-4级;智力残疾1-4级;精神残疾1-4级;多重残疾1-4级;,是,见原平台,中国残联就业服务平台（动态接口）,https://www.cdpee.org.cn/,2026年09月17日
天津市,天津市,天津档案处理员，双休，8小时，缴纳五险一金,广州海仑企业服务有限公司,天津市·天津市·河东区,学历不限,2,视力残疾1-4级;听力残疾1-4级;言语残疾1-4级;肢体残疾1-4级;智力残疾1-4级;精神残疾1-4级;多重残疾1-4级;,是,见原平台,中国残联就业服务平台（动态接口）,https://www.cdpee.org.cn/,2026年09月17日
新疆维吾尔自治区,喀什地区,奶茶店店长店员,喀什市冰皇茶后饮品店（个体工商户）,新疆维吾尔自治区·喀什地区·喀什市,学历不限,,视力残疾1-4级;听力残疾1-4级;言语残疾1-4级;肢体残疾1-4级;智力残疾1-4级;精神残疾1-4级;多重残疾1-4级;,是,见原平台,中国残联就业服务平台（动态接口）,https://www.cdpee.org.cn/,2026年05月10日
云南省,昭通市,艾草加工，种植,云南鑫会盟艾绒制品生产有限公司,云南省·昭通市·巧家县,学历不限,100,视力残疾4级;听力残疾4级;言语残疾4级;肢体残疾4级;智力残疾4级;精神残疾4级;,是,见原平台,中国残联就业服务平台（动态接口）,https://www.cdpee.org.cn/,2026年09月17日
江苏省,宿迁市,食品加工处理,宿迁市宿城区陆小青猪肉批发经营部,江苏省·宿迁市·湖滨新区,小学,100,"视力残疾3,4级;听力残疾3,4级;肢体残疾3,4级;智力残疾4级;多重残疾3,4级;",是,见原平台,中国残联就业服务平台（动态接口）,https://www.cdpee.org.cn/,2026年09月17日
湖南省,株洲市,垃圾清运工,湖南仁仁洁国际清洁科技集团股份有限公司荷塘分公司,湖南省·株洲市·荷塘区,学历不限,1,言语残疾1级;智力残疾1级;,是,见原平台,中国残联就业服务平台（动态接口）,https://www.cdpee.org.cn/,2026年09月17日
湖南省,常德市,片鸭学徒,武陵区京粤炉烤鸭店（个体工商户）,湖南省·常德市·武陵区,学历不限,,视力残疾1-4级;听力残疾1-4级;言语残疾1-4级;肢体残疾1-4级;智力残疾1-4级;精神残疾1-4级;多重残疾1-4级;,是,见原平台,中国残联就业服务平台（动态接口）,https://www.cdpee.org.cn/,2026年04月19日
江苏省,徐州市,江苏徐州组件工+早八晚六+包吃+五险+坐班,陕西致广人力资源有限公司,江苏省·徐州市·邳州市,学历不限,20,"视力残疾1-4级;听力残疾1-4级;言语残疾1-4级;肢体残疾1-4级;智力残疾3,4级;多重残疾1-4级;",是,见原平台,中国残联就业服务平台（动态接口）,https://www.cdpee.org.cn/,2026年09月17日
广东省,江门市,生产工,江门市霞光照明电器有限公司,广东省·江门市·蓬江区,学历不限,1,听力残疾2-4级;言语残疾2-4级;肢体残疾4级;智力残疾4级;多重残疾4级;,是,见原平台,中国残联就业服务平台（动态接口）,https://www.cdpee.org.cn/,2026年09月17日
上海市,上海市,行政助理（上海闵行区）,北京易才人力资源顾问有限公司,上海市·上海市·闵行区,大专,1,视力残疾1-3级;听力残疾1-3级;言语残疾1-3级;肢体残疾1-3级;智力残疾1-3级;精神残疾1-3级;多重残疾1-3级;,是,见原平台,中国残联就业服务平台（动态接口）,https://www.cdpee.org.cn/,2026年08月17日
江苏省,南京市,HR招聘,北京易才人力资源顾问有限公司,江苏省·南京市·建邺区,大专,1,视力残疾1-3级;听力残疾1-3级;言语残疾1-3级;肢体残疾1-3级;智力残疾1-3级;精神残疾1-3级;多重残疾1-3级;,是,见原平台,中国残联就业服务平台（动态接口）,https://www.cdpee.org.cn/,2026年05月22日
四川省,成都市,成都急招（残疾人福利岗）五险一金，长白8小时，高薪技术岗,广州海仑企业服务有限公司,四川省·成都市·锦江区,学历不限,3,视力残疾1-4级;听力残疾1-4级;言语残疾1-4级;肢体残疾1-4级;智力残疾1-4级;精神残疾1-4级;多重残疾1-4级;,是,见原平台,中国残联就业服务平台（动态接口）,https://www.cdpee.org.cn/,2026年09月17日
天津市,天津市,天津档案处理员，双休，8小时，缴纳五险一金,广州海仑企业服务有限公司,天津市·天津市·河东区,学历不限,2,视力残疾1-4级;听力残疾1-4级;言语残疾1-4级;肢体残疾1-4级;智力残疾1-4级;精神残疾1-4级;多重残疾1-4级;,是,见原平台,中国残联就业服务平台（动态接口）,https://www.cdpee.org.cn/,2026年09月17日
江苏省,镇江市,全职营养师,上海沄数健康咨询有限公司,江苏省·镇江市·润州区,大专,,视力残疾1-4级;听力残疾1-4级;言语残疾1-4级;肢体残疾1-4级;智力残疾1-4级;精神残疾1-4级;多重残疾1-4级;,是,见原平台,中国残联就业服务平台（动态接口）,https://www.cdpee.org.cn/,2026年03月30日
云南省,昆明市,手机维修工程师,呈贡区机站电子设备维修服务店（个体工商户）,云南省·昆明市·西山区,大专,,视力残疾1-4级;听力残疾1-4级;言语残疾1-4级;肢体残疾1-4级;智力残疾1-4级;精神残疾1-4级;多重残疾1-4级;,是,见原平台,中国残联就业服务平台（动态接口）,https://www.cdpee.org.cn/,2026年07月03日
云南省,昭通市,艾草加工，种植,云南鑫会盟艾绒制品生产有限公司,云南省·昭通市·巧家县,学历不限,100,视力残疾4级;听力残疾4级;言语残疾4级;肢体残疾4级;智力残疾4级;精神残疾4级;,是,见原平台,中国残联就业服务平台（动态接口）,https://www.cdpee.org.cn/,2026年09月17日
江苏省,宿迁市,食品加工处理,宿迁市宿城区陆小青猪肉批发经营部,江苏省·宿迁市·湖滨新区,小学,100,"视力残疾3,4级;听力残疾3,4级;肢体残疾3,4级;智力残疾4级;多重残疾3,4级;",是,见原平台,中国残联就业服务平台（动态接口）,https://www.cdpee.org.cn/,2026年09月17日
湖南省,株洲市,垃圾清运工,湖南仁仁洁国际清洁科技集团股份有限公司荷塘分公司,湖南省·株洲市·荷塘区,学历不限,1,言语残疾1级;智力残疾1级;,是,见原平台,中国残联就业服务平台（动态接口）,https://www.cdpee.org.cn/,2026年09月17日
湖南省,常德市,片鸭学徒,武陵区京粤炉烤鸭店（个体工商户）,湖南省·常德市·武陵区,学历不限,,视力残疾1-4级;听力残疾1-4级;言语残疾1-4级;肢体残疾1-4级;智力残疾1-4级;精神残疾1-4级;多重残疾1-4级;,是,见原平台,中国残联就业服务平台（动态接口）,https://www.cdpee.org.cn/,2026年04月19日
江苏省,徐州市,江苏徐州组件工+早八晚六+包吃+五险+坐班,陕西致广人力资源有限公司,江苏省·徐州市·邳州市,学历不限,20,"视力残疾1-4级;听力残疾1-4级;言语残疾1-4级;肢体残疾1-4级;智力残疾3,4级;多重残疾1-4级;",是,见原平台,中国残联就业服务平台（动态接口）,https://www.cdpee.org.cn/,2026年09月17日
广东省,江门市,生产工,江门市霞光照明电器有限公司,广东省·江门市·蓬江区,学历不限,1,听力残疾2-4级;言语残疾2-4级;肢体残疾4级;智力残疾4级;多重残疾4级;,是,见原平台,中国残联就业服务平台（动态接口）,https://www.cdpee.org.cn/,2026年09月17日
上海市,上海市,行政助理（上海闵行区）,北京易才人力资源顾问有限公司,上海市·上海市·闵行区,大专,1,视力残疾1-3级;听力残疾1-3级;言语残疾1-3级;肢体残疾1-3级;智力残疾1-3级;精神残疾1-3级;多重残疾1-3级;,是,见原平台,中国残联就业服务平台（动态接口）,https://www.cdpee.org.cn/,2026年08月17日
江苏省,南京市,HR招聘,北京易才人力资源顾问有限公司,江苏省·南京市·建邺区,大专,1,视力残疾1-3级;听力残疾1-3级;言语残疾1-3级;肢体残疾1-3级;智力残疾1-3级;精神残疾1-3级;多重残疾1-3级;,是,见原平台,中国残联就业服务平台（动态接口）,https://www.cdpee.org.cn/,2026年05月22日
四川省,成都市,成都急招（残疾人福利岗）五险一金，长白8小时，高薪技术岗,广州海仑企业服务有限公司,四川省·成都市·锦江区,学历不限,3,视力残疾1-4级;听力残疾1-4级;言语残疾1-4级;肢体残疾1-4级;智力残疾1-4级;精神残疾1-4级;多重残疾1-4级;,是,见原平台,中国残联就业服务平台（动态接口）,https://www.cdpee.org.cn/,2026年09月17日
天津市,天津市,天津档案处理员，双休，8小时，缴纳五险一金,广州海仑企业服务有限公司,天津市·天津市·河东区,学历不限,2,视力残疾1-4级;听力残疾1-4级;言语残疾1-4级;肢体残疾1-4级;智力残疾1-4级;精神残疾1-4级;多重残疾1-4级;,是,见原平台,中国残联就业服务平台（动态接口）,https://www.cdpee.org.cn/,2026年09月17日
江苏省,镇江市,全职营养师,上海沄数健康咨询有限公司,江苏省·镇江市·润州区,大专,,视力残疾1-4级;听力残疾1-4级;言语残疾1-4级;肢体残疾1-4级;智力残疾1-4级;精神残疾1-4级;多重残疾1-4级;,是,见原平台,中国残联就业服务平台（动态接口）,https://www.cdpee.org.cn/,2026年03月30日
云南省,昆明市,手机维修工程师,呈贡区机站电子设备维修服务店（个体工商户）,云南省·昆明市·西山区,大专,,视力残疾1-4级;听力残疾1-4级;言语残疾1-4级;肢体残疾1-4级;智力残疾1-4级;精神残疾1-4级;多重残疾1-4级;,是,见原平台,中国残联就业服务平台（动态接口）,https://www.cdpee.org.cn/,2026年07月03日
云南省,昭通市,艾草加工，种植,云南鑫会盟艾绒制品生产有限公司,云南省·昭通市·巧家县,学历不限,100,视力残疾4级;听力残疾4级;言语残疾4级;肢体残疾4级;智力残疾4级;精神残疾4级;,是,见原平台,中国残联就业服务平台（动态接口）,https://www.cdpee.org.cn/,2026年09月17日
江苏省,宿迁市,食品加工处理,宿迁市宿城区陆小青猪肉批发经营部,江苏省·宿迁市·湖滨新区,小学,100,"视力残疾3,4级;听力残疾3,4级;肢体残疾3,4级;智力残疾4级;多重残疾3,4级;",是,见原平台,中国残联就业服务平台（动态接口）,https://www.cdpee.org.cn/,2026年09月17日
湖南省,株洲市,垃圾清运工,湖南仁仁洁国际清洁科技集团股份有限公司荷塘分公司,湖南省·株洲市·荷塘区,学历不限,1,言语残疾1级;智力残疾1级;,是,见原平台,中国残联就业服务平台（动态接口）,https://www.cdpee.org.cn/,2026年09月17日
湖南省,常德市,片鸭学徒,武陵区京粤炉烤鸭店（个体工商户）,湖南省·常德市·武陵区,学历不限,,视力残疾1-4级;听力残疾1-4级;言语残疾1-4级;肢体残疾1-4级;智力残疾1-4级;精神残疾1-4级;多重残疾1-4级;,是,见原平台,中国残联就业服务平台（动态接口）,https://www.cdpee.org.cn/,2026年04月19日
江苏省,徐州市,江苏徐州组件工+早八晚六+包吃+五险+坐班,陕西致广人力资源有限公司,江苏省·徐州市·邳州市,学历不限,20,"视力残疾1-4级;听力残疾1-4级;言语残疾1-4级;肢体残疾1-4级;智力残疾3,4级;多重残疾1-4级;",是,见原平台,中国残联就业服务平台（动态接口）,https://www.cdpee.org.cn/,2026年09月17日
广东省,江门市,生产工,江门市霞光照明电器有限公司,广东省·江门市·蓬江区,学历不限,1,听力残疾2-4级;言语残疾2-4级;肢体残疾4级;智力残疾4级;多重残疾4级;,是,见原平台,中国残联就业服务平台（动态接口）,https://www.cdpee.org.cn/,2026年09月17日
上海市,上海市,行政助理（上海闵行区）,北京易才人力资源顾问有限公司,上海市·上海市·闵行区,大专,1,视力残疾1-3级;听力残疾1-3级;言语残疾1-3级;肢体残疾1-3级;智力残疾1-3级;精神残疾1-3级;多重残疾1-3级;,是,见原平台,中国残联就业服务平台（动态接口）,https://www.cdpee.org.cn/,2026年08月17日
江苏省,南京市,HR招聘,北京易才人力资源顾问有限公司,江苏省·南京市·建邺区,大专,1,视力残疾1-3级;听力残疾1-3级;言语残疾1-3级;肢体残疾1-3级;智力残疾1-3级;精神残疾1-3级;多重残疾1-3级;,是,见原平台,中国残联就业服务平台（动态接口）,https://www.cdpee.org.cn/,2026年05月22日
四川省,成都市,成都急招（残疾人福利岗）五险一金，长白8小时，高薪技术岗,广州海仑企业服务有限公司,四川省·成都市·锦江区,学历不限,3,视力残疾1-4级;听力残疾1-4级;言语残疾1-4级;肢体残疾1-4级;智力残疾1-4级;精神残疾1-4级;多重残疾1-4级;,是,见原平台,中国残联就业服务平台（动态接口）,https://www.cdpee.org.cn/,2026年09月17日
天津市,天津市,天津档案处理员，双休，8小时，缴纳五险一金,广州海仑企业服务有限公司,天津市·天津市·河东区,学历不限,2,视力残疾1-4级;听力残疾1-4级;言语残疾1-4级;肢体残疾1-4级;智力残疾1-4级;精神残疾1-4级;多重残疾1-4级;,是,见原平台,中国残联就业服务平台（动态接口）,https://www.cdpee.org.cn/,2026年09月17日
江苏省,镇江市,全职营养师,上海沄数健康咨询有限公司,江苏省·镇江市·润州区,大专,,视力残疾1-4级;听力残疾1-4级;言语残疾1-4级;肢体残疾1-4级;智力残疾1-4级;精神残疾1-4级;多重残疾1-4级;,是,见原平台,中国残联就业服务平台（动态接口）,https://www.cdpee.org.cn/,2026年03月30日
云南省,昆明市,手机维修工程师,呈贡区机站电子设备维修服务店（个体工商户）,云南省·昆明市·西山区,大专,,视力残疾1-4级;听力残疾1-4级;言语残疾1-4级;肢体残疾1-4级;智力残疾1-4级;精神残疾1-4级;多重残疾1-4级;,是,见原平台,中国残联就业服务平台（动态接口）,https://www.cdpee.org.cn/,2026年07月03日
云南省,昭通市,艾草加工，种植,云南鑫会盟艾绒制品生产有限公司,云南省·昭通市·巧家县,学历不限,100,视力残疾4级;听力残疾4级;言语残疾4级;肢体残疾4级;智力残疾4级;精神残疾4级;,是,见原平台,中国残联就业服务平台（动态接口）,https://www.cdpee.org.cn/,2026年09月17日
江苏省,宿迁市,食品加工处理,宿迁市宿城区陆小青猪肉批发经营部,江苏省·宿迁市·湖滨新区,小学,100,"视力残疾3,4级;听力残疾3,4级;肢体残疾3,4级;智力残疾4级;多重残疾3,4级;",是,见原平台,中国残联就业服务平台（动态接口）,https://www.cdpee.org.cn/,2026年09月17日
湖南省,株洲市,垃圾清运工,湖南仁仁洁国际清洁科技集团股份有限公司荷塘分公司,湖南省·株洲市·荷塘区,学历不限,1,言语残疾1级;智力残疾1级;,是,见原平台,中国残联就业服务平台（动态接口）,https://www.cdpee.org.cn/,2026年09月17日
湖南省,常德市,片鸭学徒,武陵区京粤炉烤鸭店（个体工商户）,湖南省·常德市·武陵区,学历不限,,视力残疾1-4级;听力残疾1-4级;言语残疾1-4级;肢体残疾1-4级;智力残疾1-4级;精神残疾1-4级;多重残疾1-4级;,是,见原平台,中国残联就业服务平台（动态接口）,https://www.cdpee.org.cn/,2026年04月19日
江苏省,徐州市,江苏徐州组件工+早八晚六+包吃+五险+坐班,陕西致广人力资源有限公司,江苏省·徐州市·邳州市,学历不限,20,"视力残疾1-4级;听力残疾1-4级;言语残疾1-4级;肢体残疾1-4级;智力残疾3,4级;多重残疾1-4级;",是,见原平台,中国残联就业服务平台（动态接口）,https://www.cdpee.org.cn/,2026年09月17日
广东省,江门市,生产工,江门市霞光照明电器有限公司,广东省·江门市·蓬江区,学历不限,1,听力残疾2-4级;言语残疾2-4级;肢体残疾4级;智力残疾4级;多重残疾4级;,是,见原平台,中国残联就业服务平台（动态接口）,https://www.cdpee.org.cn/,2026年09月17日
上海市,上海市,行政助理（上海闵行区）,北京易才人力资源顾问有限公司,上海市·上海市·闵行区,大专,1,视力残疾1-3级;听力残疾1-3级;言语残疾1-3级;肢体残疾1-3级;智力残疾1-3级;精神残疾1-3级;多重残疾1-3级;,是,见原平台,中国残联就业服务平台（动态接口）,https://www.cdpee.org.cn/,2026年08月17日
江苏省,南京市,HR招聘,北京易才人力资源顾问有限公司,江苏省·南京市·建邺区,大专,1,视力残疾1-3级;听力残疾1-3级;言语残疾1-3级;肢体残疾1-3级;智力残疾1-3级;精神残疾1-3级;多重残疾1-3级;,是,见原平台,中国残联就业服务平台（动态接口）,https://www.cdpee.org.cn/,2026年05月22日
四川省,成都市,成都急招（残疾人福利岗）五险一金，长白8小时，高薪技术岗,广州海仑企业服务有限公司,四川省·成都市·锦江区,学历不限,3,视力残疾1-4级;听力残疾1-4级;言语残疾1-4级;肢体残疾1-4级;智力残疾1-4级;精神残疾1-4级;多重残疾1-4级;,是,见原平台,中国残联就业服务平台（动态接口）,https://www.cdpee.org.cn/,2026年09月17日
天津市,天津市,天津档案处理员，双休，8小时，缴纳五险一金,广州海仑企业服务有限公司,天津市·天津市·河东区,学历不限,2,视力残疾1-4级;听力残疾1-4级;言语残疾1-4级;肢体残疾1-4级;智力残疾1-4级;精神残疾1-4级;多重残疾1-4级;,是,见原平台,中国残联就业服务平台（动态接口）,https://www.cdpee.org.cn/,2026年09月17日
江苏省,镇江市,全职营养师,上海沄数健康咨询有限公司,江苏省·镇江市·润州区,大专,,视力残疾1-4级;听力残疾1-4级;言语残疾1-4级;肢体残疾1-4级;智力残疾1-4级;精神残疾1-4级;多重残疾1-4级;,是,见原平台,中国残联就业服务平台（动态接口）,https://www.cdpee.org.cn/,2026年03月30日
云南省,昆明市,手机维修工程师,呈贡区机站电子设备维修服务店（个体工商户）,云南省·昆明市·西山区,大专,,视力残疾1-4级;听力残疾1-4级;言语残疾1-4级;肢体残疾1-4级;智力残疾1-4级;精神残疾1-4级;多重残疾1-4级;,是,见原平台,中国残联就业服务平台（动态接口）,https://www.cdpee.org.cn/,2026年07月03日
云南省,昭通市,艾草加工，种植,云南鑫会盟艾绒制品生产有限公司,云南省·昭通市·巧家县,学历不限,100,视力残疾4级;听力残疾4级;言语残疾4级;肢体残疾4级;智力残疾4级;精神残疾4级;,是,见原平台,中国残联就业服务平台（动态接口）,https://www.cdpee.org.cn/,2026年09月17日
江苏省,宿迁市,食品加工处理,宿迁市宿城区陆小青猪肉批发经营部,江苏省·宿迁市·湖滨新区,小学,100,"视力残疾3,4级;听力残疾3,4级;肢体残疾3,4级;智力残疾4级;多重残疾3,4级;",是,见原平台,中国残联就业服务平台（动态接口）,https://www.cdpee.org.cn/,2026年09月17日
湖南省,株洲市,垃圾清运工,湖南仁仁洁国际清洁科技集团股份有限公司荷塘分公司,湖南省·株洲市·荷塘区,学历不限,1,言语残疾1级;智力残疾1级;,是,见原平台,中国残联就业服务平台（动态接口）,https://www.cdpee.org.cn/,2026年09月17日
湖南省,常德市,片鸭学徒,武陵区京粤炉烤鸭店（个体工商户）,湖南省·常德市·武陵区,学历不限,,视力残疾1-4级;听力残疾1-4级;言语残疾1-4级;肢体残疾1-4级;智力残疾1-4级;精神残疾1-4级;多重残疾1-4级;,是,见原平台,中国残联就业服务平台（动态接口）,https://www.cdpee.org.cn/,2026年04月19日
江苏省,徐州市,江苏徐州组件工+早八晚六+包吃+五险+坐班,陕西致广人力资源有限公司,江苏省·徐州市·邳州市,学历不限,20,"视力残疾1-4级;听力残疾1-4级;言语残疾1-4级;肢体残疾1-4级;智力残疾3,4级;多重残疾1-4级;",是,见原平台,中国残联就业服务平台（动态接口）,https://www.cdpee.org.cn/,2026年09月17日
广东省,江门市,生产工,江门市霞光照明电器有限公司,广东省·江门市·蓬江区,学历不限,1,听力残疾2-4级;言语残疾2-4级;肢体残疾4级;智力残疾4级;多重残疾4级;,是,见原平台,中国残联就业服务平台（动态接口）,https://www.cdpee.org.cn/,2026年09月17日
上海市,上海市,行政助理（上海闵行区）,北京易才人力资源顾问有限公司,上海市·上海市·闵行区,大专,1,视力残疾1-3级;听力残疾1-3级;言语残疾1-3级;肢体残疾1-3级;智力残疾1-3级;精神残疾1-3级;多重残疾1-3级;,是,见原平台,中国残联就业服务平台（动态接口）,https://www.cdpee.org.cn/,2026年08月17日
江苏省,南京市,HR招聘,北京易才人力资源顾问有限公司,江苏省·南京市·建邺区,大专,1,视力残疾1-3级;听力残疾1-3级;言语残疾1-3级;肢体残疾1-3级;智力残疾1-3级;精神残疾1-3级;多重残疾1-3级;,是,见原平台,中国残联就业服务平台（动态接口）,https://www.cdpee.org.cn/,2026年05月22日
四川省,成都市,成都急招（残疾人福利岗）五险一金，长白8小时，高薪技术岗,广州海仑企业服务有限公司,四川省·成都市·锦江区,学历不限,3,视力残疾1-4级;听力残疾1-4级;言语残疾1-4级;肢体残疾1-4级;智力残疾1-4级;精神残疾1-4级;多重残疾1-4级;,是,见原平台,中国残联就业服务平台（动态接口）,https://www.cdpee.org.cn/,2026年09月17日
天津市,天津市,天津档案处理员，双休，8小时，缴纳五险一金,广州海仑企业服务有限公司,天津市·天津市·河东区,学历不限,2,视力残疾1-4级;听力残疾1-4级;言语残疾1-4级;肢体残疾1-4级;智力残疾1-4级;精神残疾1-4级;多重残疾1-4级;,是,见原平台,中国残联就业服务平台（动态接口）,https://www.cdpee.org.cn/,2026年09月17日
江苏省,镇江市,全职营养师,上海沄数健康咨询有限公司,江苏省·镇江市·润州区,大专,,视力残疾1-4级;听力残疾1-4级;言语残疾1-4级;肢体残疾1-4级;智力残疾1-4级;精神残疾1-4级;多重残疾1-4级;,是,见原平台,中国残联就业服务平台（动态接口）,https://www.cdpee.org.cn/,2026年03月30日
云南省,昆明市,手机维修工程师,呈贡区机站电子设备维修服务店（个体工商户）,云南省·昆明市·西山区,大专,,视力残疾1-4级;听力残疾1-4级;言语残疾1-4级;肢体残疾1-4级;智力残疾1-4级;精神残疾1-4级;多重残疾1-4级;,是,见原平台,中国残联就业服务平台（动态接口）,https://www.cdpee.org.cn/,2026年07月03日
云南省,昭通市,艾草加工，种植,云南鑫会盟艾绒制品生产有限公司,云南省·昭通市·巧家县,学历不限,100,视力残疾4级;听力残疾4级;言语残疾4级;肢体残疾4级;智力残疾4级;精神残疾4级;,是,见原平台,中国残联就业服务平台（动态接口）,https://www.cdpee.org.cn/,2026年09月17日
江苏省,宿迁市,食品加工处理,宿迁市宿城区陆小青猪肉批发经营部,江苏省·宿迁市·湖滨新区,小学,100,"视力残疾3,4级;听力残疾3,4级;肢体残疾3,4级;智力残疾4级;多重残疾3,4级;",是,见原平台,中国残联就业服务平台（动态接口）,https://www.cdpee.org.cn/,2026年09月17日
湖南省,株洲市,垃圾清运工,湖南仁仁洁国际清洁科技集团股份有限公司荷塘分公司,湖南省·株洲市·荷塘区,学历不限,1,言语残疾1级;智力残疾1级;,是,见原平台,中国残联就业服务平台（动态接口）,https://www.cdpee.org.cn/,2026年09月17日
湖南省,常德市,片鸭学徒,武陵区京粤炉烤鸭店（个体工商户）,湖南省·常德市·武陵区,学历不限,,视力残疾1-4级;听力残疾1-4级;言语残疾1-4级;肢体残疾1-4级;智力残疾1-4级;精神残疾1-4级;多重残疾1-4级;,是,见原平台,中国残联就业服务平台（动态接口）,https://www.cdpee.org.cn/,2026年04月19日
江苏省,徐州市,江苏徐州组件工+早八晚六+包吃+五险+坐班,陕西致广人力资源有限公司,江苏省·徐州市·邳州市,学历不限,20,"视力残疾1-4级;听力残疾1-4级;言语残疾1-4级;肢体残疾1-4级;智力残疾3,4级;多重残疾1-4级;",是,见原平台,中国残联就业服务平台（动态接口）,https://www.cdpee.org.cn/,2026年09月17日
广东省,江门市,生产工,江门市霞光照明电器有限公司,广东省·江门市·蓬江区,学历不限,1,听力残疾2-4级;言语残疾2-4级;肢体残疾4级;智力残疾4级;多重残疾4级;,是,见原平台,中国残联就业服务平台（动态接口）,https://www.cdpee.org.cn/,2026年09月17日
上海市,上海市,行政助理（上海闵行区）,北京易才人力资源顾问有限公司,上海市·上海市·闵行区,大专,1,视力残疾1-3级;听力残疾1-3级;言语残疾1-3级;肢体残疾1-3级;智力残疾1-3级;精神残疾1-3级;多重残疾1-3级;,是,见原平台,中国残联就业服务平台（动态接口）,https://www.cdpee.org.cn/,2026年08月17日
江苏省,南京市,HR招聘,北京易才人力资源顾问有限公司,江苏省·南京市·建邺区,大专,1,视力残疾1-3级;听力残疾1-3级;言语残疾1-3级;肢体残疾1-3级;智力残疾1-3级;精神残疾1-3级;多重残疾1-3级;,是,见原平台,中国残联就业服务平台（动态接口）,https://www.cdpee.org.cn/,2026年05月22日
四川省,成都市,成都急招（残疾人福利岗）五险一金，长白8小时，高薪技术岗,广州海仑企业服务有限公司,四川省·成都市·锦江区,学历不限,3,视力残疾1-4级;听力残疾1-4级;言语残疾1-4级;肢体残疾1-4级;智力残疾1-4级;精神残疾1-4级;多重残疾1-4级;,是,见原平台,中国残联就业服务平台（动态接口）,https://www.cdpee.org.cn/,2026年09月17日
天津市,天津市,天津档案处理员，双休，8小时，缴纳五险一金,广州海仑企业服务有限公司,天津市·天津市·河东区,学历不限,2,视力残疾1-4级;听力残疾1-4级;言语残疾1-4级;肢体残疾1-4级;智力残疾1-4级;精神残疾1-4级;多重残疾1-4级;,是,见原平台,中国残联就业服务平台（动态接口）,https://www.cdpee.org.cn/,2026年09月17日
江苏省,镇江市,全职营养师,上海沄数健康咨询有限公司,江苏省·镇江市·润州区,大专,,视力残疾1-4级;听力残疾1-4级;言语残疾1-4级;肢体残疾1-4级;智力残疾1-4级;精神残疾1-4级;多重残疾1-4级;,是,见原平台,中国残联就业服务平台（动态接口）,https://www.cdpee.org.cn/,2026年03月30日
云南省,昆明市,手机维修工程师,呈贡区机站电子设备维修服务店（个体工商户）,云南省·昆明市·西山区,大专,,视力残疾1-4级;听力残疾1-4级;言语残疾1-4级;肢体残疾1-4级;智力残疾1-4级;精神残疾1-4级;多重残疾1-4级;,是,见原平台,中国残联就业服务平台（动态接口）,https://www.cdpee.org.cn/,2026年07月03日
云南省,昭通市,艾草加工，种植,云南鑫会盟艾绒制品生产有限公司,云南省·昭通市·巧家县,学历不限,100,视力残疾4级;听力残疾4级;言语残疾4级;肢体残疾4级;智力残疾4级;精神残疾4级;,是,见原平台,中国残联就业服务平台（动态接口）,https://www.cdpee.org.cn/,2026年09月17日
江苏省,宿迁市,食品加工处理,宿迁市宿城区陆小青猪肉批发经营部,江苏省·宿迁市·湖滨新区,小学,100,"视力残疾3,4级;听力残疾3,4级;肢体残疾3,4级;智力残疾4级;多重残疾3,4级;",是,见原平台,中国残联就业服务平台（动态接口）,https://www.cdpee.org.cn/,2026年09月17日
湖南省,株洲市,垃圾清运工,湖南仁仁洁国际清洁科技集团股份有限公司荷塘分公司,湖南省·株洲市·荷塘区,学历不限,1,言语残疾1级;智力残疾1级;,是,见原平台,中国残联就业服务平台（动态接口）,https://www.cdpee.org.cn/,2026年09月17日
湖南省,常德市,片鸭学徒,武陵区京粤炉烤鸭店（个体工商户）,湖南省·常德市·武陵区,学历不限,,视力残疾1-4级;听力残疾1-4级;言语残疾1-4级;肢体残疾1-4级;智力残疾1-4级;精神残疾1-4级;多重残疾1-4级;,是,见原平台,中国残联就业服务平台（动态接口）,https://www.cdpee.org.cn/,2026年04月19日
江苏省,徐州市,江苏徐州组件工+早八晚六+包吃+五险+坐班,陕西致广人力资源有限公司,江苏省·徐州市·邳州市,学历不限,20,"视力残疾1-4级;听力残疾1-4级;言语残疾1-4级;肢体残疾1-4级;智力残疾3,4级;多重残疾1-4级;",是,见原平台,中国残联就业服务平台（动态接口）,https://www.cdpee.org.cn/,2026年09月17日
广东省,江门市,生产工,江门市霞光照明电器有限公司,广东省·江门市·蓬江区,学历不限,1,听力残疾2-4级;言语残疾2-4级;肢体残疾4级;智力残疾4级;多重残疾4级;,是,见原平台,中国残联就业服务平台（动态接口）,https://www.cdpee.org.cn/,2026年09月17日
上海市,上海市,行政助理（上海闵行区）,北京易才人力资源顾问有限公司,上海市·上海市·闵行区,大专,1,视力残疾1-3级;听力残疾1-3级;言语残疾1-3级;肢体残疾1-3级;智力残疾1-3级;精神残疾1-3级;多重残疾1-3级;,是,见原平台,中国残联就业服务平台（动态接口）,https://www.cdpee.org.cn/,2026年08月17日
江苏省,南京市,HR招聘,北京易才人力资源顾问有限公司,江苏省·南京市·建邺区,大专,1,视力残疾1-3级;听力残疾1-3级;言语残疾1-3级;肢体残疾1-3级;智力残疾1-3级;精神残疾1-3级;多重残疾1-3级;,是,见原平台,中国残联就业服务平台（动态接口）,https://www.cdpee.org.cn/,2026年05月22日
四川省,成都市,成都急招（残疾人福利岗）五险一金，长白8小时，高薪技术岗,广州海仑企业服务有限公司,四川省·成都市·锦江区,学历不限,3,视力残疾1-4级;听力残疾1-4级;言语残疾1-4级;肢体残疾1-4级;智力残疾1-4级;精神残疾1-4级;多重残疾1-4级;,是,见原平台,中国残联就业服务平台（动态接口）,https://www.cdpee.org.cn/,2026年09月17日
天津市,天津市,天津档案处理员，双休，8小时，缴纳五险一金,广州海仑企业服务有限公司,天津市·天津市·河东区,学历不限,2,视力残疾1-4级;听力残疾1-4级;言语残疾1-4级;肢体残疾1-4级;智力残疾1-4级;精神残疾1-4级;多重残疾1-4级;,是,见原平台,中国残联就业服务平台（动态接口）,https://www.cdpee.org.cn/,2026年09月17日
江苏省,镇江市,全职营养师,上海沄数健康咨询有限公司,江苏省·镇江市·润州区,大专,,视力残疾1-4级;听力残疾1-4级;言语残疾1-4级;肢体残疾1-4级;智力残疾1-4级;精神残疾1-4级;多重残疾1-4级;,是,见原平台,中国残联就业服务平台（动态接口）,https://www.cdpee.org.cn/,2026年03月30日
云南省,昆明市,手机维修工程师,呈贡区机站电子设备维修服务店（个体工商户）,云南省·昆明市·西山区,大专,,视力残疾1-4级;听力残疾1-4级;言语残疾1-4级;肢体残疾1-4级;智力残疾1-4级;精神残疾1-4级;多重残疾1-4级;,是,见原平台,中国残联就业服务平台（动态接口）,https://www.cdpee.org.cn/,2026年07月03日
云南省,昭通市,艾草加工，种植,云南鑫会盟艾绒制品生产有限公司,云南省·昭通市·巧家县,学历不限,100,视力残疾4级;听力残疾4级;言语残疾4级;肢体残疾4级;智力残疾4级;精神残疾4级;,是,见原平台,中国残联就业服务平台（动态接口）,https://www.cdpee.org.cn/,2026年09月17日
江苏省,宿迁市,食品加工处理,宿迁市宿城区陆小青猪肉批发经营部,江苏省·宿迁市·湖滨新区,小学,100,"视力残疾3,4级;听力残疾3,4级;肢体残疾3,4级;智力残疾4级;多重残疾3,4级;",是,见原平台,中国残联就业服务平台（动态接口）,https://www.cdpee.org.cn/,2026年09月17日
湖南省,株洲市,垃圾清运工,湖南仁仁洁国际清洁科技集团股份有限公司荷塘分公司,湖南省·株洲市·荷塘区,学历不限,1,言语残疾1级;智力残疾1级;,是,见原平台,中国残联就业服务平台（动态接口）,https://www.cdpee.org.cn/,2026年09月17日
湖南省,常德市,片鸭学徒,武陵区京粤炉烤鸭店（个体工商户）,湖南省·常德市·武陵区,学历不限,,视力残疾1-4级;听力残疾1-4级;言语残疾1-4级;肢体残疾1-4级;智力残疾1-4级;精神残疾1-4级;多重残疾1-4级;,是,见原平台,中国残联就业服务平台（动态接口）,https://www.cdpee.org.cn/,2026年04月19日
江苏省,徐州市,江苏徐州组件工+早八晚六+包吃+五险+坐班,陕西致广人力资源有限公司,江苏省·徐州市·邳州市,学历不限,20,"视力残疾1-4级;听力残疾1-4级;言语残疾1-4级;肢体残疾1-4级;智力残疾3,4级;多重残疾1-4级;",是,见原平台,中国残联就业服务平台（动态接口）,https://www.cdpee.org.cn/,2026年09月17日
广东省,江门市,生产工,江门市霞光照明电器有限公司,广东省·江门市·蓬江区,学历不限,1,听力残疾2-4级;言语残疾2-4级;肢体残疾4级;智力残疾4级;多重残疾4级;,是,见原平台,中国残联就业服务平台（动态接口）,https://www.cdpee.org.cn/,2026年09月17日
上海市,上海市,行政助理（上海闵行区）,北京易才人力资源顾问有限公司,上海市·上海市·闵行区,大专,1,视力残疾1-3级;听力残疾1-3级;言语残疾1-3级;肢体残疾1-3级;智力残疾1-3级;精神残疾1-3级;多重残疾1-3级;,是,见原平台,中国残联就业服务平台（动态接口）,https://www.cdpee.org.cn/,2026年08月17日
江苏省,南京市,HR招聘,北京易才人力资源顾问有限公司,江苏省·南京市·建邺区,大专,1,视力残疾1-3级;听力残疾1-3级;言语残疾1-3级;肢体残疾1-3级;智力残疾1-3级;精神残疾1-3级;多重残疾1-3级;,是,见原平台,中国残联就业服务平台（动态接口）,https://www.cdpee.org.cn/,2026年05月22日
四川省,成都市,成都急招（残疾人福利岗）五险一金，长白8小时，高薪技术岗,广州海仑企业服务有限公司,四川省·成都市·锦江区,学历不限,3,视力残疾1-4级;听力残疾1-4级;言语残疾1-4级;肢体残疾1-4级;智力残疾1-4级;精神残疾1-4级;多重残疾1-4级;,是,见原平台,中国残联就业服务平台（动态接口）,https://www.cdpee.org.cn/,2026年09月17日
天津市,天津市,天津档案处理员，双休，8小时，缴纳五险一金,广州海仑企业服务有限公司,天津市·天津市·河东区,学历不限,2,视力残疾1-4级;听力残疾1-4级;言语残疾1-4级;肢体残疾1-4级;智力残疾1-4级;精神残疾1-4级;多重残疾1-4级;,是,见原平台,中国残联就业服务平台（动态接口）,https://www.cdpee.org.cn/,2026年09月17日
江苏省,镇江市,全职营养师,上海沄数健康咨询有限公司,江苏省·镇江市·润州区,大专,,视力残疾1-4级;听力残疾1-4级;言语残疾1-4级;肢体残疾1-4级;智力残疾1-4级;精神残疾1-4级;多重残疾1-4级;,是,见原平台,中国残联就业服务平台（动态接口）,https://www.cdpee.org.cn/,2026年03月30日
云南省,昆明市,手机维修工程师,呈贡区机站电子设备维修服务店（个体工商户）,云南省·昆明市·西山区,大专,,视力残疾1-4级;听力残疾1-4级;言语残疾1-4级;肢体残疾1-4级;智力残疾1-4级;精神残疾1-4级;多重残疾1-4级;,是,见原平台,中国残联就业服务平台（动态接口）,https://www.cdpee.org.cn/,2026年07月03日
云南省,昭通市,艾草加工，种植,云南鑫会盟艾绒制品生产有限公司,云南省·昭通市·巧家县,学历不限,100,视力残疾4级;听力残疾4级;言语残疾4级;肢体残疾4级;智力残疾4级;精神残疾4级;,是,见原平台,中国残联就业服务平台（动态接口）,https://www.cdpee.org.cn/,2026年09月17日
江苏省,宿迁市,食品加工处理,宿迁市宿城区陆小青猪肉批发经营部,江苏省·宿迁市·湖滨新区,小学,100,"视力残疾3,4级;听力残疾3,4级;肢体残疾3,4级;智力残疾4级;多重残疾3,4级;",是,见原平台,中国残联就业服务平台（动态接口）,https://www.cdpee.org.cn/,2026年09月17日
湖南省,株洲市,垃圾清运工,湖南仁仁洁国际清洁科技集团股份有限公司荷塘分公司,湖南省·株洲市·荷塘区,学历不限,1,言语残疾1级;智力残疾1级;,是,见原平台,中国残联就业服务平台（动态接口）,https://www.cdpee.org.cn/,2026年09月17日
湖南省,常德市,片鸭学徒,武陵区京粤炉烤鸭店（个体工商户）,湖南省·常德市·武陵区,学历不限,,视力残疾1-4级;听力残疾1-4级;言语残疾1-4级;肢体残疾1-4级;智力残疾1-4级;精神残疾1-4级;多重残疾1-4级;,是,见原平台,中国残联就业服务平台（动态接口）,https://www.cdpee.org.cn/,2026年04月19日
江苏省,徐州市,江苏徐州组件工+早八晚六+包吃+五险+坐班,陕西致广人力资源有限公司,江苏省·徐州市·邳州市,学历不限,20,"视力残疾1-4级;听力残疾1-4级;言语残疾1-4级;肢体残疾1-4级;智力残疾3,4级;多重残疾1-4级;",是,见原平台,中国残联就业服务平台（动态接口）,https://www.cdpee.org.cn/,2026年09月17日
广东省,江门市,生产工,江门市霞光照明电器有限公司,广东省·江门市·蓬江区,学历不限,1,听力残疾2-4级;言语残疾2-4级;肢体残疾4级;智力残疾4级;多重残疾4级;,是,见原平台,中国残联就业服务平台（动态接口）,https://www.cdpee.org.cn/,2026年09月17日
上海市,上海市,行政助理（上海闵行区）,北京易才人力资源顾问有限公司,上海市·上海市·闵行区,大专,1,视力残疾1-3级;听力残疾1-3级;言语残疾1-3级;肢体残疾1-3级;智力残疾1-3级;精神残疾1-3级;多重残疾1-3级;,是,见原平台,中国残联就业服务平台（动态接口）,https://www.cdpee.org.cn/,2026年08月17日
江苏省,南京市,HR招聘,北京易才人力资源顾问有限公司,江苏省·南京市·建邺区,大专,1,视力残疾1-3级;听力残疾1-3级;言语残疾1-3级;肢体残疾1-3级;智力残疾1-3级;精神残疾1-3级;多重残疾1-3级;,是,见原平台,中国残联就业服务平台（动态接口）,https://www.cdpee.org.cn/,2026年05月22日
四川省,成都市,成都急招（残疾人福利岗）五险一金，长白8小时，高薪技术岗,广州海仑企业服务有限公司,四川省·成都市·锦江区,学历不限,3,视力残疾1-4级;听力残疾1-4级;言语残疾1-4级;肢体残疾1-4级;智力残疾1-4级;精神残疾1-4级;多重残疾1-4级;,是,见原平台,中国残联就业服务平台（动态接口）,https://www.cdpee.org.cn/,2026年09月17日
天津市,天津市,天津档案处理员，双休，8小时，缴纳五险一金,广州海仑企业服务有限公司,天津市·天津市·河东区,学历不限,2,视力残疾1-4级;听力残疾1-4级;言语残疾1-4级;肢体残疾1-4级;智力残疾1-4级;精神残疾1-4级;多重残疾1-4级;,是,见原平台,中国残联就业服务平台（动态接口）,https://www.cdpee.org.cn/,2026年09月17日
江苏省,镇江市,全职营养师,上海沄数健康咨询有限公司,江苏省·镇江市·润州区,大专,,视力残疾1-4级;听力残疾1-4级;言语残疾1-4级;肢体残疾1-4级;智力残疾1-4级;精神残疾1-4级;多重残疾1-4级;,是,见原平台,中国残联就业服务平台（动态接口）,https://www.cdpee.org.cn/,2026年03月30日
云南省,昆明市,手机维修工程师,呈贡区机站电子设备维修服务店（个体工商户）,云南省·昆明市·西山区,大专,,视力残疾1-4级;听力残疾1-4级;言语残疾1-4级;肢体残疾1-4级;智力残疾1-4级;精神残疾1-4级;多重残疾1-4级;,是,见原平台,中国残联就业服务平台（动态接口）,https://www.cdpee.org.cn/,2026年07月03日
云南省,昭通市,艾草加工，种植,云南鑫会盟艾绒制品生产有限公司,云南省·昭通市·巧家县,学历不限,100,视力残疾4级;听力残疾4级;言语残疾4级;肢体残疾4级;智力残疾4级;精神残疾4级;,是,见原平台,中国残联就业服务平台（动态接口）,https://www.cdpee.org.cn/,2026年09月17日
江苏省,宿迁市,食品加工处理,宿迁市宿城区陆小青猪肉批发经营部,江苏省·宿迁市·湖滨新区,小学,100,"视力残疾3,4级;听力残疾3,4级;肢体残疾3,4级;智力残疾4级;多重残疾3,4级;",是,见原平台,中国残联就业服务平台（动态接口）,https://www.cdpee.org.cn/,2026年09月17日
湖南省,株洲市,垃圾清运工,湖南仁仁洁国际清洁科技集团股份有限公司荷塘分公司,湖南省·株洲市·荷塘区,学历不限,1,言语残疾1级;智力残疾1级;,是,见原平台,中国残联就业服务平台（动态接口）,https://www.cdpee.org.cn/,2026年09月17日
湖南省,常德市,片鸭学徒,武陵区京粤炉烤鸭店（个体工商户）,湖南省·常德市·武陵区,学历不限,,视力残疾1-4级;听力残疾1-4级;言语残疾1-4级;肢体残疾1-4级;智力残疾1-4级;精神残疾1-4级;多重残疾1-4级;,是,见原平台,中国残联就业服务平台（动态接口）,https://www.cdpee.org.cn/,2026年04月19日
江苏省,徐州市,江苏徐州组件工+早八晚六+包吃+五险+坐班,陕西致广人力资源有限公司,江苏省·徐州市·邳州市,学历不限,20,"视力残疾1-4级;听力残疾1-4级;言语残疾1-4级;肢体残疾1-4级;智力残疾3,4级;多重残疾1-4级;",是,见原平台,中国残联就业服务平台（动态接口）,https://www.cdpee.org.cn/,2026年09月17日
广东省,江门市,生产工,江门市霞光照明电器有限公司,广东省·江门市·蓬江区,学历不限,1,听力残疾2-4级;言语残疾2-4级;肢体残疾4级;智力残疾4级;多重残疾4级;,是,见原平台,中国残联就业服务平台（动态接口）,https://www.cdpee.org.cn/,2026年09月17日
上海市,上海市,行政助理（上海闵行区）,北京易才人力资源顾问有限公司,上海市·上海市·闵行区,大专,1,视力残疾1-3级;听力残疾1-3级;言语残疾1-3级;肢体残疾1-3级;智力残疾1-3级;精神残疾1-3级;多重残疾1-3级;,是,见原平台,中国残联就业服务平台（动态接口）,https://www.cdpee.org.cn/,2026年08月17日
江苏省,南京市,HR招聘,北京易才人力资源顾问有限公司,江苏省·南京市·建邺区,大专,1,视力残疾1-3级;听力残疾1-3级;言语残疾1-3级;肢体残疾1-3级;智力残疾1-3级;精神残疾1-3级;多重残疾1-3级;,是,见原平台,中国残联就业服务平台（动态接口）,https://www.cdpee.org.cn/,2026年05月22日
四川省,成都市,成都急招（残疾人福利岗）五险一金，长白8小时，高薪技术岗,广州海仑企业服务有限公司,四川省·成都市·锦江区,学历不限,3,视力残疾1-4级;听力残疾1-4级;言语残疾1-4级;肢体残疾1-4级;智力残疾1-4级;精神残疾1-4级;多重残疾1-4级;,是,见原平台,中国残联就业服务平台（动态接口）,https://www.cdpee.org.cn/,2026年09月17日
天津市,天津市,天津档案处理员，双休，8小时，缴纳五险一金,广州海仑企业服务有限公司,天津市·天津市·河东区,学历不限,2,视力残疾1-4级;听力残疾1-4级;言语残疾1-4级;肢体残疾1-4级;智力残疾1-4级;精神残疾1-4级;多重残疾1-4级;,是,见原平台,中国残联就业服务平台（动态接口）,https://www.cdpee.org.cn/,2026年09月17日
江苏省,镇江市,全职营养师,上海沄数健康咨询有限公司,江苏省·镇江市·润州区,大专,,视力残疾1-4级;听力残疾1-4级;言语残疾1-4级;肢体残疾1-4级;智力残疾1-4级;精神残疾1-4级;多重残疾1-4级;,是,见原平台,中国残联就业服务平台（动态接口）,https://www.cdpee.org.cn/,2026年03月30日
云南省,昆明市,手机维修工程师,呈贡区机站电子设备维修服务店（个体工商户）,云南省·昆明市·西山区,大专,,视力残疾1-4级;听力残疾1-4级;言语残疾1-4级;肢体残疾1-4级;智力残疾1-4级;精神残疾1-4级;多重残疾1-4级;,是,见原平台,中国残联就业服务平台（动态接口）,https://www.cdpee.org.cn/,2026年07月03日
云南省,昭通市,艾草加工，种植,云南鑫会盟艾绒制品生产有限公司,云南省·昭通市·巧家县,学历不限,100,视力残疾4级;听力残疾4级;言语残疾4级;肢体残疾4级;智力残疾4级;精神残疾4级;,是,见原平台,中国残联就业服务平台（动态接口）,https://www.cdpee.org.cn/,2026年09月17日
江苏省,宿迁市,食品加工处理,宿迁市宿城区陆小青猪肉批发经营部,江苏省·宿迁市·湖滨新区,小学,100,"视力残疾3,4级;听力残疾3,4级;肢体残疾3,4级;智力残疾4级;多重残疾3,4级;",是,见原平台,中国残联就业服务平台（动态接口）,https://www.cdpee.org.cn/,2026年09月17日
湖南省,株洲市,垃圾清运工,湖南仁仁洁国际清洁科技集团股份有限公司荷塘分公司,湖南省·株洲市·荷塘区,学历不限,1,言语残疾1级;智力残疾1级;,是,见原平台,中国残联就业服务平台（动态接口）,https://www.cdpee.org.cn/,2026年09月17日
湖南省,常德市,片鸭学徒,武陵区京粤炉烤鸭店（个体工商户）,湖南省·常德市·武陵区,学历不限,,视力残疾1-4级;听力残疾1-4级;言语残疾1-4级;肢体残疾1-4级;智力残疾1-4级;精神残疾1-4级;多重残疾1-4级;,是,见原平台,中国残联就业服务平台（动态接口）,https://www.cdpee.org.cn/,2026年04月19日
江苏省,徐州市,江苏徐州组件工+早八晚六+包吃+五险+坐班,陕西致广人力资源有限公司,江苏省·徐州市·邳州市,学历不限,20,"视力残疾1-4级;听力残疾1-4级;言语残疾1-4级;肢体残疾1-4级;智力残疾3,4级;多重残疾1-4级;",是,见原平台,中国残联就业服务平台（动态接口）,https://www.cdpee.org.cn/,2026年09月17日
广东省,江门市,生产工,江门市霞光照明电器有限公司,广东省·江门市·蓬江区,学历不限,1,听力残疾2-4级;言语残疾2-4级;肢体残疾4级;智力残疾4级;多重残疾4级;,是,见原平台,中国残联就业服务平台（动态接口）,https://www.cdpee.org.cn/,2026年09月17日
上海市,上海市,行政助理（上海闵行区）,北京易才人力资源顾问有限公司,上海市·上海市·闵行区,大专,1,视力残疾1-3级;听力残疾1-3级;言语残疾1-3级;肢体残疾1-3级;智力残疾1-3级;精神残疾1-3级;多重残疾1-3级;,是,见原平台,中国残联就业服务平台（动态接口）,https://www.cdpee.org.cn/,2026年08月17日
江苏省,南京市,HR招聘,北京易才人力资源顾问有限公司,江苏省·南京市·建邺区,大专,1,视力残疾1-3级;听力残疾1-3级;言语残疾1-3级;肢体残疾1-3级;智力残疾1-3级;精神残疾1-3级;多重残疾1-3级;,是,见原平台,中国残联就业服务平台（动态接口）,https://www.cdpee.org.cn/,2026年05月22日
四川省,成都市,成都急招（残疾人福利岗）五险一金，长白8小时，高薪技术岗,广州海仑企业服务有限公司,四川省·成都市·锦江区,学历不限,3,视力残疾1-4级;听力残疾1-4级;言语残疾1-4级;肢体残疾1-4级;智力残疾1-4级;精神残疾1-4级;多重残疾1-4级;,是,见原平台,中国残联就业服务平台（动态接口）,https://www.cdpee.org.cn/,2026年09月17日
天津市,天津市,天津档案处理员，双休，8小时，缴纳五险一金,广州海仑企业服务有限公司,天津市·天津市·河东区,学历不限,2,视力残疾1-4级;听力残疾1-4级;言语残疾1-4级;肢体残疾1-4级;智力残疾1-4级;精神残疾1-4级;多重残疾1-4级;,是,见原平台,中国残联就业服务平台（动态接口）,https://www.cdpee.org.cn/,2026年09月17日
江苏省,镇江市,全职营养师,上海沄数健康咨询有限公司,江苏省·镇江市·润州区,大专,,视力残疾1-4级;听力残疾1-4级;言语残疾1-4级;肢体残疾1-4级;智力残疾1-4级;精神残疾1-4级;多重残疾1-4级;,是,见原平台,中国残联就业服务平台（动态接口）,https://www.cdpee.org.cn/,2026年03月30日
云南省,昆明市,手机维修工程师,呈贡区机站电子设备维修服务店（个体工商户）,云南省·昆明市·西山区,大专,,视力残疾1-4级;听力残疾1-4级;言语残疾1-4级;肢体残疾1-4级;智力残疾1-4级;精神残疾1-4级;多重残疾1-4级;,是,见原平台,中国残联就业服务平台（动态接口）,https://www.cdpee.org.cn/,2026年07月03日
云南省,昭通市,艾草加工，种植,云南鑫会盟艾绒制品生产有限公司,云南省·昭通市·巧家县,学历不限,100,视力残疾4级;听力残疾4级;言语残疾4级;肢体残疾4级;智力残疾4级;精神残疾4级;,是,见原平台,中国残联就业服务平台（动态接口）,https://www.cdpee.org.cn/,2026年09月17日
江苏省,宿迁市,食品加工处理,宿迁市宿城区陆小青猪肉批发经营部,江苏省·宿迁市·湖滨新区,小学,100,"视力残疾3,4级;听力残疾3,4级;肢体残疾3,4级;智力残疾4级;多重残疾3,4级;",是,见原平台,中国残联就业服务平台（动态接口）,https://www.cdpee.org.cn/,2026年09月17日
湖南省,株洲市,垃圾清运工,湖南仁仁洁国际清洁科技集团股份有限公司荷塘分公司,湖南省·株洲市·荷塘区,学历不限,1,言语残疾1级;智力残疾1级;,是,见原平台,中国残联就业服务平台（动态接口）,https://www.cdpee.org.cn/,2026年09月17日
江苏省,徐州市,江苏徐州组件工+早八晚六+包吃+五险+坐班,陕西致广人力资源有限公司,江苏省·徐州市·邳州市,学历不限,20,"视力残疾1-4级;听力残疾1-4级;言语残疾1-4级;肢体残疾1-4级;智力残疾3,4级;多重残疾1-4级;",是,见原平台,中国残联就业服务平台（动态接口）,https://www.cdpee.org.cn/,2026年09月17日
广东省,江门市,生产工,江门市霞光照明电器有限公司,广东省·江门市·蓬江区,学历不限,1,听力残疾2-4级;言语残疾2-4级;肢体残疾4级;智力残疾4级;多重残疾4级;,是,见原平台,中国残联就业服务平台（动态接口）,https://www.cdpee.org.cn/,2026年09月17日
河北省,唐山市,保洁,唐山市曹妃甸区俊逸名都酒店有限公司,河北省·唐山市·曹妃甸区,学历不限,,视力残疾1-4级;听力残疾1-4级;言语残疾1-4级;肢体残疾1-4级;智力残疾1-4级;精神残疾1-4级;多重残疾1-4级;,是,见原平台,中国残联就业服务平台（动态接口）,https://www.cdpee.org.cn/,2026年05月24日
上海市,上海市,行政助理（上海闵行区）,北京易才人力资源顾问有限公司,上海市·上海市·闵行区,大专,1,视力残疾1-3级;听力残疾1-3级;言语残疾1-3级;肢体残疾1-3级;智力残疾1-3级;精神残疾1-3级;多重残疾1-3级;,是,见原平台,中国残联就业服务平台（动态接口）,https://www.cdpee.org.cn/,2026年08月17日
江苏省,南京市,HR招聘,北京易才人力资源顾问有限公司,江苏省·南京市·建邺区,大专,1,视力残疾1-3级;听力残疾1-3级;言语残疾1-3级;肢体残疾1-3级;智力残疾1-3级;精神残疾1-3级;多重残疾1-3级;,是,见原平台,中国残联就业服务平台（动态接口）,https://www.cdpee.org.cn/,2026年05月22日
四川省,成都市,成都急招（残疾人福利岗）五险一金，长白8小时，高薪技术岗,广州海仑企业服务有限公司,四川省·成都市·锦江区,学历不限,3,视力残疾1-4级;听力残疾1-4级;言语残疾1-4级;肢体残疾1-4级;智力残疾1-4级;精神残疾1-4级;多重残疾1-4级;,是,见原平台,中国残联就业服务平台（动态接口）,https://www.cdpee.org.cn/,2026年09月17日
天津市,天津市,天津档案处理员，双休，8小时，缴纳五险一金,广州海仑企业服务有限公司,天津市·天津市·河东区,学历不限,2,视力残疾1-4级;听力残疾1-4级;言语残疾1-4级;肢体残疾1-4级;智力残疾1-4级;精神残疾1-4级;多重残疾1-4级;,是,见原平台,中国残联就业服务平台（动态接口）,https://www.cdpee.org.cn/,2026年09月17日
天津市,天津市,磨工,天津市北航世纪机械有限公司,天津市·天津市·北辰区,高中/中专,,视力残疾1-4级;听力残疾1-4级;言语残疾1-4级;肢体残疾1-4级;智力残疾1-4级;精神残疾1-4级;多重残疾1-4级;,是,见原平台,中国残联就业服务平台（动态接口）,https://www.cdpee.org.cn/,2026年04月11日
云南省,昭通市,艾草加工，种植,云南鑫会盟艾绒制品生产有限公司,云南省·昭通市·巧家县,学历不限,100,视力残疾4级;听力残疾4级;言语残疾4级;肢体残疾4级;智力残疾4级;精神残疾4级;,是,见原平台,中国残联就业服务平台（动态接口）,https://www.cdpee.org.cn/,2026年09月17日
江苏省,宿迁市,食品加工处理,宿迁市宿城区陆小青猪肉批发经营部,江苏省·宿迁市·湖滨新区,小学,100,"视力残疾3,4级;听力残疾3,4级;肢体残疾3,4级;智力残疾4级;多重残疾3,4级;",是,见原平台,中国残联就业服务平台（动态接口）,https://www.cdpee.org.cn/,2026年09月17日
湖南省,株洲市,垃圾清运工,湖南仁仁洁国际清洁科技集团股份有限公司荷塘分公司,湖南省·株洲市·荷塘区,学历不限,1,言语残疾1级;智力残疾1级;,是,见原平台,中国残联就业服务平台（动态接口）,https://www.cdpee.org.cn/,2026年09月17日
江苏省,徐州市,江苏徐州组件工+早八晚六+包吃+五险+坐班,陕西致广人力资源有限公司,江苏省·徐州市·邳州市,学历不限,20,"视力残疾1-4级;听力残疾1-4级;言语残疾1-4级;肢体残疾1-4级;智力残疾3,4级;多重残疾1-4级;",是,见原平台,中国残联就业服务平台（动态接口）,https://www.cdpee.org.cn/,2026年09月17日
广东省,江门市,生产工,江门市霞光照明电器有限公司,广东省·江门市·蓬江区,学历不限,1,听力残疾2-4级;言语残疾2-4级;肢体残疾4级;智力残疾4级;多重残疾4级;,是,见原平台,中国残联就业服务平台（动态接口）,https://www.cdpee.org.cn/,2026年09月17日
河北省,唐山市,保洁,唐山市曹妃甸区俊逸名都酒店有限公司,河北省·唐山市·曹妃甸区,学历不限,,视力残疾1-4级;听力残疾1-4级;言语残疾1-4级;肢体残疾1-4级;智力残疾1-4级;精神残疾1-4级;多重残疾1-4级;,是,见原平台,中国残联就业服务平台（动态接口）,https://www.cdpee.org.cn/,2026年05月24日
上海市,上海市,行政助理（上海闵行区）,北京易才人力资源顾问有限公司,上海市·上海市·闵行区,大专,1,视力残疾1-3级;听力残疾1-3级;言语残疾1-3级;肢体残疾1-3级;智力残疾1-3级;精神残疾1-3级;多重残疾1-3级;,是,见原平台,中国残联就业服务平台（动态接口）,https://www.cdpee.org.cn/,2026年08月17日
江苏省,南京市,HR招聘,北京易才人力资源顾问有限公司,江苏省·南京市·建邺区,大专,1,视力残疾1-3级;听力残疾1-3级;言语残疾1-3级;肢体残疾1-3级;智力残疾1-3级;精神残疾1-3级;多重残疾1-3级;,是,见原平台,中国残联就业服务平台（动态接口）,https://www.cdpee.org.cn/,2026年05月22日
四川省,成都市,成都急招（残疾人福利岗）五险一金，长白8小时，高薪技术岗,广州海仑企业服务有限公司,四川省·成都市·锦江区,学历不限,3,视力残疾1-4级;听力残疾1-4级;言语残疾1-4级;肢体残疾1-4级;智力残疾1-4级;精神残疾1-4级;多重残疾1-4级;,是,见原平台,中国残联就业服务平台（动态接口）,https://www.cdpee.org.cn/,2026年09月17日
天津市,天津市,天津档案处理员，双休，8小时，缴纳五险一金,广州海仑企业服务有限公司,天津市·天津市·河东区,学历不限,2,视力残疾1-4级;听力残疾1-4级;言语残疾1-4级;肢体残疾1-4级;智力残疾1-4级;精神残疾1-4级;多重残疾1-4级;,是,见原平台,中国残联就业服务平台（动态接口）,https://www.cdpee.org.cn/,2026年09月17日
天津市,天津市,磨工,天津市北航世纪机械有限公司,天津市·天津市·北辰区,高中/中专,,视力残疾1-4级;听力残疾1-4级;言语残疾1-4级;肢体残疾1-4级;智力残疾1-4级;精神残疾1-4级;多重残疾1-4级;,是,见原平台,中国残联就业服务平台（动态接口）,https://www.cdpee.org.cn/,2026年04月11日
云南省,昭通市,艾草加工，种植,云南鑫会盟艾绒制品生产有限公司,云南省·昭通市·巧家县,学历不限,100,视力残疾4级;听力残疾4级;言语残疾4级;肢体残疾4级;智力残疾4级;精神残疾4级;,是,见原平台,中国残联就业服务平台（动态接口）,https://www.cdpee.org.cn/,2026年09月17日
江苏省,宿迁市,食品加工处理,宿迁市宿城区陆小青猪肉批发经营部,江苏省·宿迁市·湖滨新区,小学,100,"视力残疾3,4级;听力残疾3,4级;肢体残疾3,4级;智力残疾4级;多重残疾3,4级;",是,见原平台,中国残联就业服务平台（动态接口）,https://www.cdpee.org.cn/,2026年09月17日
湖南省,株洲市,垃圾清运工,湖南仁仁洁国际清洁科技集团股份有限公司荷塘分公司,湖南省·株洲市·荷塘区,学历不限,1,言语残疾1级;智力残疾1级;,是,见原平台,中国残联就业服务平台（动态接口）,https://www.cdpee.org.cn/,2026年09月17日
江苏省,徐州市,江苏徐州组件工+早八晚六+包吃+五险+坐班,陕西致广人力资源有限公司,江苏省·徐州市·邳州市,学历不限,20,"视力残疾1-4级;听力残疾1-4级;言语残疾1-4级;肢体残疾1-4级;智力残疾3,4级;多重残疾1-4级;",是,见原平台,中国残联就业服务平台（动态接口）,https://www.cdpee.org.cn/,2026年09月17日
广东省,江门市,生产工,江门市霞光照明电器有限公司,广东省·江门市·蓬江区,学历不限,1,听力残疾2-4级;言语残疾2-4级;肢体残疾4级;智力残疾4级;多重残疾4级;,是,见原平台,中国残联就业服务平台（动态接口）,https://www.cdpee.org.cn/,2026年09月17日
河北省,唐山市,保洁,唐山市曹妃甸区俊逸名都酒店有限公司,河北省·唐山市·曹妃甸区,学历不限,,视力残疾1-4级;听力残疾1-4级;言语残疾1-4级;肢体残疾1-4级;智力残疾1-4级;精神残疾1-4级;多重残疾1-4级;,是,见原平台,中国残联就业服务平台（动态接口）,https://www.cdpee.org.cn/,2026年05月24日
上海市,上海市,行政助理（上海闵行区）,北京易才人力资源顾问有限公司,上海市·上海市·闵行区,大专,1,视力残疾1-3级;听力残疾1-3级;言语残疾1-3级;肢体残疾1-3级;智力残疾1-3级;精神残疾1-3级;多重残疾1-3级;,是,见原平台,中国残联就业服务平台（动态接口）,https://www.cdpee.org.cn/,2026年08月17日
江苏省,南京市,HR招聘,北京易才人力资源顾问有限公司,江苏省·南京市·建邺区,大专,1,视力残疾1-3级;听力残疾1-3级;言语残疾1-3级;肢体残疾1-3级;智力残疾1-3级;精神残疾1-3级;多重残疾1-3级;,是,见原平台,中国残联就业服务平台（动态接口）,https://www.cdpee.org.cn/,2026年05月22日
四川省,成都市,成都急招（残疾人福利岗）五险一金，长白8小时，高薪技术岗,广州海仑企业服务有限公司,四川省·成都市·锦江区,学历不限,3,视力残疾1-4级;听力残疾1-4级;言语残疾1-4级;肢体残疾1-4级;智力残疾1-4级;精神残疾1-4级;多重残疾1-4级;,是,见原平台,中国残联就业服务平台（动态接口）,https://www.cdpee.org.cn/,2026年09月17日
天津市,天津市,天津档案处理员，双休，8小时，缴纳五险一金,广州海仑企业服务有限公司,天津市·天津市·河东区,学历不限,2,视力残疾1-4级;听力残疾1-4级;言语残疾1-4级;肢体残疾1-4级;智力残疾1-4级;精神残疾1-4级;多重残疾1-4级;,是,见原平台,中国残联就业服务平台（动态接口）,https://www.cdpee.org.cn/,2026年09月17日
天津市,天津市,磨工,天津市北航世纪机械有限公司,天津市·天津市·北辰区,高中/中专,,视力残疾1-4级;听力残疾1-4级;言语残疾1-4级;肢体残疾1-4级;智力残疾1-4级;精神残疾1-4级;多重残疾1-4级;,是,见原平台,中国残联就业服务平台（动态接口）,https://www.cdpee.org.cn/,2026年04月11日
云南省,昭通市,艾草加工，种植,云南鑫会盟艾绒制品生产有限公司,云南省·昭通市·巧家县,学历不限,100,视力残疾4级;听力残疾4级;言语残疾4级;肢体残疾4级;智力残疾4级;精神残疾4级;,是,见原平台,中国残联就业服务平台（动态接口）,https://www.cdpee.org.cn/,2026年09月17日
江苏省,宿迁市,食品加工处理,宿迁市宿城区陆小青猪肉批发经营部,江苏省·宿迁市·湖滨新区,小学,100,"视力残疾3,4级;听力残疾3,4级;肢体残疾3,4级;智力残疾4级;多重残疾3,4级;",是,见原平台,中国残联就业服务平台（动态接口）,https://www.cdpee.org.cn/,2026年09月17日
湖南省,株洲市,垃圾清运工,湖南仁仁洁国际清洁科技集团股份有限公司荷塘分公司,湖南省·株洲市·荷塘区,学历不限,1,言语残疾1级;智力残疾1级;,是,见原平台,中国残联就业服务平台（动态接口）,https://www.cdpee.org.cn/,2026年09月17日
江苏省,徐州市,江苏徐州组件工+早八晚六+包吃+五险+坐班,陕西致广人力资源有限公司,江苏省·徐州市·邳州市,学历不限,20,"视力残疾1-4级;听力残疾1-4级;言语残疾1-4级;肢体残疾1-4级;智力残疾3,4级;多重残疾1-4级;",是,见原平台,中国残联就业服务平台（动态接口）,https://www.cdpee.org.cn/,2026年09月17日
广东省,江门市,生产工,江门市霞光照明电器有限公司,广东省·江门市·蓬江区,学历不限,1,听力残疾2-4级;言语残疾2-4级;肢体残疾4级;智力残疾4级;多重残疾4级;,是,见原平台,中国残联就业服务平台（动态接口）,https://www.cdpee.org.cn/,2026年09月17日
河北省,唐山市,保洁,唐山市曹妃甸区俊逸名都酒店有限公司,河北省·唐山市·曹妃甸区,学历不限,,视力残疾1-4级;听力残疾1-4级;言语残疾1-4级;肢体残疾1-4级;智力残疾1-4级;精神残疾1-4级;多重残疾1-4级;,是,见原平台,中国残联就业服务平台（动态接口）,https://www.cdpee.org.cn/,2026年05月24日
上海市,上海市,行政助理（上海闵行区）,北京易才人力资源顾问有限公司,上海市·上海市·闵行区,大专,1,视力残疾1-3级;听力残疾1-3级;言语残疾1-3级;肢体残疾1-3级;智力残疾1-3级;精神残疾1-3级;多重残疾1-3级;,是,见原平台,中国残联就业服务平台（动态接口）,https://www.cdpee.org.cn/,2026年08月17日
江苏省,南京市,HR招聘,北京易才人力资源顾问有限公司,江苏省·南京市·建邺区,大专,1,视力残疾1-3级;听力残疾1-3级;言语残疾1-3级;肢体残疾1-3级;智力残疾1-3级;精神残疾1-3级;多重残疾1-3级;,是,见原平台,中国残联就业服务平台（动态接口）,https://www.cdpee.org.cn/,2026年05月22日
四川省,成都市,成都急招（残疾人福利岗）五险一金，长白8小时，高薪技术岗,广州海仑企业服务有限公司,四川省·成都市·锦江区,学历不限,3,视力残疾1-4级;听力残疾1-4级;言语残疾1-4级;肢体残疾1-4级;智力残疾1-4级;精神残疾1-4级;多重残疾1-4级;,是,见原平台,中国残联就业服务平台（动态接口）,https://www.cdpee.org.cn/,2026年09月17日
天津市,天津市,天津档案处理员，双休，8小时，缴纳五险一金,广州海仑企业服务有限公司,天津市·天津市·河东区,学历不限,2,视力残疾1-4级;听力残疾1-4级;言语残疾1-4级;肢体残疾1-4级;智力残疾1-4级;精神残疾1-4级;多重残疾1-4级;,是,见原平台,中国残联就业服务平台（动态接口）,https://www.cdpee.org.cn/,2026年09月17日
天津市,天津市,磨工,天津市北航世纪机械有限公司,天津市·天津市·北辰区,高中/中专,,视力残疾1-4级;听力残疾1-4级;言语残疾1-4级;肢体残疾1-4级;智力残疾1-4级;精神残疾1-4级;多重残疾1-4级;,是,见原平台,中国残联就业服务平台（动态接口）,https://www.cdpee.org.cn/,2026年04月11日
云南省,昭通市,艾草加工，种植,云南鑫会盟艾绒制品生产有限公司,云南省·昭通市·巧家县,学历不限,100,视力残疾4级;听力残疾4级;言语残疾4级;肢体残疾4级;智力残疾4级;精神残疾4级;,是,见原平台,中国残联就业服务平台（动态接口）,https://www.cdpee.org.cn/,2026年09月17日
江苏省,宿迁市,食品加工处理,宿迁市宿城区陆小青猪肉批发经营部,江苏省·宿迁市·湖滨新区,小学,100,"视力残疾3,4级;听力残疾3,4级;肢体残疾3,4级;智力残疾4级;多重残疾3,4级;",是,见原平台,中国残联就业服务平台（动态接口）,https://www.cdpee.org.cn/,2026年09月17日
湖南省,株洲市,垃圾清运工,湖南仁仁洁国际清洁科技集团股份有限公司荷塘分公司,湖南省·株洲市·荷塘区,学历不限,1,言语残疾1级;智力残疾1级;,是,见原平台,中国残联就业服务平台（动态接口）,https://www.cdpee.org.cn/,2026年09月17日
江苏省,徐州市,江苏徐州组件工+早八晚六+包吃+五险+坐班,陕西致广人力资源有限公司,江苏省·徐州市·邳州市,学历不限,20,"视力残疾1-4级;听力残疾1-4级;言语残疾1-4级;肢体残疾1-4级;智力残疾3,4级;多重残疾1-4级;",是,见原平台,中国残联就业服务平台（动态接口）,https://www.cdpee.org.cn/,2026年09月17日
广东省,江门市,生产工,江门市霞光照明电器有限公司,广东省·江门市·蓬江区,学历不限,1,听力残疾2-4级;言语残疾2-4级;肢体残疾4级;智力残疾4级;多重残疾4级;,是,见原平台,中国残联就业服务平台（动态接口）,https://www.cdpee.org.cn/,2026年09月17日
河北省,唐山市,保洁,唐山市曹妃甸区俊逸名都酒店有限公司,河北省·唐山市·曹妃甸区,学历不限,,视力残疾1-4级;听力残疾1-4级;言语残疾1-4级;肢体残疾1-4级;智力残疾1-4级;精神残疾1-4级;多重残疾1-4级;,是,见原平台,中国残联就业服务平台（动态接口）,https://www.cdpee.org.cn/,2026年05月24日
上海市,上海市,行政助理（上海闵行区）,北京易才人力资源顾问有限公司,上海市·上海市·闵行区,大专,1,视力残疾1-3级;听力残疾1-3级;言语残疾1-3级;肢体残疾1-3级;智力残疾1-3级;精神残疾1-3级;多重残疾1-3级;,是,见原平台,中国残联就业服务平台（动态接口）,https://www.cdpee.org.cn/,2026年08月17日
江苏省,南京市,HR招聘,北京易才人力资源顾问有限公司,江苏省·南京市·建邺区,大专,1,视力残疾1-3级;听力残疾1-3级;言语残疾1-3级;肢体残疾1-3级;智力残疾1-3级;精神残疾1-3级;多重残疾1-3级;,是,见原平台,中国残联就业服务平台（动态接口）,https://www.cdpee.org.cn/,2026年05月22日
四川省,成都市,成都急招（残疾人福利岗）五险一金，长白8小时，高薪技术岗,广州海仑企业服务有限公司,四川省·成都市·锦江区,学历不限,3,视力残疾1-4级;听力残疾1-4级;言语残疾1-4级;肢体残疾1-4级;智力残疾1-4级;精神残疾1-4级;多重残疾1-4级;,是,见原平台,中国残联就业服务平台（动态接口）,https://www.cdpee.org.cn/,2026年09月17日
天津市,天津市,天津档案处理员，双休，8小时，缴纳五险一金,广州海仑企业服务有限公司,天津市·天津市·河东区,学历不限,2,视力残疾1-4级;听力残疾1-4级;言语残疾1-4级;肢体残疾1-4级;智力残疾1-4级;精神残疾1-4级;多重残疾1-4级;,是,见原平台,中国残联就业服务平台（动态接口）,https://www.cdpee.org.cn/,2026年09月17日
天津市,天津市,磨工,天津市北航世纪机械有限公司,天津市·天津市·北辰区,高中/中专,,视力残疾1-4级;听力残疾1-4级;言语残疾1-4级;肢体残疾1-4级;智力残疾1-4级;精神残疾1-4级;多重残疾1-4级;,是,见原平台,中国残联就业服务平台（动态接口）,https://www.cdpee.org.cn/,2026年04月11日
云南省,昭通市,艾草加工，种植,云南鑫会盟艾绒制品生产有限公司,云南省·昭通市·巧家县,学历不限,100,视力残疾4级;听力残疾4级;言语残疾4级;肢体残疾4级;智力残疾4级;精神残疾4级;,是,见原平台,中国残联就业服务平台（动态接口）,https://www.cdpee.org.cn/,2026年09月17日
江苏省,宿迁市,食品加工处理,宿迁市宿城区陆小青猪肉批发经营部,江苏省·宿迁市·湖滨新区,小学,100,"视力残疾3,4级;听力残疾3,4级;肢体残疾3,4级;智力残疾4级;多重残疾3,4级;",是,见原平台,中国残联就业服务平台（动态接口）,https://www.cdpee.org.cn/,2026年09月17日
湖南省,株洲市,垃圾清运工,湖南仁仁洁国际清洁科技集团股份有限公司荷塘分公司,湖南省·株洲市·荷塘区,学历不限,1,言语残疾1级;智力残疾1级;,是,见原平台,中国残联就业服务平台（动态接口）,https://www.cdpee.org.cn/,2026年09月17日
江苏省,徐州市,江苏徐州组件工+早八晚六+包吃+五险+坐班,陕西致广人力资源有限公司,江苏省·徐州市·邳州市,学历不限,20,"视力残疾1-4级;听力残疾1-4级;言语残疾1-4级;肢体残疾1-4级;智力残疾3,4级;多重残疾1-4级;",是,见原平台,中国残联就业服务平台（动态接口）,https://www.cdpee.org.cn/,2026年09月17日
广东省,江门市,生产工,江门市霞光照明电器有限公司,广东省·江门市·蓬江区,学历不限,1,听力残疾2-4级;言语残疾2-4级;肢体残疾4级;智力残疾4级;多重残疾4级;,是,见原平台,中国残联就业服务平台（动态接口）,https://www.cdpee.org.cn/,2026年09月17日
河北省,唐山市,保洁,唐山市曹妃甸区俊逸名都酒店有限公司,河北省·唐山市·曹妃甸区,学历不限,,视力残疾1-4级;听力残疾1-4级;言语残疾1-4级;肢体残疾1-4级;智力残疾1-4级;精神残疾1-4级;多重残疾1-4级;,是,见原平台,中国残联就业服务平台（动态接口）,https://www.cdpee.org.cn/,2026年05月24日
上海市,上海市,行政助理（上海闵行区）,北京易才人力资源顾问有限公司,上海市·上海市·闵行区,大专,1,视力残疾1-3级;听力残疾1-3级;言语残疾1-3级;肢体残疾1-3级;智力残疾1-3级;精神残疾1-3级;多重残疾1-3级;,是,见原平台,中国残联就业服务平台（动态接口）,https://www.cdpee.org.cn/,2026年08月17日
江苏省,南京市,HR招聘,北京易才人力资源顾问有限公司,江苏省·南京市·建邺区,大专,1,视力残疾1-3级;听力残疾1-3级;言语残疾1-3级;肢体残疾1-3级;智力残疾1-3级;精神残疾1-3级;多重残疾1-3级;,是,见原平台,中国残联就业服务平台（动态接口）,https://www.cdpee.org.cn/,2026年05月22日
四川省,成都市,成都急招（残疾人福利岗）五险一金，长白8小时，高薪技术岗,广州海仑企业服务有限公司,四川省·成都市·锦江区,学历不限,3,视力残疾1-4级;听力残疾1-4级;言语残疾1-4级;肢体残疾1-4级;智力残疾1-4级;精神残疾1-4级;多重残疾1-4级;,是,见原平台,中国残联就业服务平台（动态接口）,https://www.cdpee.org.cn/,2026年09月17日
天津市,天津市,天津档案处理员，双休，8小时，缴纳五险一金,广州海仑企业服务有限公司,天津市·天津市·河东区,学历不限,2,视力残疾1-4级;听力残疾1-4级;言语残疾1-4级;肢体残疾1-4级;智力残疾1-4级;精神残疾1-4级;多重残疾1-4级;,是,见原平台,中国残联就业服务平台（动态接口）,https://www.cdpee.org.cn/,2026年09月17日
天津市,天津市,磨工,天津市北航世纪机械有限公司,天津市·天津市·北辰区,高中/中专,,视力残疾1-4级;听力残疾1-4级;言语残疾1-4级;肢体残疾1-4级;智力残疾1-4级;精神残疾1-4级;多重残疾1-4级;,是,见原平台,中国残联就业服务平台（动态接口）,https://www.cdpee.org.cn/,2026年04月11日
云南省,昭通市,艾草加工，种植,云南鑫会盟艾绒制品生产有限公司,云南省·昭通市·巧家县,学历不限,100,视力残疾4级;听力残疾4级;言语残疾4级;肢体残疾4级;智力残疾4级;精神残疾4级;,是,见原平台,中国残联就业服务平台（动态接口）,https://www.cdpee.org.cn/,2026年09月17日
江苏省,宿迁市,食品加工处理,宿迁市宿城区陆小青猪肉批发经营部,江苏省·宿迁市·湖滨新区,小学,100,"视力残疾3,4级;听力残疾3,4级;肢体残疾3,4级;智力残疾4级;多重残疾3,4级;",是,见原平台,中国残联就业服务平台（动态接口）,https://www.cdpee.org.cn/,2026年09月17日
湖南省,株洲市,垃圾清运工,湖南仁仁洁国际清洁科技集团股份有限公司荷塘分公司,湖南省·株洲市·荷塘区,学历不限,1,言语残疾1级;智力残疾1级;,是,见原平台,中国残联就业服务平台（动态接口）,https://www.cdpee.org.cn/,2026年09月17日
江苏省,徐州市,江苏徐州组件工+早八晚六+包吃+五险+坐班,陕西致广人力资源有限公司,江苏省·徐州市·邳州市,学历不限,20,"视力残疾1-4级;听力残疾1-4级;言语残疾1-4级;肢体残疾1-4级;智力残疾3,4级;多重残疾1-4级;",是,见原平台,中国残联就业服务平台（动态接口）,https://www.cdpee.org.cn/,2026年09月17日
广东省,江门市,生产工,江门市霞光照明电器有限公司,广东省·江门市·蓬江区,学历不限,1,听力残疾2-4级;言语残疾2-4级;肢体残疾4级;智力残疾4级;多重残疾4级;,是,见原平台,中国残联就业服务平台（动态接口）,https://www.cdpee.org.cn/,2026年09月17日
河北省,唐山市,保洁,唐山市曹妃甸区俊逸名都酒店有限公司,河北省·唐山市·曹妃甸区,学历不限,,视力残疾1-4级;听力残疾1-4级;言语残疾1-4级;肢体残疾1-4级;智力残疾1-4级;精神残疾1-4级;多重残疾1-4级;,是,见原平台,中国残联就业服务平台（动态接口）,https://www.cdpee.org.cn/,2026年05月24日
上海市,上海市,行政助理（上海闵行区）,北京易才人力资源顾问有限公司,上海市·上海市·闵行区,大专,1,视力残疾1-3级;听力残疾1-3级;言语残疾1-3级;肢体残疾1-3级;智力残疾1-3级;精神残疾1-3级;多重残疾1-3级;,是,见原平台,中国残联就业服务平台（动态接口）,https://www.cdpee.org.cn/,2026年08月17日
江苏省,南京市,HR招聘,北京易才人力资源顾问有限公司,江苏省·南京市·建邺区,大专,1,视力残疾1-3级;听力残疾1-3级;言语残疾1-3级;肢体残疾1-3级;智力残疾1-3级;精神残疾1-3级;多重残疾1-3级;,是,见原平台,中国残联就业服务平台（动态接口）,https://www.cdpee.org.cn/,2026年05月22日
四川省,成都市,成都急招（残疾人福利岗）五险一金，长白8小时，高薪技术岗,广州海仑企业服务有限公司,四川省·成都市·锦江区,学历不限,3,视力残疾1-4级;听力残疾1-4级;言语残疾1-4级;肢体残疾1-4级;智力残疾1-4级;精神残疾1-4级;多重残疾1-4级;,是,见原平台,中国残联就业服务平台（动态接口）,https://www.cdpee.org.cn/,2026年09月17日
天津市,天津市,天津档案处理员，双休，8小时，缴纳五险一金,广州海仑企业服务有限公司,天津市·天津市·河东区,学历不限,2,视力残疾1-4级;听力残疾1-4级;言语残疾1-4级;肢体残疾1-4级;智力残疾1-4级;精神残疾1-4级;多重残疾1-4级;,是,见原平台,中国残联就业服务平台（动态接口）,https://www.cdpee.org.cn/,2026年09月17日
天津市,天津市,磨工,天津市北航世纪机械有限公司,天津市·天津市·北辰区,高中/中专,,视力残疾1-4级;听力残疾1-4级;言语残疾1-4级;肢体残疾1-4级;智力残疾1-4级;精神残疾1-4级;多重残疾1-4级;,是,见原平台,中国残联就业服务平台（动态接口）,https://www.cdpee.org.cn/,2026年04月11日
云南省,昭通市,艾草加工，种植,云南鑫会盟艾绒制品生产有限公司,云南省·昭通市·巧家县,学历不限,100,视力残疾4级;听力残疾4级;言语残疾4级;肢体残疾4级;智力残疾4级;精神残疾4级;,是,见原平台,中国残联就业服务平台（动态接口）,https://www.cdpee.org.cn/,2026年09月17日
江苏省,宿迁市,食品加工处理,宿迁市宿城区陆小青猪肉批发经营部,江苏省·宿迁市·湖滨新区,小学,100,"视力残疾3,4级;听力残疾3,4级;肢体残疾3,4级;智力残疾4级;多重残疾3,4级;",是,见原平台,中国残联就业服务平台（动态接口）,https://www.cdpee.org.cn/,2026年09月17日
湖南省,株洲市,垃圾清运工,湖南仁仁洁国际清洁科技集团股份有限公司荷塘分公司,湖南省·株洲市·荷塘区,学历不限,1,言语残疾1级;智力残疾1级;,是,见原平台,中国残联就业服务平台（动态接口）,https://www.cdpee.org.cn/,2026年09月17日
江苏省,徐州市,江苏徐州组件工+早八晚六+包吃+五险+坐班,陕西致广人力资源有限公司,江苏省·徐州市·邳州市,学历不限,20,"视力残疾1-4级;听力残疾1-4级;言语残疾1-4级;肢体残疾1-4级;智力残疾3,4级;多重残疾1-4级;",是,见原平台,中国残联就业服务平台（动态接口）,https://www.cdpee.org.cn/,2026年09月17日
广东省,江门市,生产工,江门市霞光照明电器有限公司,广东省·江门市·蓬江区,学历不限,1,听力残疾2-4级;言语残疾2-4级;肢体残疾4级;智力残疾4级;多重残疾4级;,是,见原平台,中国残联就业服务平台（动态接口）,https://www.cdpee.org.cn/,2026年09月17日
河北省,唐山市,保洁,唐山市曹妃甸区俊逸名都酒店有限公司,河北省·唐山市·曹妃甸区,学历不限,,视力残疾1-4级;听力残疾1-4级;言语残疾1-4级;肢体残疾1-4级;智力残疾1-4级;精神残疾1-4级;多重残疾1-4级;,是,见原平台,中国残联就业服务平台（动态接口）,https://www.cdpee.org.cn/,2026年05月24日
上海市,上海市,行政助理（上海闵行区）,北京易才人力资源顾问有限公司,上海市·上海市·闵行区,大专,1,视力残疾1-3级;听力残疾1-3级;言语残疾1-3级;肢体残疾1-3级;智力残疾1-3级;精神残疾1-3级;多重残疾1-3级;,是,见原平台,中国残联就业服务平台（动态接口）,https://www.cdpee.org.cn/,2026年08月17日
江苏省,南京市,HR招聘,北京易才人力资源顾问有限公司,江苏省·南京市·建邺区,大专,1,视力残疾1-3级;听力残疾1-3级;言语残疾1-3级;肢体残疾1-3级;智力残疾1-3级;精神残疾1-3级;多重残疾1-3级;,是,见原平台,中国残联就业服务平台（动态接口）,https://www.cdpee.org.cn/,2026年05月22日
四川省,成都市,成都急招（残疾人福利岗）五险一金，长白8小时，高薪技术岗,广州海仑企业服务有限公司,四川省·成都市·锦江区,学历不限,3,视力残疾1-4级;听力残疾1-4级;言语残疾1-4级;肢体残疾1-4级;智力残疾1-4级;精神残疾1-4级;多重残疾1-4级;,是,见原平台,中国残联就业服务平台（动态接口）,https://www.cdpee.org.cn/,2026年09月17日
天津市,天津市,天津档案处理员，双休，8小时，缴纳五险一金,广州海仑企业服务有限公司,天津市·天津市·河东区,学历不限,2,视力残疾1-4级;听力残疾1-4级;言语残疾1-4级;肢体残疾1-4级;智力残疾1-4级;精神残疾1-4级;多重残疾1-4级;,是,见原平台,中国残联就业服务平台（动态接口）,https://www.cdpee.org.cn/,2026年09月17日
天津市,天津市,磨工,天津市北航世纪机械有限公司,天津市·天津市·北辰区,高中/中专,,视力残疾1-4级;听力残疾1-4级;言语残疾1-4级;肢体残疾1-4级;智力残疾1-4级;精神残疾1-4级;多重残疾1-4级;,是,见原平台,中国残联就业服务平台（动态接口）,https://www.cdpee.org.cn/,2026年04月11日
云南省,昭通市,艾草加工，种植,云南鑫会盟艾绒制品生产有限公司,云南省·昭通市·巧家县,学历不限,100,视力残疾4级;听力残疾4级;言语残疾4级;肢体残疾4级;智力残疾4级;精神残疾4级;,是,见原平台,中国残联就业服务平台（动态接口）,https://www.cdpee.org.cn/,2026年09月17日
江苏省,宿迁市,食品加工处理,宿迁市宿城区陆小青猪肉批发经营部,江苏省·宿迁市·湖滨新区,小学,100,"视力残疾3,4级;听力残疾3,4级;肢体残疾3,4级;智力残疾4级;多重残疾3,4级;",是,见原平台,中国残联就业服务平台（动态接口）,https://www.cdpee.org.cn/,2026年09月17日
湖南省,株洲市,垃圾清运工,湖南仁仁洁国际清洁科技集团股份有限公司荷塘分公司,湖南省·株洲市·荷塘区,学历不限,1,言语残疾1级;智力残疾1级;,是,见原平台,中国残联就业服务平台（动态接口）,https://www.cdpee.org.cn/,2026年09月17日
江苏省,徐州市,江苏徐州组件工+早八晚六+包吃+五险+坐班,陕西致广人力资源有限公司,江苏省·徐州市·邳州市,学历不限,20,"视力残疾1-4级;听力残疾1-4级;言语残疾1-4级;肢体残疾1-4级;智力残疾3,4级;多重残疾1-4级;",是,见原平台,中国残联就业服务平台（动态接口）,https://www.cdpee.org.cn/,2026年09月17日
广东省,江门市,生产工,江门市霞光照明电器有限公司,广东省·江门市·蓬江区,学历不限,1,听力残疾2-4级;言语残疾2-4级;肢体残疾4级;智力残疾4级;多重残疾4级;,是,见原平台,中国残联就业服务平台（动态接口）,https://www.cdpee.org.cn/,2026年09月17日
河北省,唐山市,保洁,唐山市曹妃甸区俊逸名都酒店有限公司,河北省·唐山市·曹妃甸区,学历不限,,视力残疾1-4级;听力残疾1-4级;言语残疾1-4级;肢体残疾1-4级;智力残疾1-4级;精神残疾1-4级;多重残疾1-4级;,是,见原平台,中国残联就业服务平台（动态接口）,https://www.cdpee.org.cn/,2026年05月24日
上海市,上海市,行政助理（上海闵行区）,北京易才人力资源顾问有限公司,上海市·上海市·闵行区,大专,1,视力残疾1-3级;听力残疾1-3级;言语残疾1-3级;肢体残疾1-3级;智力残疾1-3级;精神残疾1-3级;多重残疾1-3级;,是,见原平台,中国残联就业服务平台（动态接口）,https://www.cdpee.org.cn/,2026年08月17日
江苏省,南京市,HR招聘,北京易才人力资源顾问有限公司,江苏省·南京市·建邺区,大专,1,视力残疾1-3级;听力残疾1-3级;言语残疾1-3级;肢体残疾1-3级;智力残疾1-3级;精神残疾1-3级;多重残疾1-3级;,是,见原平台,中国残联就业服务平台（动态接口）,https://www.cdpee.org.cn/,2026年05月22日
四川省,成都市,成都急招（残疾人福利岗）五险一金，长白8小时，高薪技术岗,广州海仑企业服务有限公司,四川省·成都市·锦江区,学历不限,3,视力残疾1-4级;听力残疾1-4级;言语残疾1-4级;肢体残疾1-4级;智力残疾1-4级;精神残疾1-4级;多重残疾1-4级;,是,见原平台,中国残联就业服务平台（动态接口）,https://www.cdpee.org.cn/,2026年09月17日
天津市,天津市,天津档案处理员，双休，8小时，缴纳五险一金,广州海仑企业服务有限公司,天津市·天津市·河东区,学历不限,2,视力残疾1-4级;听力残疾1-4级;言语残疾1-4级;肢体残疾1-4级;智力残疾1-4级;精神残疾1-4级;多重残疾1-4级;,是,见原平台,中国残联就业服务平台（动态接口）,https://www.cdpee.org.cn/,2026年09月17日
天津市,天津市,磨工,天津市北航世纪机械有限公司,天津市·天津市·北辰区,高中/中专,,视力残疾1-4级;听力残疾1-4级;言语残疾1-4级;肢体残疾1-4级;智力残疾1-4级;精神残疾1-4级;多重残疾1-4级;,是,见原平台,中国残联就业服务平台（动态接口）,https://www.cdpee.org.cn/,2026年04月11日
云南省,昭通市,艾草加工，种植,云南鑫会盟艾绒制品生产有限公司,云南省·昭通市·巧家县,学历不限,100,视力残疾4级;听力残疾4级;言语残疾4级;肢体残疾4级;智力残疾4级;精神残疾4级;,是,见原平台,中国残联就业服务平台（动态接口）,https://www.cdpee.org.cn/,2026年09月17日
江苏省,宿迁市,食品加工处理,宿迁市宿城区陆小青猪肉批发经营部,江苏省·宿迁市·湖滨新区,小学,100,"视力残疾3,4级;听力残疾3,4级;肢体残疾3,4级;智力残疾4级;多重残疾3,4级;",是,见原平台,中国残联就业服务平台（动态接口）,https://www.cdpee.org.cn/,2026年09月17日
湖南省,株洲市,垃圾清运工,湖南仁仁洁国际清洁科技集团股份有限公司荷塘分公司,湖南省·株洲市·荷塘区,学历不限,1,言语残疾1级;智力残疾1级;,是,见原平台,中国残联就业服务平台（动态接口）,https://www.cdpee.org.cn/,2026年09月17日
江苏省,徐州市,江苏徐州组件工+早八晚六+包吃+五险+坐班,陕西致广人力资源有限公司,江苏省·徐州市·邳州市,学历不限,20,"视力残疾1-4级;听力残疾1-4级;言语残疾1-4级;肢体残疾1-4级;智力残疾3,4级;多重残疾1-4级;",是,见原平台,中国残联就业服务平台（动态接口）,https://www.cdpee.org.cn/,2026年09月17日
广东省,江门市,生产工,江门市霞光照明电器有限公司,广东省·江门市·蓬江区,学历不限,1,听力残疾2-4级;言语残疾2-4级;肢体残疾4级;智力残疾4级;多重残疾4级;,是,见原平台,中国残联就业服务平台（动态接口）,https://www.cdpee.org.cn/,2026年09月17日
河北省,唐山市,保洁,唐山市曹妃甸区俊逸名都酒店有限公司,河北省·唐山市·曹妃甸区,学历不限,,视力残疾1-4级;听力残疾1-4级;言语残疾1-4级;肢体残疾1-4级;智力残疾1-4级;精神残疾1-4级;多重残疾1-4级;,是,见原平台,中国残联就业服务平台（动态接口）,https://www.cdpee.org.cn/,2026年05月24日
上海市,上海市,行政助理（上海闵行区）,北京易才人力资源顾问有限公司,上海市·上海市·闵行区,大专,1,视力残疾1-3级;听力残疾1-3级;言语残疾1-3级;肢体残疾1-3级;智力残疾1-3级;精神残疾1-3级;多重残疾1-3级;,是,见原平台,中国残联就业服务平台（动态接口）,https://www.cdpee.org.cn/,2026年08月17日
江苏省,南京市,HR招聘,北京易才人力资源顾问有限公司,江苏省·南京市·建邺区,大专,1,视力残疾1-3级;听力残疾1-3级;言语残疾1-3级;肢体残疾1-3级;智力残疾1-3级;精神残疾1-3级;多重残疾1-3级;,是,见原平台,中国残联就业服务平台（动态接口）,https://www.cdpee.org.cn/,2026年05月22日
四川省,成都市,成都急招（残疾人福利岗）五险一金，长白8小时，高薪技术岗,广州海仑企业服务有限公司,四川省·成都市·锦江区,学历不限,3,视力残疾1-4级;听力残疾1-4级;言语残疾1-4级;肢体残疾1-4级;智力残疾1-4级;精神残疾1-4级;多重残疾1-4级;,是,见原平台,中国残联就业服务平台（动态接口）,https://www.cdpee.org.cn/,2026年09月17日
天津市,天津市,天津档案处理员，双休，8小时，缴纳五险一金,广州海仑企业服务有限公司,天津市·天津市·河东区,学历不限,2,视力残疾1-4级;听力残疾1-4级;言语残疾1-4级;肢体残疾1-4级;智力残疾1-4级;精神残疾1-4级;多重残疾1-4级;,是,见原平台,中国残联就业服务平台（动态接口）,https://www.cdpee.org.cn/,2026年09月17日
天津市,天津市,磨工,天津市北航世纪机械有限公司,天津市·天津市·北辰区,高中/中专,,视力残疾1-4级;听力残疾1-4级;言语残疾1-4级;肢体残疾1-4级;智力残疾1-4级;精神残疾1-4级;多重残疾1-4级;,是,见原平台,中国残联就业服务平台（动态接口）,https://www.cdpee.org.cn/,2026年04月11日
云南省,昭通市,艾草加工，种植,云南鑫会盟艾绒制品生产有限公司,云南省·昭通市·巧家县,学历不限,100,视力残疾4级;听力残疾4级;言语残疾4级;肢体残疾4级;智力残疾4级;精神残疾4级;,是,见原平台,中国残联就业服务平台（动态接口）,https://www.cdpee.org.cn/,2026年09月17日
江苏省,宿迁市,食品加工处理,宿迁市宿城区陆小青猪肉批发经营部,江苏省·宿迁市·湖滨新区,小学,100,"视力残疾3,4级;听力残疾3,4级;肢体残疾3,4级;智力残疾4级;多重残疾3,4级;",是,见原平台,中国残联就业服务平台（动态接口）,https://www.cdpee.org.cn/,2026年09月17日
湖南省,株洲市,垃圾清运工,湖南仁仁洁国际清洁科技集团股份有限公司荷塘分公司,湖南省·株洲市·荷塘区,学历不限,1,言语残疾1级;智力残疾1级;,是,见原平台,中国残联就业服务平台（动态接口）,https://www.cdpee.org.cn/,2026年09月17日
江苏省,徐州市,江苏徐州组件工+早八晚六+包吃+五险+坐班,陕西致广人力资源有限公司,江苏省·徐州市·邳州市,学历不限,20,"视力残疾1-4级;听力残疾1-4级;言语残疾1-4级;肢体残疾1-4级;智力残疾3,4级;多重残疾1-4级;",是,见原平台,中国残联就业服务平台（动态接口）,https://www.cdpee.org.cn/,2026年09月17日
广东省,江门市,生产工,江门市霞光照明电器有限公司,广东省·江门市·蓬江区,学历不限,1,听力残疾2-4级;言语残疾2-4级;肢体残疾4级;智力残疾4级;多重残疾4级;,是,见原平台,中国残联就业服务平台（动态接口）,https://www.cdpee.org.cn/,2026年09月17日
河北省,唐山市,保洁,唐山市曹妃甸区俊逸名都酒店有限公司,河北省·唐山市·曹妃甸区,学历不限,,视力残疾1-4级;听力残疾1-4级;言语残疾1-4级;肢体残疾1-4级;智力残疾1-4级;精神残疾1-4级;多重残疾1-4级;,是,见原平台,中国残联就业服务平台（动态接口）,https://www.cdpee.org.cn/,2026年05月24日
上海市,上海市,行政助理（上海闵行区）,北京易才人力资源顾问有限公司,上海市·上海市·闵行区,大专,1,视力残疾1-3级;听力残疾1-3级;言语残疾1-3级;肢体残疾1-3级;智力残疾1-3级;精神残疾1-3级;多重残疾1-3级;,是,见原平台,中国残联就业服务平台（动态接口）,https://www.cdpee.org.cn/,2026年08月17日
江苏省,南京市,HR招聘,北京易才人力资源顾问有限公司,江苏省·南京市·建邺区,大专,1,视力残疾1-3级;听力残疾1-3级;言语残疾1-3级;肢体残疾1-3级;智力残疾1-3级;精神残疾1-3级;多重残疾1-3级;,是,见原平台,中国残联就业服务平台（动态接口）,https://www.cdpee.org.cn/,2026年05月22日
四川省,成都市,成都急招（残疾人福利岗）五险一金，长白8小时，高薪技术岗,广州海仑企业服务有限公司,四川省·成都市·锦江区,学历不限,3,视力残疾1-4级;听力残疾1-4级;言语残疾1-4级;肢体残疾1-4级;智力残疾1-4级;精神残疾1-4级;多重残疾1-4级;,是,见原平台,中国残联就业服务平台（动态接口）,https://www.cdpee.org.cn/,2026年09月17日
天津市,天津市,天津档案处理员，双休，8小时，缴纳五险一金,广州海仑企业服务有限公司,天津市·天津市·河东区,学历不限,2,视力残疾1-4级;听力残疾1-4级;言语残疾1-4级;肢体残疾1-4级;智力残疾1-4级;精神残疾1-4级;多重残疾1-4级;,是,见原平台,中国残联就业服务平台（动态接口）,https://www.cdpee.org.cn/,2026年09月17日
天津市,天津市,磨工,天津市北航世纪机械有限公司,天津市·天津市·北辰区,高中/中专,,视力残疾1-4级;听力残疾1-4级;言语残疾1-4级;肢体残疾1-4级;智力残疾1-4级;精神残疾1-4级;多重残疾1-4级;,是,见原平台,中国残联就业服务平台（动态接口）,https://www.cdpee.org.cn/,2026年04月11日
云南省,昭通市,艾草加工，种植,云南鑫会盟艾绒制品生产有限公司,云南省·昭通市·巧家县,学历不限,100,视力残疾4级;听力残疾4级;言语残疾4级;肢体残疾4级;智力残疾4级;精神残疾4级;,是,见原平台,中国残联就业服务平台（动态接口）,https://www.cdpee.org.cn/,2026年09月17日
江苏省,宿迁市,食品加工处理,宿迁市宿城区陆小青猪肉批发经营部,江苏省·宿迁市·湖滨新区,小学,100,"视力残疾3,4级;听力残疾3,4级;肢体残疾3,4级;智力残疾4级;多重残疾3,4级;",是,见原平台,中国残联就业服务平台（动态接口）,https://www.cdpee.org.cn/,2026年09月17日
湖南省,株洲市,垃圾清运工,湖南仁仁洁国际清洁科技集团股份有限公司荷塘分公司,湖南省·株洲市·荷塘区,学历不限,1,言语残疾1级;智力残疾1级;,是,见原平台,中国残联就业服务平台（动态接口）,https://www.cdpee.org.cn/,2026年09月17日
江苏省,徐州市,江苏徐州组件工+早八晚六+包吃+五险+坐班,陕西致广人力资源有限公司,江苏省·徐州市·邳州市,学历不限,20,"视力残疾1-4级;听力残疾1-4级;言语残疾1-4级;肢体残疾1-4级;智力残疾3,4级;多重残疾1-4级;",是,见原平台,中国残联就业服务平台（动态接口）,https://www.cdpee.org.cn/,2026年09月17日
湖北省,武汉市,餐饮服务员,武汉市经济技术开发区一二三餐饮店（个体工商户）,湖北省·武汉市·蔡甸区,学历不限,,视力残疾1-4级;听力残疾1-4级;言语残疾1-4级;肢体残疾1-4级;智力残疾1-4级;精神残疾1-4级;多重残疾1-4级;,是,见原平台,中国残联就业服务平台（动态接口）,https://www.cdpee.org.cn/,2026年08月29日
广东省,江门市,生产工,江门市霞光照明电器有限公司,广东省·江门市·蓬江区,学历不限,1,听力残疾2-4级;言语残疾2-4级;肢体残疾4级;智力残疾4级;多重残疾4级;,是,见原平台,中国残联就业服务平台（动态接口）,https://www.cdpee.org.cn/,2026年09月17日
上海市,上海市,行政助理（上海闵行区）,北京易才人力资源顾问有限公司,上海市·上海市·闵行区,大专,1,视力残疾1-3级;听力残疾1-3级;言语残疾1-3级;肢体残疾1-3级;智力残疾1-3级;精神残疾1-3级;多重残疾1-3级;,是,见原平台,中国残联就业服务平台（动态接口）,https://www.cdpee.org.cn/,2026年08月17日
江苏省,南京市,HR招聘,北京易才人力资源顾问有限公司,江苏省·南京市·建邺区,大专,1,视力残疾1-3级;听力残疾1-3级;言语残疾1-3级;肢体残疾1-3级;智力残疾1-3级;精神残疾1-3级;多重残疾1-3级;,是,见原平台,中国残联就业服务平台（动态接口）,https://www.cdpee.org.cn/,2026年05月22日
四川省,成都市,成都急招（残疾人福利岗）五险一金，长白8小时，高薪技术岗,广州海仑企业服务有限公司,四川省·成都市·锦江区,学历不限,3,视力残疾1-4级;听力残疾1-4级;言语残疾1-4级;肢体残疾1-4级;智力残疾1-4级;精神残疾1-4级;多重残疾1-4级;,是,见原平台,中国残联就业服务平台（动态接口）,https://www.cdpee.org.cn/,2026年09月17日
天津市,天津市,天津档案处理员，双休，8小时，缴纳五险一金,广州海仑企业服务有限公司,天津市·天津市·河东区,学历不限,2,视力残疾1-4级;听力残疾1-4级;言语残疾1-4级;肢体残疾1-4级;智力残疾1-4级;精神残疾1-4级;多重残疾1-4级;,是,见原平台,中国残联就业服务平台（动态接口）,https://www.cdpee.org.cn/,2026年09月17日
宁夏回族自治区,银川市,早餐面点师,早膳坊（宁夏）餐饮连锁有限责任公司,宁夏回族自治区·银川市·金凤区,学历不限,,视力残疾1-4级;听力残疾1-4级;言语残疾1-4级;肢体残疾1-4级;智力残疾1-4级;精神残疾1-4级;多重残疾1-4级;,是,见原平台,中国残联就业服务平台（动态接口）,https://www.cdpee.org.cn/,2026年05月06日
云南省,昭通市,艾草加工，种植,云南鑫会盟艾绒制品生产有限公司,云南省·昭通市·巧家县,学历不限,100,视力残疾4级;听力残疾4级;言语残疾4级;肢体残疾4级;智力残疾4级;精神残疾4级;,是,见原平台,中国残联就业服务平台（动态接口）,https://www.cdpee.org.cn/,2026年09月17日
江苏省,宿迁市,食品加工处理,宿迁市宿城区陆小青猪肉批发经营部,江苏省·宿迁市·湖滨新区,小学,100,"视力残疾3,4级;听力残疾3,4级;肢体残疾3,4级;智力残疾4级;多重残疾3,4级;",是,见原平台,中国残联就业服务平台（动态接口）,https://www.cdpee.org.cn/,2026年09月17日
湖南省,株洲市,垃圾清运工,湖南仁仁洁国际清洁科技集团股份有限公司荷塘分公司,湖南省·株洲市·荷塘区,学历不限,1,言语残疾1级;智力残疾1级;,是,见原平台,中国残联就业服务平台（动态接口）,https://www.cdpee.org.cn/,2026年09月17日
江苏省,徐州市,江苏徐州组件工+早八晚六+包吃+五险+坐班,陕西致广人力资源有限公司,江苏省·徐州市·邳州市,学历不限,20,"视力残疾1-4级;听力残疾1-4级;言语残疾1-4级;肢体残疾1-4级;智力残疾3,4级;多重残疾1-4级;",是,见原平台,中国残联就业服务平台（动态接口）,https://www.cdpee.org.cn/,2026年09月17日
湖北省,武汉市,餐饮服务员,武汉市经济技术开发区一二三餐饮店（个体工商户）,湖北省·武汉市·蔡甸区,学历不限,,视力残疾1-4级;听力残疾1-4级;言语残疾1-4级;肢体残疾1-4级;智力残疾1-4级;精神残疾1-4级;多重残疾1-4级;,是,见原平台,中国残联就业服务平台（动态接口）,https://www.cdpee.org.cn/,2026年08月29日
广东省,江门市,生产工,江门市霞光照明电器有限公司,广东省·江门市·蓬江区,学历不限,1,听力残疾2-4级;言语残疾2-4级;肢体残疾4级;智力残疾4级;多重残疾4级;,是,见原平台,中国残联就业服务平台（动态接口）,https://www.cdpee.org.cn/,2026年09月17日
上海市,上海市,行政助理（上海闵行区）,北京易才人力资源顾问有限公司,上海市·上海市·闵行区,大专,1,视力残疾1-3级;听力残疾1-3级;言语残疾1-3级;肢体残疾1-3级;智力残疾1-3级;精神残疾1-3级;多重残疾1-3级;,是,见原平台,中国残联就业服务平台（动态接口）,https://www.cdpee.org.cn/,2026年08月17日
江苏省,南京市,HR招聘,北京易才人力资源顾问有限公司,江苏省·南京市·建邺区,大专,1,视力残疾1-3级;听力残疾1-3级;言语残疾1-3级;肢体残疾1-3级;智力残疾1-3级;精神残疾1-3级;多重残疾1-3级;,是,见原平台,中国残联就业服务平台（动态接口）,https://www.cdpee.org.cn/,2026年05月22日
四川省,成都市,成都急招（残疾人福利岗）五险一金，长白8小时，高薪技术岗,广州海仑企业服务有限公司,四川省·成都市·锦江区,学历不限,3,视力残疾1-4级;听力残疾1-4级;言语残疾1-4级;肢体残疾1-4级;智力残疾1-4级;精神残疾1-4级;多重残疾1-4级;,是,见原平台,中国残联就业服务平台（动态接口）,https://www.cdpee.org.cn/,2026年09月17日
天津市,天津市,天津档案处理员，双休，8小时，缴纳五险一金,广州海仑企业服务有限公司,天津市·天津市·河东区,学历不限,2,视力残疾1-4级;听力残疾1-4级;言语残疾1-4级;肢体残疾1-4级;智力残疾1-4级;精神残疾1-4级;多重残疾1-4级;,是,见原平台,中国残联就业服务平台（动态接口）,https://www.cdpee.org.cn/,2026年09月17日
宁夏回族自治区,银川市,早餐面点师,早膳坊（宁夏）餐饮连锁有限责任公司,宁夏回族自治区·银川市·金凤区,学历不限,,视力残疾1-4级;听力残疾1-4级;言语残疾1-4级;肢体残疾1-4级;智力残疾1-4级;精神残疾1-4级;多重残疾1-4级;,是,见原平台,中国残联就业服务平台（动态接口）,https://www.cdpee.org.cn/,2026年05月06日
云南省,昭通市,艾草加工，种植,云南鑫会盟艾绒制品生产有限公司,云南省·昭通市·巧家县,学历不限,100,视力残疾4级;听力残疾4级;言语残疾4级;肢体残疾4级;智力残疾4级;精神残疾4级;,是,见原平台,中国残联就业服务平台（动态接口）,https://www.cdpee.org.cn/,2026年09月17日
江苏省,宿迁市,食品加工处理,宿迁市宿城区陆小青猪肉批发经营部,江苏省·宿迁市·湖滨新区,小学,100,"视力残疾3,4级;听力残疾3,4级;肢体残疾3,4级;智力残疾4级;多重残疾3,4级;",是,见原平台,中国残联就业服务平台（动态接口）,https://www.cdpee.org.cn/,2026年09月17日
湖南省,株洲市,垃圾清运工,湖南仁仁洁国际清洁科技集团股份有限公司荷塘分公司,湖南省·株洲市·荷塘区,学历不限,1,言语残疾1级;智力残疾1级;,是,见原平台,中国残联就业服务平台（动态接口）,https://www.cdpee.org.cn/,2026年09月17日
江苏省,徐州市,江苏徐州组件工+早八晚六+包吃+五险+坐班,陕西致广人力资源有限公司,江苏省·徐州市·邳州市,学历不限,20,"视力残疾1-4级;听力残疾1-4级;言语残疾1-4级;肢体残疾1-4级;智力残疾3,4级;多重残疾1-4级;",是,见原平台,中国残联就业服务平台（动态接口）,https://www.cdpee.org.cn/,2026年09月17日
湖北省,武汉市,餐饮服务员,武汉市经济技术开发区一二三餐饮店（个体工商户）,湖北省·武汉市·蔡甸区,学历不限,,视力残疾1-4级;听力残疾1-4级;言语残疾1-4级;肢体残疾1-4级;智力残疾1-4级;精神残疾1-4级;多重残疾1-4级;,是,见原平台,中国残联就业服务平台（动态接口）,https://www.cdpee.org.cn/,2026年08月29日
广东省,江门市,生产工,江门市霞光照明电器有限公司,广东省·江门市·蓬江区,学历不限,1,听力残疾2-4级;言语残疾2-4级;肢体残疾4级;智力残疾4级;多重残疾4级;,是,见原平台,中国残联就业服务平台（动态接口）,https://www.cdpee.org.cn/,2026年09月17日
上海市,上海市,行政助理（上海闵行区）,北京易才人力资源顾问有限公司,上海市·上海市·闵行区,大专,1,视力残疾1-3级;听力残疾1-3级;言语残疾1-3级;肢体残疾1-3级;智力残疾1-3级;精神残疾1-3级;多重残疾1-3级;,是,见原平台,中国残联就业服务平台（动态接口）,https://www.cdpee.org.cn/,2026年08月17日
江苏省,南京市,HR招聘,北京易才人力资源顾问有限公司,江苏省·南京市·建邺区,大专,1,视力残疾1-3级;听力残疾1-3级;言语残疾1-3级;肢体残疾1-3级;智力残疾1-3级;精神残疾1-3级;多重残疾1-3级;,是,见原平台,中国残联就业服务平台（动态接口）,https://www.cdpee.org.cn/,2026年05月22日
四川省,成都市,成都急招（残疾人福利岗）五险一金，长白8小时，高薪技术岗,广州海仑企业服务有限公司,四川省·成都市·锦江区,学历不限,3,视力残疾1-4级;听力残疾1-4级;言语残疾1-4级;肢体残疾1-4级;智力残疾1-4级;精神残疾1-4级;多重残疾1-4级;,是,见原平台,中国残联就业服务平台（动态接口）,https://www.cdpee.org.cn/,2026年09月17日
天津市,天津市,天津档案处理员，双休，8小时，缴纳五险一金,广州海仑企业服务有限公司,天津市·天津市·河东区,学历不限,2,视力残疾1-4级;听力残疾1-4级;言语残疾1-4级;肢体残疾1-4级;智力残疾1-4级;精神残疾1-4级;多重残疾1-4级;,是,见原平台,中国残联就业服务平台（动态接口）,https://www.cdpee.org.cn/,2026年09月17日
宁夏回族自治区,银川市,早餐面点师,早膳坊（宁夏）餐饮连锁有限责任公司,宁夏回族自治区·银川市·金凤区,学历不限,,视力残疾1-4级;听力残疾1-4级;言语残疾1-4级;肢体残疾1-4级;智力残疾1-4级;精神残疾1-4级;多重残疾1-4级;,是,见原平台,中国残联就业服务平台（动态接口）,https://www.cdpee.org.cn/,2026年05月06日
云南省,昭通市,艾草加工，种植,云南鑫会盟艾绒制品生产有限公司,云南省·昭通市·巧家县,学历不限,100,视力残疾4级;听力残疾4级;言语残疾4级;肢体残疾4级;智力残疾4级;精神残疾4级;,是,见原平台,中国残联就业服务平台（动态接口）,https://www.cdpee.org.cn/,2026年09月17日
江苏省,宿迁市,食品加工处理,宿迁市宿城区陆小青猪肉批发经营部,江苏省·宿迁市·湖滨新区,小学,100,"视力残疾3,4级;听力残疾3,4级;肢体残疾3,4级;智力残疾4级;多重残疾3,4级;",是,见原平台,中国残联就业服务平台（动态接口）,https://www.cdpee.org.cn/,2026年09月17日
湖南省,株洲市,垃圾清运工,湖南仁仁洁国际清洁科技集团股份有限公司荷塘分公司,湖南省·株洲市·荷塘区,学历不限,1,言语残疾1级;智力残疾1级;,是,见原平台,中国残联就业服务平台（动态接口）,https://www.cdpee.org.cn/,2026年09月17日
江苏省,徐州市,江苏徐州组件工+早八晚六+包吃+五险+坐班,陕西致广人力资源有限公司,江苏省·徐州市·邳州市,学历不限,20,"视力残疾1-4级;听力残疾1-4级;言语残疾1-4级;肢体残疾1-4级;智力残疾3,4级;多重残疾1-4级;",是,见原平台,中国残联就业服务平台（动态接口）,https://www.cdpee.org.cn/,2026年09月17日
湖北省,武汉市,餐饮服务员,武汉市经济技术开发区一二三餐饮店（个体工商户）,湖北省·武汉市·蔡甸区,学历不限,,视力残疾1-4级;听力残疾1-4级;言语残疾1-4级;肢体残疾1-4级;智力残疾1-4级;精神残疾1-4级;多重残疾1-4级;,是,见原平台,中国残联就业服务平台（动态接口）,https://www.cdpee.org.cn/,2026年08月29日
广东省,江门市,生产工,江门市霞光照明电器有限公司,广东省·江门市·蓬江区,学历不限,1,听力残疾2-4级;言语残疾2-4级;肢体残疾4级;智力残疾4级;多重残疾4级;,是,见原平台,中国残联就业服务平台（动态接口）,https://www.cdpee.org.cn/,2026年09月17日
上海市,上海市,行政助理（上海闵行区）,北京易才人力资源顾问有限公司,上海市·上海市·闵行区,大专,1,视力残疾1-3级;听力残疾1-3级;言语残疾1-3级;肢体残疾1-3级;智力残疾1-3级;精神残疾1-3级;多重残疾1-3级;,是,见原平台,中国残联就业服务平台（动态接口）,https://www.cdpee.org.cn/,2026年08月17日
江苏省,南京市,HR招聘,北京易才人力资源顾问有限公司,江苏省·南京市·建邺区,大专,1,视力残疾1-3级;听力残疾1-3级;言语残疾1-3级;肢体残疾1-3级;智力残疾1-3级;精神残疾1-3级;多重残疾1-3级;,是,见原平台,中国残联就业服务平台（动态接口）,https://www.cdpee.org.cn/,2026年05月22日
四川省,成都市,成都急招（残疾人福利岗）五险一金，长白8小时，高薪技术岗,广州海仑企业服务有限公司,四川省·成都市·锦江区,学历不限,3,视力残疾1-4级;听力残疾1-4级;言语残疾1-4级;肢体残疾1-4级;智力残疾1-4级;精神残疾1-4级;多重残疾1-4级;,是,见原平台,中国残联就业服务平台（动态接口）,https://www.cdpee.org.cn/,2026年09月17日
天津市,天津市,天津档案处理员，双休，8小时，缴纳五险一金,广州海仑企业服务有限公司,天津市·天津市·河东区,学历不限,2,视力残疾1-4级;听力残疾1-4级;言语残疾1-4级;肢体残疾1-4级;智力残疾1-4级;精神残疾1-4级;多重残疾1-4级;,是,见原平台,中国残联就业服务平台（动态接口）,https://www.cdpee.org.cn/,2026年09月17日
宁夏回族自治区,银川市,早餐面点师,早膳坊（宁夏）餐饮连锁有限责任公司,宁夏回族自治区·银川市·金凤区,学历不限,,视力残疾1-4级;听力残疾1-4级;言语残疾1-4级;肢体残疾1-4级;智力残疾1-4级;精神残疾1-4级;多重残疾1-4级;,是,见原平台,中国残联就业服务平台（动态接口）,https://www.cdpee.org.cn/,2026年05月06日
云南省,昭通市,艾草加工，种植,云南鑫会盟艾绒制品生产有限公司,云南省·昭通市·巧家县,学历不限,100,视力残疾4级;听力残疾4级;言语残疾4级;肢体残疾4级;智力残疾4级;精神残疾4级;,是,见原平台,中国残联就业服务平台（动态接口）,https://www.cdpee.org.cn/,2026年09月17日
江苏省,宿迁市,食品加工处理,宿迁市宿城区陆小青猪肉批发经营部,江苏省·宿迁市·湖滨新区,小学,100,"视力残疾3,4级;听力残疾3,4级;肢体残疾3,4级;智力残疾4级;多重残疾3,4级;",是,见原平台,中国残联就业服务平台（动态接口）,https://www.cdpee.org.cn/,2026年09月17日
湖南省,株洲市,垃圾清运工,湖南仁仁洁国际清洁科技集团股份有限公司荷塘分公司,湖南省·株洲市·荷塘区,学历不限,1,言语残疾1级;智力残疾1级;,是,见原平台,中国残联就业服务平台（动态接口）,https://www.cdpee.org.cn/,2026年09月17日
江苏省,徐州市,江苏徐州组件工+早八晚六+包吃+五险+坐班,陕西致广人力资源有限公司,江苏省·徐州市·邳州市,学历不限,20,"视力残疾1-4级;听力残疾1-4级;言语残疾1-4级;肢体残疾1-4级;智力残疾3,4级;多重残疾1-4级;",是,见原平台,中国残联就业服务平台（动态接口）,https://www.cdpee.org.cn/,2026年09月17日
湖北省,武汉市,餐饮服务员,武汉市经济技术开发区一二三餐饮店（个体工商户）,湖北省·武汉市·蔡甸区,学历不限,,视力残疾1-4级;听力残疾1-4级;言语残疾1-4级;肢体残疾1-4级;智力残疾1-4级;精神残疾1-4级;多重残疾1-4级;,是,见原平台,中国残联就业服务平台（动态接口）,https://www.cdpee.org.cn/,2026年08月29日
广东省,江门市,生产工,江门市霞光照明电器有限公司,广东省·江门市·蓬江区,学历不限,1,听力残疾2-4级;言语残疾2-4级;肢体残疾4级;智力残疾4级;多重残疾4级;,是,见原平台,中国残联就业服务平台（动态接口）,https://www.cdpee.org.cn/,2026年09月17日
上海市,上海市,行政助理（上海闵行区）,北京易才人力资源顾问有限公司,上海市·上海市·闵行区,大专,1,视力残疾1-3级;听力残疾1-3级;言语残疾1-3级;肢体残疾1-3级;智力残疾1-3级;精神残疾1-3级;多重残疾1-3级;,是,见原平台,中国残联就业服务平台（动态接口）,https://www.cdpee.org.cn/,2026年08月17日
江苏省,南京市,HR招聘,北京易才人力资源顾问有限公司,江苏省·南京市·建邺区,大专,1,视力残疾1-3级;听力残疾1-3级;言语残疾1-3级;肢体残疾1-3级;智力残疾1-3级;精神残疾1-3级;多重残疾1-3级;,是,见原平台,中国残联就业服务平台（动态接口）,https://www.cdpee.org.cn/,2026年05月22日
四川省,成都市,成都急招（残疾人福利岗）五险一金，长白8小时，高薪技术岗,广州海仑企业服务有限公司,四川省·成都市·锦江区,学历不限,3,视力残疾1-4级;听力残疾1-4级;言语残疾1-4级;肢体残疾1-4级;智力残疾1-4级;精神残疾1-4级;多重残疾1-4级;,是,见原平台,中国残联就业服务平台（动态接口）,https://www.cdpee.org.cn/,2026年09月17日
天津市,天津市,天津档案处理员，双休，8小时，缴纳五险一金,广州海仑企业服务有限公司,天津市·天津市·河东区,学历不限,2,视力残疾1-4级;听力残疾1-4级;言语残疾1-4级;肢体残疾1-4级;智力残疾1-4级;精神残疾1-4级;多重残疾1-4级;,是,见原平台,中国残联就业服务平台（动态接口）,https://www.cdpee.org.cn/,2026年09月17日
宁夏回族自治区,银川市,早餐面点师,早膳坊（宁夏）餐饮连锁有限责任公司,宁夏回族自治区·银川市·金凤区,学历不限,,视力残疾1-4级;听力残疾1-4级;言语残疾1-4级;肢体残疾1-4级;智力残疾1-4级;精神残疾1-4级;多重残疾1-4级;,是,见原平台,中国残联就业服务平台（动态接口）,https://www.cdpee.org.cn/,2026年05月06日
云南省,昭通市,艾草加工，种植,云南鑫会盟艾绒制品生产有限公司,云南省·昭通市·巧家县,学历不限,100,视力残疾4级;听力残疾4级;言语残疾4级;肢体残疾4级;智力残疾4级;精神残疾4级;,是,见原平台,中国残联就业服务平台（动态接口）,https://www.cdpee.org.cn/,2026年09月17日
江苏省,宿迁市,食品加工处理,宿迁市宿城区陆小青猪肉批发经营部,江苏省·宿迁市·湖滨新区,小学,100,"视力残疾3,4级;听力残疾3,4级;肢体残疾3,4级;智力残疾4级;多重残疾3,4级;",是,见原平台,中国残联就业服务平台（动态接口）,https://www.cdpee.org.cn/,2026年09月17日
湖南省,株洲市,垃圾清运工,湖南仁仁洁国际清洁科技集团股份有限公司荷塘分公司,湖南省·株洲市·荷塘区,学历不限,1,言语残疾1级;智力残疾1级;,是,见原平台,中国残联就业服务平台（动态接口）,https://www.cdpee.org.cn/,2026年09月17日
江苏省,徐州市,江苏徐州组件工+早八晚六+包吃+五险+坐班,陕西致广人力资源有限公司,江苏省·徐州市·邳州市,学历不限,20,"视力残疾1-4级;听力残疾1-4级;言语残疾1-4级;肢体残疾1-4级;智力残疾3,4级;多重残疾1-4级;",是,见原平台,中国残联就业服务平台（动态接口）,https://www.cdpee.org.cn/,2026年09月17日
湖北省,武汉市,餐饮服务员,武汉市经济技术开发区一二三餐饮店（个体工商户）,湖北省·武汉市·蔡甸区,学历不限,,视力残疾1-4级;听力残疾1-4级;言语残疾1-4级;肢体残疾1-4级;智力残疾1-4级;精神残疾1-4级;多重残疾1-4级;,是,见原平台,中国残联就业服务平台（动态接口）,https://www.cdpee.org.cn/,2026年08月29日
广东省,江门市,生产工,江门市霞光照明电器有限公司,广东省·江门市·蓬江区,学历不限,1,听力残疾2-4级;言语残疾2-4级;肢体残疾4级;智力残疾4级;多重残疾4级;,是,见原平台,中国残联就业服务平台（动态接口）,https://www.cdpee.org.cn/,2026年09月17日
上海市,上海市,行政助理（上海闵行区）,北京易才人力资源顾问有限公司,上海市·上海市·闵行区,大专,1,视力残疾1-3级;听力残疾1-3级;言语残疾1-3级;肢体残疾1-3级;智力残疾1-3级;精神残疾1-3级;多重残疾1-3级;,是,见原平台,中国残联就业服务平台（动态接口）,https://www.cdpee.org.cn/,2026年08月17日
江苏省,南京市,HR招聘,北京易才人力资源顾问有限公司,江苏省·南京市·建邺区,大专,1,视力残疾1-3级;听力残疾1-3级;言语残疾1-3级;肢体残疾1-3级;智力残疾1-3级;精神残疾1-3级;多重残疾1-3级;,是,见原平台,中国残联就业服务平台（动态接口）,https://www.cdpee.org.cn/,2026年05月22日
四川省,成都市,成都急招（残疾人福利岗）五险一金，长白8小时，高薪技术岗,广州海仑企业服务有限公司,四川省·成都市·锦江区,学历不限,3,视力残疾1-4级;听力残疾1-4级;言语残疾1-4级;肢体残疾1-4级;智力残疾1-4级;精神残疾1-4级;多重残疾1-4级;,是,见原平台,中国残联就业服务平台（动态接口）,https://www.cdpee.org.cn/,2026年09月17日
天津市,天津市,天津档案处理员，双休，8小时，缴纳五险一金,广州海仑企业服务有限公司,天津市·天津市·河东区,学历不限,2,视力残疾1-4级;听力残疾1-4级;言语残疾1-4级;肢体残疾1-4级;智力残疾1-4级;精神残疾1-4级;多重残疾1-4级;,是,见原平台,中国残联就业服务平台（动态接口）,https://www.cdpee.org.cn/,2026年09月17日
宁夏回族自治区,银川市,早餐面点师,早膳坊（宁夏）餐饮连锁有限责任公司,宁夏回族自治区·银川市·金凤区,学历不限,,视力残疾1-4级;听力残疾1-4级;言语残疾1-4级;肢体残疾1-4级;智力残疾1-4级;精神残疾1-4级;多重残疾1-4级;,是,见原平台,中国残联就业服务平台（动态接口）,https://www.cdpee.org.cn/,2026年05月06日
云南省,昭通市,艾草加工，种植,云南鑫会盟艾绒制品生产有限公司,云南省·昭通市·巧家县,学历不限,100,视力残疾4级;听力残疾4级;言语残疾4级;肢体残疾4级;智力残疾4级;精神残疾4级;,是,见原平台,中国残联就业服务平台（动态接口）,https://www.cdpee.org.cn/,2026年09月17日
江苏省,宿迁市,食品加工处理,宿迁市宿城区陆小青猪肉批发经营部,江苏省·宿迁市·湖滨新区,小学,100,"视力残疾3,4级;听力残疾3,4级;肢体残疾3,4级;智力残疾4级;多重残疾3,4级;",是,见原平台,中国残联就业服务平台（动态接口）,https://www.cdpee.org.cn/,2026年09月17日
湖南省,株洲市,垃圾清运工,湖南仁仁洁国际清洁科技集团股份有限公司荷塘分公司,湖南省·株洲市·荷塘区,学历不限,1,言语残疾1级;智力残疾1级;,是,见原平台,中国残联就业服务平台（动态接口）,https://www.cdpee.org.cn/,2026年09月17日
江苏省,徐州市,江苏徐州组件工+早八晚六+包吃+五险+坐班,陕西致广人力资源有限公司,江苏省·徐州市·邳州市,学历不限,20,"视力残疾1-4级;听力残疾1-4级;言语残疾1-4级;肢体残疾1-4级;智力残疾3,4级;多重残疾1-4级;",是,见原平台,中国残联就业服务平台（动态接口）,https://www.cdpee.org.cn/,2026年09月17日
湖北省,武汉市,餐饮服务员,武汉市经济技术开发区一二三餐饮店（个体工商户）,湖北省·武汉市·蔡甸区,学历不限,,视力残疾1-4级;听力残疾1-4级;言语残疾1-4级;肢体残疾1-4级;智力残疾1-4级;精神残疾1-4级;多重残疾1-4级;,是,见原平台,中国残联就业服务平台（动态接口）,https://www.cdpee.org.cn/,2026年08月29日
广东省,江门市,生产工,江门市霞光照明电器有限公司,广东省·江门市·蓬江区,学历不限,1,听力残疾2-4级;言语残疾2-4级;肢体残疾4级;智力残疾4级;多重残疾4级;,是,见原平台,中国残联就业服务平台（动态接口）,https://www.cdpee.org.cn/,2026年09月17日
上海市,上海市,行政助理（上海闵行区）,北京易才人力资源顾问有限公司,上海市·上海市·闵行区,大专,1,视力残疾1-3级;听力残疾1-3级;言语残疾1-3级;肢体残疾1-3级;智力残疾1-3级;精神残疾1-3级;多重残疾1-3级;,是,见原平台,中国残联就业服务平台（动态接口）,https://www.cdpee.org.cn/,2026年08月17日
江苏省,南京市,HR招聘,北京易才人力资源顾问有限公司,江苏省·南京市·建邺区,大专,1,视力残疾1-3级;听力残疾1-3级;言语残疾1-3级;肢体残疾1-3级;智力残疾1-3级;精神残疾1-3级;多重残疾1-3级;,是,见原平台,中国残联就业服务平台（动态接口）,https://www.cdpee.org.cn/,2026年05月22日
四川省,成都市,成都急招（残疾人福利岗）五险一金，长白8小时，高薪技术岗,广州海仑企业服务有限公司,四川省·成都市·锦江区,学历不限,3,视力残疾1-4级;听力残疾1-4级;言语残疾1-4级;肢体残疾1-4级;智力残疾1-4级;精神残疾1-4级;多重残疾1-4级;,是,见原平台,中国残联就业服务平台（动态接口）,https://www.cdpee.org.cn/,2026年09月17日
天津市,天津市,天津档案处理员，双休，8小时，缴纳五险一金,广州海仑企业服务有限公司,天津市·天津市·河东区,学历不限,2,视力残疾1-4级;听力残疾1-4级;言语残疾1-4级;肢体残疾1-4级;智力残疾1-4级;精神残疾1-4级;多重残疾1-4级;,是,见原平台,中国残联就业服务平台（动态接口）,https://www.cdpee.org.cn/,2026年09月17日
宁夏回族自治区,银川市,早餐面点师,早膳坊（宁夏）餐饮连锁有限责任公司,宁夏回族自治区·银川市·金凤区,学历不限,,视力残疾1-4级;听力残疾1-4级;言语残疾1-4级;肢体残疾1-4级;智力残疾1-4级;精神残疾1-4级;多重残疾1-4级;,是,见原平台,中国残联就业服务平台（动态接口）,https://www.cdpee.org.cn/,2026年05月06日
云南省,昭通市,艾草加工，种植,云南鑫会盟艾绒制品生产有限公司,云南省·昭通市·巧家县,学历不限,100,视力残疾4级;听力残疾4级;言语残疾4级;肢体残疾4级;智力残疾4级;精神残疾4级;,是,见原平台,中国残联就业服务平台（动态接口）,https://www.cdpee.org.cn/,2026年09月17日
江苏省,宿迁市,食品加工处理,宿迁市宿城区陆小青猪肉批发经营部,江苏省·宿迁市·湖滨新区,小学,100,"视力残疾3,4级;听力残疾3,4级;肢体残疾3,4级;智力残疾4级;多重残疾3,4级;",是,见原平台,中国残联就业服务平台（动态接口）,https://www.cdpee.org.cn/,2026年09月17日
湖南省,株洲市,垃圾清运工,湖南仁仁洁国际清洁科技集团股份有限公司荷塘分公司,湖南省·株洲市·荷塘区,学历不限,1,言语残疾1级;智力残疾1级;,是,见原平台,中国残联就业服务平台（动态接口）,https://www.cdpee.org.cn/,2026年09月17日
江苏省,徐州市,江苏徐州组件工+早八晚六+包吃+五险+坐班,陕西致广人力资源有限公司,江苏省·徐州市·邳州市,学历不限,20,"视力残疾1-4级;听力残疾1-4级;言语残疾1-4级;肢体残疾1-4级;智力残疾3,4级;多重残疾1-4级;",是,见原平台,中国残联就业服务平台（动态接口）,https://www.cdpee.org.cn/,2026年09月17日
湖北省,武汉市,餐饮服务员,武汉市经济技术开发区一二三餐饮店（个体工商户）,湖北省·武汉市·蔡甸区,学历不限,,视力残疾1-4级;听力残疾1-4级;言语残疾1-4级;肢体残疾1-4级;智力残疾1-4级;精神残疾1-4级;多重残疾1-4级;,是,见原平台,中国残联就业服务平台（动态接口）,https://www.cdpee.org.cn/,2026年08月29日
广东省,江门市,生产工,江门市霞光照明电器有限公司,广东省·江门市·蓬江区,学历不限,1,听力残疾2-4级;言语残疾2-4级;肢体残疾4级;智力残疾4级;多重残疾4级;,是,见原平台,中国残联就业服务平台（动态接口）,https://www.cdpee.org.cn/,2026年09月17日
上海市,上海市,行政助理（上海闵行区）,北京易才人力资源顾问有限公司,上海市·上海市·闵行区,大专,1,视力残疾1-3级;听力残疾1-3级;言语残疾1-3级;肢体残疾1-3级;智力残疾1-3级;精神残疾1-3级;多重残疾1-3级;,是,见原平台,中国残联就业服务平台（动态接口）,https://www.cdpee.org.cn/,2026年08月17日
江苏省,南京市,HR招聘,北京易才人力资源顾问有限公司,江苏省·南京市·建邺区,大专,1,视力残疾1-3级;听力残疾1-3级;言语残疾1-3级;肢体残疾1-3级;智力残疾1-3级;精神残疾1-3级;多重残疾1-3级;,是,见原平台,中国残联就业服务平台（动态接口）,https://www.cdpee.org.cn/,2026年05月22日
四川省,成都市,成都急招（残疾人福利岗）五险一金，长白8小时，高薪技术岗,广州海仑企业服务有限公司,四川省·成都市·锦江区,学历不限,3,视力残疾1-4级;听力残疾1-4级;言语残疾1-4级;肢体残疾1-4级;智力残疾1-4级;精神残疾1-4级;多重残疾1-4级;,是,见原平台,中国残联就业服务平台（动态接口）,https://www.cdpee.org.cn/,2026年09月17日
天津市,天津市,天津档案处理员，双休，8小时，缴纳五险一金,广州海仑企业服务有限公司,天津市·天津市·河东区,学历不限,2,视力残疾1-4级;听力残疾1-4级;言语残疾1-4级;肢体残疾1-4级;智力残疾1-4级;精神残疾1-4级;多重残疾1-4级;,是,见原平台,中国残联就业服务平台（动态接口）,https://www.cdpee.org.cn/,2026年09月17日
宁夏回族自治区,银川市,早餐面点师,早膳坊（宁夏）餐饮连锁有限责任公司,宁夏回族自治区·银川市·金凤区,学历不限,,视力残疾1-4级;听力残疾1-4级;言语残疾1-4级;肢体残疾1-4级;智力残疾1-4级;精神残疾1-4级;多重残疾1-4级;,是,见原平台,中国残联就业服务平台（动态接口）,https://www.cdpee.org.cn/,2026年05月06日
云南省,昭通市,艾草加工，种植,云南鑫会盟艾绒制品生产有限公司,云南省·昭通市·巧家县,学历不限,100,视力残疾4级;听力残疾4级;言语残疾4级;肢体残疾4级;智力残疾4级;精神残疾4级;,是,见原平台,中国残联就业服务平台（动态接口）,https://www.cdpee.org.cn/,2026年09月17日
江苏省,宿迁市,食品加工处理,宿迁市宿城区陆小青猪肉批发经营部,江苏省·宿迁市·湖滨新区,小学,100,"视力残疾3,4级;听力残疾3,4级;肢体残疾3,4级;智力残疾4级;多重残疾3,4级;",是,见原平台,中国残联就业服务平台（动态接口）,https://www.cdpee.org.cn/,2026年09月17日
湖南省,株洲市,垃圾清运工,湖南仁仁洁国际清洁科技集团股份有限公司荷塘分公司,湖南省·株洲市·荷塘区,学历不限,1,言语残疾1级;智力残疾1级;,是,见原平台,中国残联就业服务平台（动态接口）,https://www.cdpee.org.cn/,2026年09月17日
江苏省,徐州市,江苏徐州组件工+早八晚六+包吃+五险+坐班,陕西致广人力资源有限公司,江苏省·徐州市·邳州市,学历不限,20,"视力残疾1-4级;听力残疾1-4级;言语残疾1-4级;肢体残疾1-4级;智力残疾3,4级;多重残疾1-4级;",是,见原平台,中国残联就业服务平台（动态接口）,https://www.cdpee.org.cn/,2026年09月17日
湖北省,武汉市,餐饮服务员,武汉市经济技术开发区一二三餐饮店（个体工商户）,湖北省·武汉市·蔡甸区,学历不限,,视力残疾1-4级;听力残疾1-4级;言语残疾1-4级;肢体残疾1-4级;智力残疾1-4级;精神残疾1-4级;多重残疾1-4级;,是,见原平台,中国残联就业服务平台（动态接口）,https://www.cdpee.org.cn/,2026年08月29日
广东省,江门市,生产工,江门市霞光照明电器有限公司,广东省·江门市·蓬江区,学历不限,1,听力残疾2-4级;言语残疾2-4级;肢体残疾4级;智力残疾4级;多重残疾4级;,是,见原平台,中国残联就业服务平台（动态接口）,https://www.cdpee.org.cn/,2026年09月17日
上海市,上海市,行政助理（上海闵行区）,北京易才人力资源顾问有限公司,上海市·上海市·闵行区,大专,1,视力残疾1-3级;听力残疾1-3级;言语残疾1-3级;肢体残疾1-3级;智力残疾1-3级;精神残疾1-3级;多重残疾1-3级;,是,见原平台,中国残联就业服务平台（动态接口）,https://www.cdpee.org.cn/,2026年08月17日
江苏省,南京市,HR招聘,北京易才人力资源顾问有限公司,江苏省·南京市·建邺区,大专,1,视力残疾1-3级;听力残疾1-3级;言语残疾1-3级;肢体残疾1-3级;智力残疾1-3级;精神残疾1-3级;多重残疾1-3级;,是,见原平台,中国残联就业服务平台（动态接口）,https://www.cdpee.org.cn/,2026年05月22日
四川省,成都市,成都急招（残疾人福利岗）五险一金，长白8小时，高薪技术岗,广州海仑企业服务有限公司,四川省·成都市·锦江区,学历不限,3,视力残疾1-4级;听力残疾1-4级;言语残疾1-4级;肢体残疾1-4级;智力残疾1-4级;精神残疾1-4级;多重残疾1-4级;,是,见原平台,中国残联就业服务平台（动态接口）,https://www.cdpee.org.cn/,2026年09月17日
天津市,天津市,天津档案处理员，双休，8小时，缴纳五险一金,广州海仑企业服务有限公司,天津市·天津市·河东区,学历不限,2,视力残疾1-4级;听力残疾1-4级;言语残疾1-4级;肢体残疾1-4级;智力残疾1-4级;精神残疾1-4级;多重残疾1-4级;,是,见原平台,中国残联就业服务平台（动态接口）,https://www.cdpee.org.cn/,2026年09月17日
宁夏回族自治区,银川市,早餐面点师,早膳坊（宁夏）餐饮连锁有限责任公司,宁夏回族自治区·银川市·金凤区,学历不限,,视力残疾1-4级;听力残疾1-4级;言语残疾1-4级;肢体残疾1-4级;智力残疾1-4级;精神残疾1-4级;多重残疾1-4级;,是,见原平台,中国残联就业服务平台（动态接口）,https://www.cdpee.org.cn/,2026年05月06日
云南省,昭通市,艾草加工，种植,云南鑫会盟艾绒制品生产有限公司,云南省·昭通市·巧家县,学历不限,100,视力残疾4级;听力残疾4级;言语残疾4级;肢体残疾4级;智力残疾4级;精神残疾4级;,是,见原平台,中国残联就业服务平台（动态接口）,https://www.cdpee.org.cn/,2026年09月17日
江苏省,宿迁市,食品加工处理,宿迁市宿城区陆小青猪肉批发经营部,江苏省·宿迁市·湖滨新区,小学,100,"视力残疾3,4级;听力残疾3,4级;肢体残疾3,4级;智力残疾4级;多重残疾3,4级;",是,见原平台,中国残联就业服务平台（动态接口）,https://www.cdpee.org.cn/,2026年09月17日
湖南省,株洲市,垃圾清运工,湖南仁仁洁国际清洁科技集团股份有限公司荷塘分公司,湖南省·株洲市·荷塘区,学历不限,1,言语残疾1级;智力残疾1级;,是,见原平台,中国残联就业服务平台（动态接口）,https://www.cdpee.org.cn/,2026年09月17日
江苏省,徐州市,江苏徐州组件工+早八晚六+包吃+五险+坐班,陕西致广人力资源有限公司,江苏省·徐州市·邳州市,学历不限,20,"视力残疾1-4级;听力残疾1-4级;言语残疾1-4级;肢体残疾1-4级;智力残疾3,4级;多重残疾1-4级;",是,见原平台,中国残联就业服务平台（动态接口）,https://www.cdpee.org.cn/,2026年09月17日
广东省,江门市,生产工,江门市霞光照明电器有限公司,广东省·江门市·蓬江区,学历不限,1,听力残疾2-4级;言语残疾2-4级;肢体残疾4级;智力残疾4级;多重残疾4级;,是,见原平台,中国残联就业服务平台（动态接口）,https://www.cdpee.org.cn/,2026年09月17日
上海市,上海市,行政助理（上海闵行区）,北京易才人力资源顾问有限公司,上海市·上海市·闵行区,大专,1,视力残疾1-3级;听力残疾1-3级;言语残疾1-3级;肢体残疾1-3级;智力残疾1-3级;精神残疾1-3级;多重残疾1-3级;,是,见原平台,中国残联就业服务平台（动态接口）,https://www.cdpee.org.cn/,2026年08月17日
江苏省,南京市,HR招聘,北京易才人力资源顾问有限公司,江苏省·南京市·建邺区,大专,1,视力残疾1-3级;听力残疾1-3级;言语残疾1-3级;肢体残疾1-3级;智力残疾1-3级;精神残疾1-3级;多重残疾1-3级;,是,见原平台,中国残联就业服务平台（动态接口）,https://www.cdpee.org.cn/,2026年05月22日
四川省,成都市,成都急招（残疾人福利岗）五险一金，长白8小时，高薪技术岗,广州海仑企业服务有限公司,四川省·成都市·锦江区,学历不限,3,视力残疾1-4级;听力残疾1-4级;言语残疾1-4级;肢体残疾1-4级;智力残疾1-4级;精神残疾1-4级;多重残疾1-4级;,是,见原平台,中国残联就业服务平台（动态接口）,https://www.cdpee.org.cn/,2026年09月17日
天津市,天津市,天津档案处理员，双休，8小时，缴纳五险一金,广州海仑企业服务有限公司,天津市·天津市·河东区,学历不限,2,视力残疾1-4级;听力残疾1-4级;言语残疾1-4级;肢体残疾1-4级;智力残疾1-4级;精神残疾1-4级;多重残疾1-4级;,是,见原平台,中国残联就业服务平台（动态接口）,https://www.cdpee.org.cn/,2026年09月17日
云南省,昭通市,艾草加工，种植,云南鑫会盟艾绒制品生产有限公司,云南省·昭通市·巧家县,学历不限,100,视力残疾4级;听力残疾4级;言语残疾4级;肢体残疾4级;智力残疾4级;精神残疾4级;,是,见原平台,中国残联就业服务平台（动态接口）,https://www.cdpee.org.cn/,2026年09月17日
江苏省,宿迁市,食品加工处理,宿迁市宿城区陆小青猪肉批发经营部,江苏省·宿迁市·湖滨新区,小学,100,"视力残疾3,4级;听力残疾3,4级;肢体残疾3,4级;智力残疾4级;多重残疾3,4级;",是,见原平台,中国残联就业服务平台（动态接口）,https://www.cdpee.org.cn/,2026年09月17日
河南省,周口市,新媒体运营,周口市开发区鑫尚室内装修工程有限责任公司,河南省·周口市·川汇区,学历不限,,视力残疾1-4级;听力残疾1-4级;言语残疾1-4级;肢体残疾1-4级;智力残疾1-4级;精神残疾1-4级;多重残疾1-4级;,是,见原平台,中国残联就业服务平台（动态接口）,https://www.cdpee.org.cn/,2026年08月28日
河北省,廊坊市,英语辅导,固安县创名者托儿中心（个体工商户）,河北省·廊坊市·固安县,大专,,视力残疾1-4级;听力残疾1-4级;言语残疾1-4级;肢体残疾1-4级;智力残疾1-4级;精神残疾1-4级;多重残疾1-4级;,是,见原平台,中国残联就业服务平台（动态接口）,https://www.cdpee.org.cn/,2026年07月15日
山东省,临沂市,外贸专员,山东纽克斯国际货运代理有限责任公司,山东省·临沂市·兰山区,学历不限,,视力残疾1-4级;听力残疾1-4级;言语残疾1-4级;肢体残疾1-4级;智力残疾1-4级;精神残疾1-4级;多重残疾1-4级;,是,见原平台,中国残联就业服务平台（动态接口）,https://www.cdpee.org.cn/,2026年07月14日
湖南省,株洲市,垃圾清运工,湖南仁仁洁国际清洁科技集团股份有限公司荷塘分公司,湖南省·株洲市·荷塘区,学历不限,1,言语残疾1级;智力残疾1级;,是,见原平台,中国残联就业服务平台（动态接口）,https://www.cdpee.org.cn/,2026年09月17日
江苏省,徐州市,江苏徐州组件工+早八晚六+包吃+五险+坐班,陕西致广人力资源有限公司,江苏省·徐州市·邳州市,学历不限,20,"视力残疾1-4级;听力残疾1-4级;言语残疾1-4级;肢体残疾1-4级;智力残疾3,4级;多重残疾1-4级;",是,见原平台,中国残联就业服务平台（动态接口）,https://www.cdpee.org.cn/,2026年09月17日
广东省,江门市,生产工,江门市霞光照明电器有限公司,广东省·江门市·蓬江区,学历不限,1,听力残疾2-4级;言语残疾2-4级;肢体残疾4级;智力残疾4级;多重残疾4级;,是,见原平台,中国残联就业服务平台（动态接口）,https://www.cdpee.org.cn/,2026年09月17日
上海市,上海市,行政助理（上海闵行区）,北京易才人力资源顾问有限公司,上海市·上海市·闵行区,大专,1,视力残疾1-3级;听力残疾1-3级;言语残疾1-3级;肢体残疾1-3级;智力残疾1-3级;精神残疾1-3级;多重残疾1-3级;,是,见原平台,中国残联就业服务平台（动态接口）,https://www.cdpee.org.cn/,2026年08月17日
江苏省,南京市,HR招聘,北京易才人力资源顾问有限公司,江苏省·南京市·建邺区,大专,1,视力残疾1-3级;听力残疾1-3级;言语残疾1-3级;肢体残疾1-3级;智力残疾1-3级;精神残疾1-3级;多重残疾1-3级;,是,见原平台,中国残联就业服务平台（动态接口）,https://www.cdpee.org.cn/,2026年05月22日
四川省,成都市,成都急招（残疾人福利岗）五险一金，长白8小时，高薪技术岗,广州海仑企业服务有限公司,四川省·成都市·锦江区,学历不限,3,视力残疾1-4级;听力残疾1-4级;言语残疾1-4级;肢体残疾1-4级;智力残疾1-4级;精神残疾1-4级;多重残疾1-4级;,是,见原平台,中国残联就业服务平台（动态接口）,https://www.cdpee.org.cn/,2026年09月17日
天津市,天津市,天津档案处理员，双休，8小时，缴纳五险一金,广州海仑企业服务有限公司,天津市·天津市·河东区,学历不限,2,视力残疾1-4级;听力残疾1-4级;言语残疾1-4级;肢体残疾1-4级;智力残疾1-4级;精神残疾1-4级;多重残疾1-4级;,是,见原平台,中国残联就业服务平台（动态接口）,https://www.cdpee.org.cn/,2026年09月17日
云南省,昭通市,艾草加工，种植,云南鑫会盟艾绒制品生产有限公司,云南省·昭通市·巧家县,学历不限,100,视力残疾4级;听力残疾4级;言语残疾4级;肢体残疾4级;智力残疾4级;精神残疾4级;,是,见原平台,中国残联就业服务平台（动态接口）,https://www.cdpee.org.cn/,2026年09月17日
江苏省,宿迁市,食品加工处理,宿迁市宿城区陆小青猪肉批发经营部,江苏省·宿迁市·湖滨新区,小学,100,"视力残疾3,4级;听力残疾3,4级;肢体残疾3,4级;智力残疾4级;多重残疾3,4级;",是,见原平台,中国残联就业服务平台（动态接口）,https://www.cdpee.org.cn/,2026年09月17日
河南省,周口市,新媒体运营,周口市开发区鑫尚室内装修工程有限责任公司,河南省·周口市·川汇区,学历不限,,视力残疾1-4级;听力残疾1-4级;言语残疾1-4级;肢体残疾1-4级;智力残疾1-4级;精神残疾1-4级;多重残疾1-4级;,是,见原平台,中国残联就业服务平台（动态接口）,https://www.cdpee.org.cn/,2026年08月28日
河北省,廊坊市,英语辅导,固安县创名者托儿中心（个体工商户）,河北省·廊坊市·固安县,大专,,视力残疾1-4级;听力残疾1-4级;言语残疾1-4级;肢体残疾1-4级;智力残疾1-4级;精神残疾1-4级;多重残疾1-4级;,是,见原平台,中国残联就业服务平台（动态接口）,https://www.cdpee.org.cn/,2026年07月15日
山东省,临沂市,外贸专员,山东纽克斯国际货运代理有限责任公司,山东省·临沂市·兰山区,学历不限,,视力残疾1-4级;听力残疾1-4级;言语残疾1-4级;肢体残疾1-4级;智力残疾1-4级;精神残疾1-4级;多重残疾1-4级;,是,见原平台,中国残联就业服务平台（动态接口）,https://www.cdpee.org.cn/,2026年07月14日
湖南省,株洲市,垃圾清运工,湖南仁仁洁国际清洁科技集团股份有限公司荷塘分公司,湖南省·株洲市·荷塘区,学历不限,1,言语残疾1级;智力残疾1级;,是,见原平台,中国残联就业服务平台（动态接口）,https://www.cdpee.org.cn/,2026年09月17日
江苏省,徐州市,江苏徐州组件工+早八晚六+包吃+五险+坐班,陕西致广人力资源有限公司,江苏省·徐州市·邳州市,学历不限,20,"视力残疾1-4级;听力残疾1-4级;言语残疾1-4级;肢体残疾1-4级;智力残疾3,4级;多重残疾1-4级;",是,见原平台,中国残联就业服务平台（动态接口）,https://www.cdpee.org.cn/,2026年09月17日
广东省,江门市,生产工,江门市霞光照明电器有限公司,广东省·江门市·蓬江区,学历不限,1,听力残疾2-4级;言语残疾2-4级;肢体残疾4级;智力残疾4级;多重残疾4级;,是,见原平台,中国残联就业服务平台（动态接口）,https://www.cdpee.org.cn/,2026年09月17日
上海市,上海市,行政助理（上海闵行区）,北京易才人力资源顾问有限公司,上海市·上海市·闵行区,大专,1,视力残疾1-3级;听力残疾1-3级;言语残疾1-3级;肢体残疾1-3级;智力残疾1-3级;精神残疾1-3级;多重残疾1-3级;,是,见原平台,中国残联就业服务平台（动态接口）,https://www.cdpee.org.cn/,2026年08月17日
江苏省,南京市,HR招聘,北京易才人力资源顾问有限公司,江苏省·南京市·建邺区,大专,1,视力残疾1-3级;听力残疾1-3级;言语残疾1-3级;肢体残疾1-3级;智力残疾1-3级;精神残疾1-3级;多重残疾1-3级;,是,见原平台,中国残联就业服务平台（动态接口）,https://www.cdpee.org.cn/,2026年05月22日
四川省,成都市,成都急招（残疾人福利岗）五险一金，长白8小时，高薪技术岗,广州海仑企业服务有限公司,四川省·成都市·锦江区,学历不限,3,视力残疾1-4级;听力残疾1-4级;言语残疾1-4级;肢体残疾1-4级;智力残疾1-4级;精神残疾1-4级;多重残疾1-4级;,是,见原平台,中国残联就业服务平台（动态接口）,https://www.cdpee.org.cn/,2026年09月17日
天津市,天津市,天津档案处理员，双休，8小时，缴纳五险一金,广州海仑企业服务有限公司,天津市·天津市·河东区,学历不限,2,视力残疾1-4级;听力残疾1-4级;言语残疾1-4级;肢体残疾1-4级;智力残疾1-4级;精神残疾1-4级;多重残疾1-4级;,是,见原平台,中国残联就业服务平台（动态接口）,https://www.cdpee.org.cn/,2026年09月17日
云南省,昭通市,艾草加工，种植,云南鑫会盟艾绒制品生产有限公司,云南省·昭通市·巧家县,学历不限,100,视力残疾4级;听力残疾4级;言语残疾4级;肢体残疾4级;智力残疾4级;精神残疾4级;,是,见原平台,中国残联就业服务平台（动态接口）,https://www.cdpee.org.cn/,2026年09月17日
江苏省,宿迁市,食品加工处理,宿迁市宿城区陆小青猪肉批发经营部,江苏省·宿迁市·湖滨新区,小学,100,"视力残疾3,4级;听力残疾3,4级;肢体残疾3,4级;智力残疾4级;多重残疾3,4级;",是,见原平台,中国残联就业服务平台（动态接口）,https://www.cdpee.org.cn/,2026年09月17日
河南省,周口市,新媒体运营,周口市开发区鑫尚室内装修工程有限责任公司,河南省·周口市·川汇区,学历不限,,视力残疾1-4级;听力残疾1-4级;言语残疾1-4级;肢体残疾1-4级;智力残疾1-4级;精神残疾1-4级;多重残疾1-4级;,是,见原平台,中国残联就业服务平台（动态接口）,https://www.cdpee.org.cn/,2026年08月28日
河北省,廊坊市,英语辅导,固安县创名者托儿中心（个体工商户）,河北省·廊坊市·固安县,大专,,视力残疾1-4级;听力残疾1-4级;言语残疾1-4级;肢体残疾1-4级;智力残疾1-4级;精神残疾1-4级;多重残疾1-4级;,是,见原平台,中国残联就业服务平台（动态接口）,https://www.cdpee.org.cn/,2026年07月15日
山东省,临沂市,外贸专员,山东纽克斯国际货运代理有限责任公司,山东省·临沂市·兰山区,学历不限,,视力残疾1-4级;听力残疾1-4级;言语残疾1-4级;肢体残疾1-4级;智力残疾1-4级;精神残疾1-4级;多重残疾1-4级;,是,见原平台,中国残联就业服务平台（动态接口）,https://www.cdpee.org.cn/,2026年07月14日
湖南省,株洲市,垃圾清运工,湖南仁仁洁国际清洁科技集团股份有限公司荷塘分公司,湖南省·株洲市·荷塘区,学历不限,1,言语残疾1级;智力残疾1级;,是,见原平台,中国残联就业服务平台（动态接口）,https://www.cdpee.org.cn/,2026年09月17日
江苏省,徐州市,江苏徐州组件工+早八晚六+包吃+五险+坐班,陕西致广人力资源有限公司,江苏省·徐州市·邳州市,学历不限,20,"视力残疾1-4级;听力残疾1-4级;言语残疾1-4级;肢体残疾1-4级;智力残疾3,4级;多重残疾1-4级;",是,见原平台,中国残联就业服务平台（动态接口）,https://www.cdpee.org.cn/,2026年09月17日
广东省,江门市,生产工,江门市霞光照明电器有限公司,广东省·江门市·蓬江区,学历不限,1,听力残疾2-4级;言语残疾2-4级;肢体残疾4级;智力残疾4级;多重残疾4级;,是,见原平台,中国残联就业服务平台（动态接口）,https://www.cdpee.org.cn/,2026年09月17日
上海市,上海市,行政助理（上海闵行区）,北京易才人力资源顾问有限公司,上海市·上海市·闵行区,大专,1,视力残疾1-3级;听力残疾1-3级;言语残疾1-3级;肢体残疾1-3级;智力残疾1-3级;精神残疾1-3级;多重残疾1-3级;,是,见原平台,中国残联就业服务平台（动态接口）,https://www.cdpee.org.cn/,2026年08月17日
江苏省,南京市,HR招聘,北京易才人力资源顾问有限公司,江苏省·南京市·建邺区,大专,1,视力残疾1-3级;听力残疾1-3级;言语残疾1-3级;肢体残疾1-3级;智力残疾1-3级;精神残疾1-3级;多重残疾1-3级;,是,见原平台,中国残联就业服务平台（动态接口）,https://www.cdpee.org.cn/,2026年05月22日
四川省,成都市,成都急招（残疾人福利岗）五险一金，长白8小时，高薪技术岗,广州海仑企业服务有限公司,四川省·成都市·锦江区,学历不限,3,视力残疾1-4级;听力残疾1-4级;言语残疾1-4级;肢体残疾1-4级;智力残疾1-4级;精神残疾1-4级;多重残疾1-4级;,是,见原平台,中国残联就业服务平台（动态接口）,https://www.cdpee.org.cn/,2026年09月17日
天津市,天津市,天津档案处理员，双休，8小时，缴纳五险一金,广州海仑企业服务有限公司,天津市·天津市·河东区,学历不限,2,视力残疾1-4级;听力残疾1-4级;言语残疾1-4级;肢体残疾1-4级;智力残疾1-4级;精神残疾1-4级;多重残疾1-4级;,是,见原平台,中国残联就业服务平台（动态接口）,https://www.cdpee.org.cn/,2026年09月17日
云南省,昭通市,艾草加工，种植,云南鑫会盟艾绒制品生产有限公司,云南省·昭通市·巧家县,学历不限,100,视力残疾4级;听力残疾4级;言语残疾4级;肢体残疾4级;智力残疾4级;精神残疾4级;,是,见原平台,中国残联就业服务平台（动态接口）,https://www.cdpee.org.cn/,2026年09月17日
江苏省,宿迁市,食品加工处理,宿迁市宿城区陆小青猪肉批发经营部,江苏省·宿迁市·湖滨新区,小学,100,"视力残疾3,4级;听力残疾3,4级;肢体残疾3,4级;智力残疾4级;多重残疾3,4级;",是,见原平台,中国残联就业服务平台（动态接口）,https://www.cdpee.org.cn/,2026年09月17日
河南省,周口市,新媒体运营,周口市开发区鑫尚室内装修工程有限责任公司,河南省·周口市·川汇区,学历不限,,视力残疾1-4级;听力残疾1-4级;言语残疾1-4级;肢体残疾1-4级;智力残疾1-4级;精神残疾1-4级;多重残疾1-4级;,是,见原平台,中国残联就业服务平台（动态接口）,https://www.cdpee.org.cn/,2026年08月28日
河北省,廊坊市,英语辅导,固安县创名者托儿中心（个体工商户）,河北省·廊坊市·固安县,大专,,视力残疾1-4级;听力残疾1-4级;言语残疾1-4级;肢体残疾1-4级;智力残疾1-4级;精神残疾1-4级;多重残疾1-4级;,是,见原平台,中国残联就业服务平台（动态接口）,https://www.cdpee.org.cn/,2026年07月15日
山东省,临沂市,外贸专员,山东纽克斯国际货运代理有限责任公司,山东省·临沂市·兰山区,学历不限,,视力残疾1-4级;听力残疾1-4级;言语残疾1-4级;肢体残疾1-4级;智力残疾1-4级;精神残疾1-4级;多重残疾1-4级;,是,见原平台,中国残联就业服务平台（动态接口）,https://www.cdpee.org.cn/,2026年07月14日
湖南省,株洲市,垃圾清运工,湖南仁仁洁国际清洁科技集团股份有限公司荷塘分公司,湖南省·株洲市·荷塘区,学历不限,1,言语残疾1级;智力残疾1级;,是,见原平台,中国残联就业服务平台（动态接口）,https://www.cdpee.org.cn/,2026年09月17日
江苏省,徐州市,江苏徐州组件工+早八晚六+包吃+五险+坐班,陕西致广人力资源有限公司,江苏省·徐州市·邳州市,学历不限,20,"视力残疾1-4级;听力残疾1-4级;言语残疾1-4级;肢体残疾1-4级;智力残疾3,4级;多重残疾1-4级;",是,见原平台,中国残联就业服务平台（动态接口）,https://www.cdpee.org.cn/,2026年09月17日
广东省,江门市,生产工,江门市霞光照明电器有限公司,广东省·江门市·蓬江区,学历不限,1,听力残疾2-4级;言语残疾2-4级;肢体残疾4级;智力残疾4级;多重残疾4级;,是,见原平台,中国残联就业服务平台（动态接口）,https://www.cdpee.org.cn/,2026年09月17日
上海市,上海市,行政助理（上海闵行区）,北京易才人力资源顾问有限公司,上海市·上海市·闵行区,大专,1,视力残疾1-3级;听力残疾1-3级;言语残疾1-3级;肢体残疾1-3级;智力残疾1-3级;精神残疾1-3级;多重残疾1-3级;,是,见原平台,中国残联就业服务平台（动态接口）,https://www.cdpee.org.cn/,2026年08月17日
江苏省,南京市,HR招聘,北京易才人力资源顾问有限公司,江苏省·南京市·建邺区,大专,1,视力残疾1-3级;听力残疾1-3级;言语残疾1-3级;肢体残疾1-3级;智力残疾1-3级;精神残疾1-3级;多重残疾1-3级;,是,见原平台,中国残联就业服务平台（动态接口）,https://www.cdpee.org.cn/,2026年05月22日
四川省,成都市,成都急招（残疾人福利岗）五险一金，长白8小时，高薪技术岗,广州海仑企业服务有限公司,四川省·成都市·锦江区,学历不限,3,视力残疾1-4级;听力残疾1-4级;言语残疾1-4级;肢体残疾1-4级;智力残疾1-4级;精神残疾1-4级;多重残疾1-4级;,是,见原平台,中国残联就业服务平台（动态接口）,https://www.cdpee.org.cn/,2026年09月17日
天津市,天津市,天津档案处理员，双休，8小时，缴纳五险一金,广州海仑企业服务有限公司,天津市·天津市·河东区,学历不限,2,视力残疾1-4级;听力残疾1-4级;言语残疾1-4级;肢体残疾1-4级;智力残疾1-4级;精神残疾1-4级;多重残疾1-4级;,是,见原平台,中国残联就业服务平台（动态接口）,https://www.cdpee.org.cn/,2026年09月17日
云南省,昭通市,艾草加工，种植,云南鑫会盟艾绒制品生产有限公司,云南省·昭通市·巧家县,学历不限,100,视力残疾4级;听力残疾4级;言语残疾4级;肢体残疾4级;智力残疾4级;精神残疾4级;,是,见原平台,中国残联就业服务平台（动态接口）,https://www.cdpee.org.cn/,2026年09月17日
江苏省,宿迁市,食品加工处理,宿迁市宿城区陆小青猪肉批发经营部,江苏省·宿迁市·湖滨新区,小学,100,"视力残疾3,4级;听力残疾3,4级;肢体残疾3,4级;智力残疾4级;多重残疾3,4级;",是,见原平台,中国残联就业服务平台（动态接口）,https://www.cdpee.org.cn/,2026年09月17日
河南省,周口市,新媒体运营,周口市开发区鑫尚室内装修工程有限责任公司,河南省·周口市·川汇区,学历不限,,视力残疾1-4级;听力残疾1-4级;言语残疾1-4级;肢体残疾1-4级;智力残疾1-4级;精神残疾1-4级;多重残疾1-4级;,是,见原平台,中国残联就业服务平台（动态接口）,https://www.cdpee.org.cn/,2026年08月28日
河北省,廊坊市,英语辅导,固安县创名者托儿中心（个体工商户）,河北省·廊坊市·固安县,大专,,视力残疾1-4级;听力残疾1-4级;言语残疾1-4级;肢体残疾1-4级;智力残疾1-4级;精神残疾1-4级;多重残疾1-4级;,是,见原平台,中国残联就业服务平台（动态接口）,https://www.cdpee.org.cn/,2026年07月15日
山东省,临沂市,外贸专员,山东纽克斯国际货运代理有限责任公司,山东省·临沂市·兰山区,学历不限,,视力残疾1-4级;听力残疾1-4级;言语残疾1-4级;肢体残疾1-4级;智力残疾1-4级;精神残疾1-4级;多重残疾1-4级;,是,见原平台,中国残联就业服务平台（动态接口）,https://www.cdpee.org.cn/,2026年07月14日
湖南省,株洲市,垃圾清运工,湖南仁仁洁国际清洁科技集团股份有限公司荷塘分公司,湖南省·株洲市·荷塘区,学历不限,1,言语残疾1级;智力残疾1级;,是,见原平台,中国残联就业服务平台（动态接口）,https://www.cdpee.org.cn/,2026年09月17日
江苏省,徐州市,江苏徐州组件工+早八晚六+包吃+五险+坐班,陕西致广人力资源有限公司,江苏省·徐州市·邳州市,学历不限,20,"视力残疾1-4级;听力残疾1-4级;言语残疾1-4级;肢体残疾1-4级;智力残疾3,4级;多重残疾1-4级;",是,见原平台,中国残联就业服务平台（动态接口）,https://www.cdpee.org.cn/,2026年09月17日
广东省,江门市,生产工,江门市霞光照明电器有限公司,广东省·江门市·蓬江区,学历不限,1,听力残疾2-4级;言语残疾2-4级;肢体残疾4级;智力残疾4级;多重残疾4级;,是,见原平台,中国残联就业服务平台（动态接口）,https://www.cdpee.org.cn/,2026年09月17日
上海市,上海市,行政助理（上海闵行区）,北京易才人力资源顾问有限公司,上海市·上海市·闵行区,大专,1,视力残疾1-3级;听力残疾1-3级;言语残疾1-3级;肢体残疾1-3级;智力残疾1-3级;精神残疾1-3级;多重残疾1-3级;,是,见原平台,中国残联就业服务平台（动态接口）,https://www.cdpee.org.cn/,2026年08月17日
江苏省,南京市,HR招聘,北京易才人力资源顾问有限公司,江苏省·南京市·建邺区,大专,1,视力残疾1-3级;听力残疾1-3级;言语残疾1-3级;肢体残疾1-3级;智力残疾1-3级;精神残疾1-3级;多重残疾1-3级;,是,见原平台,中国残联就业服务平台（动态接口）,https://www.cdpee.org.cn/,2026年05月22日
四川省,成都市,成都急招（残疾人福利岗）五险一金，长白8小时，高薪技术岗,广州海仑企业服务有限公司,四川省·成都市·锦江区,学历不限,3,视力残疾1-4级;听力残疾1-4级;言语残疾1-4级;肢体残疾1-4级;智力残疾1-4级;精神残疾1-4级;多重残疾1-4级;,是,见原平台,中国残联就业服务平台（动态接口）,https://www.cdpee.org.cn/,2026年09月17日
天津市,天津市,天津档案处理员，双休，8小时，缴纳五险一金,广州海仑企业服务有限公司,天津市·天津市·河东区,学历不限,2,视力残疾1-4级;听力残疾1-4级;言语残疾1-4级;肢体残疾1-4级;智力残疾1-4级;精神残疾1-4级;多重残疾1-4级;,是,见原平台,中国残联就业服务平台（动态接口）,https://www.cdpee.org.cn/,2026年09月17日
云南省,昭通市,艾草加工，种植,云南鑫会盟艾绒制品生产有限公司,云南省·昭通市·巧家县,学历不限,100,视力残疾4级;听力残疾4级;言语残疾4级;肢体残疾4级;智力残疾4级;精神残疾4级;,是,见原平台,中国残联就业服务平台（动态接口）,https://www.cdpee.org.cn/,2026年09月17日
江苏省,宿迁市,食品加工处理,宿迁市宿城区陆小青猪肉批发经营部,江苏省·宿迁市·湖滨新区,小学,100,"视力残疾3,4级;听力残疾3,4级;肢体残疾3,4级;智力残疾4级;多重残疾3,4级;",是,见原平台,中国残联就业服务平台（动态接口）,https://www.cdpee.org.cn/,2026年09月17日
河南省,周口市,新媒体运营,周口市开发区鑫尚室内装修工程有限责任公司,河南省·周口市·川汇区,学历不限,,视力残疾1-4级;听力残疾1-4级;言语残疾1-4级;肢体残疾1-4级;智力残疾1-4级;精神残疾1-4级;多重残疾1-4级;,是,见原平台,中国残联就业服务平台（动态接口）,https://www.cdpee.org.cn/,2026年08月28日
河北省,廊坊市,英语辅导,固安县创名者托儿中心（个体工商户）,河北省·廊坊市·固安县,大专,,视力残疾1-4级;听力残疾1-4级;言语残疾1-4级;肢体残疾1-4级;智力残疾1-4级;精神残疾1-4级;多重残疾1-4级;,是,见原平台,中国残联就业服务平台（动态接口）,https://www.cdpee.org.cn/,2026年07月15日
山东省,临沂市,外贸专员,山东纽克斯国际货运代理有限责任公司,山东省·临沂市·兰山区,学历不限,,视力残疾1-4级;听力残疾1-4级;言语残疾1-4级;肢体残疾1-4级;智力残疾1-4级;精神残疾1-4级;多重残疾1-4级;,是,见原平台,中国残联就业服务平台（动态接口）,https://www.cdpee.org.cn/,2026年07月14日
湖南省,株洲市,垃圾清运工,湖南仁仁洁国际清洁科技集团股份有限公司荷塘分公司,湖南省·株洲市·荷塘区,学历不限,1,言语残疾1级;智力残疾1级;,是,见原平台,中国残联就业服务平台（动态接口）,https://www.cdpee.org.cn/,2026年09月17日
江苏省,徐州市,江苏徐州组件工+早八晚六+包吃+五险+坐班,陕西致广人力资源有限公司,江苏省·徐州市·邳州市,学历不限,20,"视力残疾1-4级;听力残疾1-4级;言语残疾1-4级;肢体残疾1-4级;智力残疾3,4级;多重残疾1-4级;",是,见原平台,中国残联就业服务平台（动态接口）,https://www.cdpee.org.cn/,2026年09月17日
广东省,江门市,生产工,江门市霞光照明电器有限公司,广东省·江门市·蓬江区,学历不限,1,听力残疾2-4级;言语残疾2-4级;肢体残疾4级;智力残疾4级;多重残疾4级;,是,见原平台,中国残联就业服务平台（动态接口）,https://www.cdpee.org.cn/,2026年09月17日
上海市,上海市,行政助理（上海闵行区）,北京易才人力资源顾问有限公司,上海市·上海市·闵行区,大专,1,视力残疾1-3级;听力残疾1-3级;言语残疾1-3级;肢体残疾1-3级;智力残疾1-3级;精神残疾1-3级;多重残疾1-3级;,是,见原平台,中国残联就业服务平台（动态接口）,https://www.cdpee.org.cn/,2026年08月17日
江苏省,南京市,HR招聘,北京易才人力资源顾问有限公司,江苏省·南京市·建邺区,大专,1,视力残疾1-3级;听力残疾1-3级;言语残疾1-3级;肢体残疾1-3级;智力残疾1-3级;精神残疾1-3级;多重残疾1-3级;,是,见原平台,中国残联就业服务平台（动态接口）,https://www.cdpee.org.cn/,2026年05月22日
四川省,成都市,成都急招（残疾人福利岗）五险一金，长白8小时，高薪技术岗,广州海仑企业服务有限公司,四川省·成都市·锦江区,学历不限,3,视力残疾1-4级;听力残疾1-4级;言语残疾1-4级;肢体残疾1-4级;智力残疾1-4级;精神残疾1-4级;多重残疾1-4级;,是,见原平台,中国残联就业服务平台（动态接口）,https://www.cdpee.org.cn/,2026年09月17日
天津市,天津市,天津档案处理员，双休，8小时，缴纳五险一金,广州海仑企业服务有限公司,天津市·天津市·河东区,学历不限,2,视力残疾1-4级;听力残疾1-4级;言语残疾1-4级;肢体残疾1-4级;智力残疾1-4级;精神残疾1-4级;多重残疾1-4级;,是,见原平台,中国残联就业服务平台（动态接口）,https://www.cdpee.org.cn/,2026年09月17日
云南省,昭通市,艾草加工，种植,云南鑫会盟艾绒制品生产有限公司,云南省·昭通市·巧家县,学历不限,100,视力残疾4级;听力残疾4级;言语残疾4级;肢体残疾4级;智力残疾4级;精神残疾4级;,是,见原平台,中国残联就业服务平台（动态接口）,https://www.cdpee.org.cn/,2026年09月17日
江苏省,宿迁市,食品加工处理,宿迁市宿城区陆小青猪肉批发经营部,江苏省·宿迁市·湖滨新区,小学,100,"视力残疾3,4级;听力残疾3,4级;肢体残疾3,4级;智力残疾4级;多重残疾3,4级;",是,见原平台,中国残联就业服务平台（动态接口）,https://www.cdpee.org.cn/,2026年09月17日
河南省,周口市,新媒体运营,周口市开发区鑫尚室内装修工程有限责任公司,河南省·周口市·川汇区,学历不限,,视力残疾1-4级;听力残疾1-4级;言语残疾1-4级;肢体残疾1-4级;智力残疾1-4级;精神残疾1-4级;多重残疾1-4级;,是,见原平台,中国残联就业服务平台（动态接口）,https://www.cdpee.org.cn/,2026年08月28日
河北省,廊坊市,英语辅导,固安县创名者托儿中心（个体工商户）,河北省·廊坊市·固安县,大专,,视力残疾1-4级;听力残疾1-4级;言语残疾1-4级;肢体残疾1-4级;智力残疾1-4级;精神残疾1-4级;多重残疾1-4级;,是,见原平台,中国残联就业服务平台（动态接口）,https://www.cdpee.org.cn/,2026年07月15日
山东省,临沂市,外贸专员,山东纽克斯国际货运代理有限责任公司,山东省·临沂市·兰山区,学历不限,,视力残疾1-4级;听力残疾1-4级;言语残疾1-4级;肢体残疾1-4级;智力残疾1-4级;精神残疾1-4级;多重残疾1-4级;,是,见原平台,中国残联就业服务平台（动态接口）,https://www.cdpee.org.cn/,2026年07月14日
湖南省,株洲市,垃圾清运工,湖南仁仁洁国际清洁科技集团股份有限公司荷塘分公司,湖南省·株洲市·荷塘区,学历不限,1,言语残疾1级;智力残疾1级;,是,见原平台,中国残联就业服务平台（动态接口）,https://www.cdpee.org.cn/,2026年09月17日
江苏省,徐州市,江苏徐州组件工+早八晚六+包吃+五险+坐班,陕西致广人力资源有限公司,江苏省·徐州市·邳州市,学历不限,20,"视力残疾1-4级;听力残疾1-4级;言语残疾1-4级;肢体残疾1-4级;智力残疾3,4级;多重残疾1-4级;",是,见原平台,中国残联就业服务平台（动态接口）,https://www.cdpee.org.cn/,2026年09月17日
广东省,江门市,生产工,江门市霞光照明电器有限公司,广东省·江门市·蓬江区,学历不限,1,听力残疾2-4级;言语残疾2-4级;肢体残疾4级;智力残疾4级;多重残疾4级;,是,见原平台,中国残联就业服务平台（动态接口）,https://www.cdpee.org.cn/,2026年09月17日
上海市,上海市,行政助理（上海闵行区）,北京易才人力资源顾问有限公司,上海市·上海市·闵行区,大专,1,视力残疾1-3级;听力残疾1-3级;言语残疾1-3级;肢体残疾1-3级;智力残疾1-3级;精神残疾1-3级;多重残疾1-3级;,是,见原平台,中国残联就业服务平台（动态接口）,https://www.cdpee.org.cn/,2026年08月17日
江苏省,南京市,HR招聘,北京易才人力资源顾问有限公司,江苏省·南京市·建邺区,大专,1,视力残疾1-3级;听力残疾1-3级;言语残疾1-3级;肢体残疾1-3级;智力残疾1-3级;精神残疾1-3级;多重残疾1-3级;,是,见原平台,中国残联就业服务平台（动态接口）,https://www.cdpee.org.cn/,2026年05月22日
四川省,成都市,成都急招（残疾人福利岗）五险一金，长白8小时，高薪技术岗,广州海仑企业服务有限公司,四川省·成都市·锦江区,学历不限,3,视力残疾1-4级;听力残疾1-4级;言语残疾1-4级;肢体残疾1-4级;智力残疾1-4级;精神残疾1-4级;多重残疾1-4级;,是,见原平台,中国残联就业服务平台（动态接口）,https://www.cdpee.org.cn/,2026年09月17日
天津市,天津市,天津档案处理员，双休，8小时，缴纳五险一金,广州海仑企业服务有限公司,天津市·天津市·河东区,学历不限,2,视力残疾1-4级;听力残疾1-4级;言语残疾1-4级;肢体残疾1-4级;智力残疾1-4级;精神残疾1-4级;多重残疾1-4级;,是,见原平台,中国残联就业服务平台（动态接口）,https://www.cdpee.org.cn/,2026年09月17日
云南省,昭通市,艾草加工，种植,云南鑫会盟艾绒制品生产有限公司,云南省·昭通市·巧家县,学历不限,100,视力残疾4级;听力残疾4级;言语残疾4级;肢体残疾4级;智力残疾4级;精神残疾4级;,是,见原平台,中国残联就业服务平台（动态接口）,https://www.cdpee.org.cn/,2026年09月17日
江苏省,宿迁市,食品加工处理,宿迁市宿城区陆小青猪肉批发经营部,江苏省·宿迁市·湖滨新区,小学,100,"视力残疾3,4级;听力残疾3,4级;肢体残疾3,4级;智力残疾4级;多重残疾3,4级;",是,见原平台,中国残联就业服务平台（动态接口）,https://www.cdpee.org.cn/,2026年09月17日
河南省,周口市,新媒体运营,周口市开发区鑫尚室内装修工程有限责任公司,河南省·周口市·川汇区,学历不限,,视力残疾1-4级;听力残疾1-4级;言语残疾1-4级;肢体残疾1-4级;智力残疾1-4级;精神残疾1-4级;多重残疾1-4级;,是,见原平台,中国残联就业服务平台（动态接口）,https://www.cdpee.org.cn/,2026年08月28日
河北省,廊坊市,英语辅导,固安县创名者托儿中心（个体工商户）,河北省·廊坊市·固安县,大专,,视力残疾1-4级;听力残疾1-4级;言语残疾1-4级;肢体残疾1-4级;智力残疾1-4级;精神残疾1-4级;多重残疾1-4级;,是,见原平台,中国残联就业服务平台（动态接口）,https://www.cdpee.org.cn/,2026年07月15日
山东省,临沂市,外贸专员,山东纽克斯国际货运代理有限责任公司,山东省·临沂市·兰山区,学历不限,,视力残疾1-4级;听力残疾1-4级;言语残疾1-4级;肢体残疾1-4级;智力残疾1-4级;精神残疾1-4级;多重残疾1-4级;,是,见原平台,中国残联就业服务平台（动态接口）,https://www.cdpee.org.cn/,2026年07月14日
湖南省,株洲市,垃圾清运工,湖南仁仁洁国际清洁科技集团股份有限公司荷塘分公司,湖南省·株洲市·荷塘区,学历不限,1,言语残疾1级;智力残疾1级;,是,见原平台,中国残联就业服务平台（动态接口）,https://www.cdpee.org.cn/,2026年09月17日
江苏省,徐州市,江苏徐州组件工+早八晚六+包吃+五险+坐班,陕西致广人力资源有限公司,江苏省·徐州市·邳州市,学历不限,20,"视力残疾1-4级;听力残疾1-4级;言语残疾1-4级;肢体残疾1-4级;智力残疾3,4级;多重残疾1-4级;",是,见原平台,中国残联就业服务平台（动态接口）,https://www.cdpee.org.cn/,2026年09月17日
广东省,江门市,生产工,江门市霞光照明电器有限公司,广东省·江门市·蓬江区,学历不限,1,听力残疾2-4级;言语残疾2-4级;肢体残疾4级;智力残疾4级;多重残疾4级;,是,见原平台,中国残联就业服务平台（动态接口）,https://www.cdpee.org.cn/,2026年09月17日
上海市,上海市,行政助理（上海闵行区）,北京易才人力资源顾问有限公司,上海市·上海市·闵行区,大专,1,视力残疾1-3级;听力残疾1-3级;言语残疾1-3级;肢体残疾1-3级;智力残疾1-3级;精神残疾1-3级;多重残疾1-3级;,是,见原平台,中国残联就业服务平台（动态接口）,https://www.cdpee.org.cn/,2026年08月17日
江苏省,南京市,HR招聘,北京易才人力资源顾问有限公司,江苏省·南京市·建邺区,大专,1,视力残疾1-3级;听力残疾1-3级;言语残疾1-3级;肢体残疾1-3级;智力残疾1-3级;精神残疾1-3级;多重残疾1-3级;,是,见原平台,中国残联就业服务平台（动态接口）,https://www.cdpee.org.cn/,2026年05月22日
四川省,成都市,成都急招（残疾人福利岗）五险一金，长白8小时，高薪技术岗,广州海仑企业服务有限公司,四川省·成都市·锦江区,学历不限,3,视力残疾1-4级;听力残疾1-4级;言语残疾1-4级;肢体残疾1-4级;智力残疾1-4级;精神残疾1-4级;多重残疾1-4级;,是,见原平台,中国残联就业服务平台（动态接口）,https://www.cdpee.org.cn/,2026年09月17日
天津市,天津市,天津档案处理员，双休，8小时，缴纳五险一金,广州海仑企业服务有限公司,天津市·天津市·河东区,学历不限,2,视力残疾1-4级;听力残疾1-4级;言语残疾1-4级;肢体残疾1-4级;智力残疾1-4级;精神残疾1-4级;多重残疾1-4级;,是,见原平台,中国残联就业服务平台（动态接口）,https://www.cdpee.org.cn/,2026年09月17日
云南省,昭通市,艾草加工，种植,云南鑫会盟艾绒制品生产有限公司,云南省·昭通市·巧家县,学历不限,100,视力残疾4级;听力残疾4级;言语残疾4级;肢体残疾4级;智力残疾4级;精神残疾4级;,是,见原平台,中国残联就业服务平台（动态接口）,https://www.cdpee.org.cn/,2026年09月17日
江苏省,宿迁市,食品加工处理,宿迁市宿城区陆小青猪肉批发经营部,江苏省·宿迁市·湖滨新区,小学,100,"视力残疾3,4级;听力残疾3,4级;肢体残疾3,4级;智力残疾4级;多重残疾3,4级;",是,见原平台,中国残联就业服务平台（动态接口）,https://www.cdpee.org.cn/,2026年09月17日
河南省,周口市,新媒体运营,周口市开发区鑫尚室内装修工程有限责任公司,河南省·周口市·川汇区,学历不限,,视力残疾1-4级;听力残疾1-4级;言语残疾1-4级;肢体残疾1-4级;智力残疾1-4级;精神残疾1-4级;多重残疾1-4级;,是,见原平台,中国残联就业服务平台（动态接口）,https://www.cdpee.org.cn/,2026年08月28日
河北省,廊坊市,英语辅导,固安县创名者托儿中心（个体工商户）,河北省·廊坊市·固安县,大专,,视力残疾1-4级;听力残疾1-4级;言语残疾1-4级;肢体残疾1-4级;智力残疾1-4级;精神残疾1-4级;多重残疾1-4级;,是,见原平台,中国残联就业服务平台（动态接口）,https://www.cdpee.org.cn/,2026年07月15日
山东省,临沂市,外贸专员,山东纽克斯国际货运代理有限责任公司,山东省·临沂市·兰山区,学历不限,,视力残疾1-4级;听力残疾1-4级;言语残疾1-4级;肢体残疾1-4级;智力残疾1-4级;精神残疾1-4级;多重残疾1-4级;,是,见原平台,中国残联就业服务平台（动态接口）,https://www.cdpee.org.cn/,2026年07月14日
湖南省,株洲市,垃圾清运工,湖南仁仁洁国际清洁科技集团股份有限公司荷塘分公司,湖南省·株洲市·荷塘区,学历不限,1,言语残疾1级;智力残疾1级;,是,见原平台,中国残联就业服务平台（动态接口）,https://www.cdpee.org.cn/,2026年09月17日
江苏省,徐州市,江苏徐州组件工+早八晚六+包吃+五险+坐班,陕西致广人力资源有限公司,江苏省·徐州市·邳州市,学历不限,20,"视力残疾1-4级;听力残疾1-4级;言语残疾1-4级;肢体残疾1-4级;智力残疾3,4级;多重残疾1-4级;",是,见原平台,中国残联就业服务平台（动态接口）,https://www.cdpee.org.cn/,2026年09月17日
广东省,江门市,生产工,江门市霞光照明电器有限公司,广东省·江门市·蓬江区,学历不限,1,听力残疾2-4级;言语残疾2-4级;肢体残疾4级;智力残疾4级;多重残疾4级;,是,见原平台,中国残联就业服务平台（动态接口）,https://www.cdpee.org.cn/,2026年09月17日
上海市,上海市,行政助理（上海闵行区）,北京易才人力资源顾问有限公司,上海市·上海市·闵行区,大专,1,视力残疾1-3级;听力残疾1-3级;言语残疾1-3级;肢体残疾1-3级;智力残疾1-3级;精神残疾1-3级;多重残疾1-3级;,是,见原平台,中国残联就业服务平台（动态接口）,https://www.cdpee.org.cn/,2026年08月17日
江苏省,南京市,HR招聘,北京易才人力资源顾问有限公司,江苏省·南京市·建邺区,大专,1,视力残疾1-3级;听力残疾1-3级;言语残疾1-3级;肢体残疾1-3级;智力残疾1-3级;精神残疾1-3级;多重残疾1-3级;,是,见原平台,中国残联就业服务平台（动态接口）,https://www.cdpee.org.cn/,2026年05月22日
四川省,成都市,成都急招（残疾人福利岗）五险一金，长白8小时，高薪技术岗,广州海仑企业服务有限公司,四川省·成都市·锦江区,学历不限,3,视力残疾1-4级;听力残疾1-4级;言语残疾1-4级;肢体残疾1-4级;智力残疾1-4级;精神残疾1-4级;多重残疾1-4级;,是,见原平台,中国残联就业服务平台（动态接口）,https://www.cdpee.org.cn/,2026年09月17日
天津市,天津市,天津档案处理员，双休，8小时，缴纳五险一金,广州海仑企业服务有限公司,天津市·天津市·河东区,学历不限,2,视力残疾1-4级;听力残疾1-4级;言语残疾1-4级;肢体残疾1-4级;智力残疾1-4级;精神残疾1-4级;多重残疾1-4级;,是,见原平台,中国残联就业服务平台（动态接口）,https://www.cdpee.org.cn/,2026年09月17日
云南省,昭通市,艾草加工，种植,云南鑫会盟艾绒制品生产有限公司,云南省·昭通市·巧家县,学历不限,100,视力残疾4级;听力残疾4级;言语残疾4级;肢体残疾4级;智力残疾4级;精神残疾4级;,是,见原平台,中国残联就业服务平台（动态接口）,https://www.cdpee.org.cn/,2026年09月17日
江苏省,宿迁市,食品加工处理,宿迁市宿城区陆小青猪肉批发经营部,江苏省·宿迁市·湖滨新区,小学,100,"视力残疾3,4级;听力残疾3,4级;肢体残疾3,4级;智力残疾4级;多重残疾3,4级;",是,见原平台,中国残联就业服务平台（动态接口）,https://www.cdpee.org.cn/,2026年09月17日
河南省,周口市,新媒体运营,周口市开发区鑫尚室内装修工程有限责任公司,河南省·周口市·川汇区,学历不限,,视力残疾1-4级;听力残疾1-4级;言语残疾1-4级;肢体残疾1-4级;智力残疾1-4级;精神残疾1-4级;多重残疾1-4级;,是,见原平台,中国残联就业服务平台（动态接口）,https://www.cdpee.org.cn/,2026年08月28日
河北省,廊坊市,英语辅导,固安县创名者托儿中心（个体工商户）,河北省·廊坊市·固安县,大专,,视力残疾1-4级;听力残疾1-4级;言语残疾1-4级;肢体残疾1-4级;智力残疾1-4级;精神残疾1-4级;多重残疾1-4级;,是,见原平台,中国残联就业服务平台（动态接口）,https://www.cdpee.org.cn/,2026年07月15日
山东省,临沂市,外贸专员,山东纽克斯国际货运代理有限责任公司,山东省·临沂市·兰山区,学历不限,,视力残疾1-4级;听力残疾1-4级;言语残疾1-4级;肢体残疾1-4级;智力残疾1-4级;精神残疾1-4级;多重残疾1-4级;,是,见原平台,中国残联就业服务平台（动态接口）,https://www.cdpee.org.cn/,2026年07月14日
湖南省,株洲市,垃圾清运工,湖南仁仁洁国际清洁科技集团股份有限公司荷塘分公司,湖南省·株洲市·荷塘区,学历不限,1,言语残疾1级;智力残疾1级;,是,见原平台,中国残联就业服务平台（动态接口）,https://www.cdpee.org.cn/,2026年09月17日
江苏省,徐州市,江苏徐州组件工+早八晚六+包吃+五险+坐班,陕西致广人力资源有限公司,江苏省·徐州市·邳州市,学历不限,20,"视力残疾1-4级;听力残疾1-4级;言语残疾1-4级;肢体残疾1-4级;智力残疾3,4级;多重残疾1-4级;",是,见原平台,中国残联就业服务平台（动态接口）,https://www.cdpee.org.cn/,2026年09月17日
广东省,江门市,生产工,江门市霞光照明电器有限公司,广东省·江门市·蓬江区,学历不限,1,听力残疾2-4级;言语残疾2-4级;肢体残疾4级;智力残疾4级;多重残疾4级;,是,见原平台,中国残联就业服务平台（动态接口）,https://www.cdpee.org.cn/,2026年09月17日
上海市,上海市,行政助理（上海闵行区）,北京易才人力资源顾问有限公司,上海市·上海市·闵行区,大专,1,视力残疾1-3级;听力残疾1-3级;言语残疾1-3级;肢体残疾1-3级;智力残疾1-3级;精神残疾1-3级;多重残疾1-3级;,是,见原平台,中国残联就业服务平台（动态接口）,https://www.cdpee.org.cn/,2026年08月17日
江苏省,南京市,HR招聘,北京易才人力资源顾问有限公司,江苏省·南京市·建邺区,大专,1,视力残疾1-3级;听力残疾1-3级;言语残疾1-3级;肢体残疾1-3级;智力残疾1-3级;精神残疾1-3级;多重残疾1-3级;,是,见原平台,中国残联就业服务平台（动态接口）,https://www.cdpee.org.cn/,2026年05月22日
四川省,成都市,成都急招（残疾人福利岗）五险一金，长白8小时，高薪技术岗,广州海仑企业服务有限公司,四川省·成都市·锦江区,学历不限,3,视力残疾1-4级;听力残疾1-4级;言语残疾1-4级;肢体残疾1-4级;智力残疾1-4级;精神残疾1-4级;多重残疾1-4级;,是,见原平台,中国残联就业服务平台（动态接口）,https://www.cdpee.org.cn/,2026年09月17日
天津市,天津市,天津档案处理员，双休，8小时，缴纳五险一金,广州海仑企业服务有限公司,天津市·天津市·河东区,学历不限,2,视力残疾1-4级;听力残疾1-4级;言语残疾1-4级;肢体残疾1-4级;智力残疾1-4级;精神残疾1-4级;多重残疾1-4级;,是,见原平台,中国残联就业服务平台（动态接口）,https://www.cdpee.org.cn/,2026年09月17日
云南省,昭通市,艾草加工，种植,云南鑫会盟艾绒制品生产有限公司,云南省·昭通市·巧家县,学历不限,100,视力残疾4级;听力残疾4级;言语残疾4级;肢体残疾4级;智力残疾4级;精神残疾4级;,是,见原平台,中国残联就业服务平台（动态接口）,https://www.cdpee.org.cn/,2026年09月17日
江苏省,宿迁市,食品加工处理,宿迁市宿城区陆小青猪肉批发经营部,江苏省·宿迁市·湖滨新区,小学,100,"视力残疾3,4级;听力残疾3,4级;肢体残疾3,4级;智力残疾4级;多重残疾3,4级;",是,见原平台,中国残联就业服务平台（动态接口）,https://www.cdpee.org.cn/,2026年09月17日
河南省,周口市,新媒体运营,周口市开发区鑫尚室内装修工程有限责任公司,河南省·周口市·川汇区,学历不限,,视力残疾1-4级;听力残疾1-4级;言语残疾1-4级;肢体残疾1-4级;智力残疾1-4级;精神残疾1-4级;多重残疾1-4级;,是,见原平台,中国残联就业服务平台（动态接口）,https://www.cdpee.org.cn/,2026年08月28日
河北省,廊坊市,英语辅导,固安县创名者托儿中心（个体工商户）,河北省·廊坊市·固安县,大专,,视力残疾1-4级;听力残疾1-4级;言语残疾1-4级;肢体残疾1-4级;智力残疾1-4级;精神残疾1-4级;多重残疾1-4级;,是,见原平台,中国残联就业服务平台（动态接口）,https://www.cdpee.org.cn/,2026年07月15日
山东省,临沂市,外贸专员,山东纽克斯国际货运代理有限责任公司,山东省·临沂市·兰山区,学历不限,,视力残疾1-4级;听力残疾1-4级;言语残疾1-4级;肢体残疾1-4级;智力残疾1-4级;精神残疾1-4级;多重残疾1-4级;,是,见原平台,中国残联就业服务平台（动态接口）,https://www.cdpee.org.cn/,2026年07月14日
湖南省,株洲市,垃圾清运工,湖南仁仁洁国际清洁科技集团股份有限公司荷塘分公司,湖南省·株洲市·荷塘区,学历不限,1,言语残疾1级;智力残疾1级;,是,见原平台,中国残联就业服务平台（动态接口）,https://www.cdpee.org.cn/,2026年09月17日
江苏省,徐州市,江苏徐州组件工+早八晚六+包吃+五险+坐班,陕西致广人力资源有限公司,江苏省·徐州市·邳州市,学历不限,20,"视力残疾1-4级;听力残疾1-4级;言语残疾1-4级;肢体残疾1-4级;智力残疾3,4级;多重残疾1-4级;",是,见原平台,中国残联就业服务平台（动态接口）,https://www.cdpee.org.cn/,2026年09月17日
广东省,江门市,生产工,江门市霞光照明电器有限公司,广东省·江门市·蓬江区,学历不限,1,听力残疾2-4级;言语残疾2-4级;肢体残疾4级;智力残疾4级;多重残疾4级;,是,见原平台,中国残联就业服务平台（动态接口）,https://www.cdpee.org.cn/,2026年09月17日
广东省,佛山市,外贸销售/海外家居方案销售,深圳市七十二氪数字科技有限公司,广东省·佛山市·禅城区,大专,,视力残疾1-4级;听力残疾1-4级;言语残疾1-4级;肢体残疾1-4级;智力残疾1-4级;精神残疾1-4级;多重残疾1-4级;,是,见原平台,中国残联就业服务平台（动态接口）,https://www.cdpee.org.cn/,2026年08月31日
上海市,上海市,行政助理（上海闵行区）,北京易才人力资源顾问有限公司,上海市·上海市·闵行区,大专,1,视力残疾1-3级;听力残疾1-3级;言语残疾1-3级;肢体残疾1-3级;智力残疾1-3级;精神残疾1-3级;多重残疾1-3级;,是,见原平台,中国残联就业服务平台（动态接口）,https://www.cdpee.org.cn/,2026年08月17日
江苏省,南京市,HR招聘,北京易才人力资源顾问有限公司,江苏省·南京市·建邺区,大专,1,视力残疾1-3级;听力残疾1-3级;言语残疾1-3级;肢体残疾1-3级;智力残疾1-3级;精神残疾1-3级;多重残疾1-3级;,是,见原平台,中国残联就业服务平台（动态接口）,https://www.cdpee.org.cn/,2026年05月22日
四川省,成都市,成都急招（残疾人福利岗）五险一金，长白8小时，高薪技术岗,广州海仑企业服务有限公司,四川省·成都市·锦江区,学历不限,3,视力残疾1-4级;听力残疾1-4级;言语残疾1-4级;肢体残疾1-4级;智力残疾1-4级;精神残疾1-4级;多重残疾1-4级;,是,见原平台,中国残联就业服务平台（动态接口）,https://www.cdpee.org.cn/,2026年09月17日
天津市,天津市,天津档案处理员，双休，8小时，缴纳五险一金,广州海仑企业服务有限公司,天津市·天津市·河东区,学历不限,2,视力残疾1-4级;听力残疾1-4级;言语残疾1-4级;肢体残疾1-4级;智力残疾1-4级;精神残疾1-4级;多重残疾1-4级;,是,见原平台,中国残联就业服务平台（动态接口）,https://www.cdpee.org.cn/,2026年09月17日
河北省,石家庄市,执业中医师,河北万食可方健康管理有限公司,河北省·石家庄市·长安区,大专,,视力残疾1-4级;听力残疾1-4级;言语残疾1-4级;肢体残疾1-4级;智力残疾1-4级;精神残疾1-4级;多重残疾1-4级;,是,见原平台,中国残联就业服务平台（动态接口）,https://www.cdpee.org.cn/,2026年09月13日
黑龙江省,哈尔滨市,家装室内设计师,黑龙江省盛泓装饰工程设计有限公司,黑龙江省·哈尔滨市·道外区,学历不限,,视力残疾1-4级;听力残疾1-4级;言语残疾1-4级;肢体残疾1-4级;智力残疾1-4级;精神残疾1-4级;多重残疾1-4级;,是,见原平台,中国残联就业服务平台（动态接口）,https://www.cdpee.org.cn/,2026年08月30日
云南省,昭通市,艾草加工，种植,云南鑫会盟艾绒制品生产有限公司,云南省·昭通市·巧家县,学历不限,100,视力残疾4级;听力残疾4级;言语残疾4级;肢体残疾4级;智力残疾4级;精神残疾4级;,是,见原平台,中国残联就业服务平台（动态接口）,https://www.cdpee.org.cn/,2026年09月17日
江苏省,宿迁市,食品加工处理,宿迁市宿城区陆小青猪肉批发经营部,江苏省·宿迁市·湖滨新区,小学,100,"视力残疾3,4级;听力残疾3,4级;肢体残疾3,4级;智力残疾4级;多重残疾3,4级;",是,见原平台,中国残联就业服务平台（动态接口）,https://www.cdpee.org.cn/,2026年09月17日
湖南省,株洲市,垃圾清运工,湖南仁仁洁国际清洁科技集团股份有限公司荷塘分公司,湖南省·株洲市·荷塘区,学历不限,1,言语残疾1级;智力残疾1级;,是,见原平台,中国残联就业服务平台（动态接口）,https://www.cdpee.org.cn/,2026年09月17日
江苏省,徐州市,江苏徐州组件工+早八晚六+包吃+五险+坐班,陕西致广人力资源有限公司,江苏省·徐州市·邳州市,学历不限,20,"视力残疾1-4级;听力残疾1-4级;言语残疾1-4级;肢体残疾1-4级;智力残疾3,4级;多重残疾1-4级;",是,见原平台,中国残联就业服务平台（动态接口）,https://www.cdpee.org.cn/,2026年09月17日
广东省,江门市,生产工,江门市霞光照明电器有限公司,广东省·江门市·蓬江区,学历不限,1,听力残疾2-4级;言语残疾2-4级;肢体残疾4级;智力残疾4级;多重残疾4级;,是,见原平台,中国残联就业服务平台（动态接口）,https://www.cdpee.org.cn/,2026年09月17日
广东省,佛山市,外贸销售/海外家居方案销售,深圳市七十二氪数字科技有限公司,广东省·佛山市·禅城区,大专,,视力残疾1-4级;听力残疾1-4级;言语残疾1-4级;肢体残疾1-4级;智力残疾1-4级;精神残疾1-4级;多重残疾1-4级;,是,见原平台,中国残联就业服务平台（动态接口）,https://www.cdpee.org.cn/,2026年08月31日
上海市,上海市,行政助理（上海闵行区）,北京易才人力资源顾问有限公司,上海市·上海市·闵行区,大专,1,视力残疾1-3级;听力残疾1-3级;言语残疾1-3级;肢体残疾1-3级;智力残疾1-3级;精神残疾1-3级;多重残疾1-3级;,是,见原平台,中国残联就业服务平台（动态接口）,https://www.cdpee.org.cn/,2026年08月17日
江苏省,南京市,HR招聘,北京易才人力资源顾问有限公司,江苏省·南京市·建邺区,大专,1,视力残疾1-3级;听力残疾1-3级;言语残疾1-3级;肢体残疾1-3级;智力残疾1-3级;精神残疾1-3级;多重残疾1-3级;,是,见原平台,中国残联就业服务平台（动态接口）,https://www.cdpee.org.cn/,2026年05月22日
四川省,成都市,成都急招（残疾人福利岗）五险一金，长白8小时，高薪技术岗,广州海仑企业服务有限公司,四川省·成都市·锦江区,学历不限,3,视力残疾1-4级;听力残疾1-4级;言语残疾1-4级;肢体残疾1-4级;智力残疾1-4级;精神残疾1-4级;多重残疾1-4级;,是,见原平台,中国残联就业服务平台（动态接口）,https://www.cdpee.org.cn/,2026年09月17日
天津市,天津市,天津档案处理员，双休，8小时，缴纳五险一金,广州海仑企业服务有限公司,天津市·天津市·河东区,学历不限,2,视力残疾1-4级;听力残疾1-4级;言语残疾1-4级;肢体残疾1-4级;智力残疾1-4级;精神残疾1-4级;多重残疾1-4级;,是,见原平台,中国残联就业服务平台（动态接口）,https://www.cdpee.org.cn/,2026年09月17日
河北省,石家庄市,执业中医师,河北万食可方健康管理有限公司,河北省·石家庄市·长安区,大专,,视力残疾1-4级;听力残疾1-4级;言语残疾1-4级;肢体残疾1-4级;智力残疾1-4级;精神残疾1-4级;多重残疾1-4级;,是,见原平台,中国残联就业服务平台（动态接口）,https://www.cdpee.org.cn/,2026年09月13日
黑龙江省,哈尔滨市,家装室内设计师,黑龙江省盛泓装饰工程设计有限公司,黑龙江省·哈尔滨市·道外区,学历不限,,视力残疾1-4级;听力残疾1-4级;言语残疾1-4级;肢体残疾1-4级;智力残疾1-4级;精神残疾1-4级;多重残疾1-4级;,是,见原平台,中国残联就业服务平台（动态接口）,https://www.cdpee.org.cn/,2026年08月30日
云南省,昭通市,艾草加工，种植,云南鑫会盟艾绒制品生产有限公司,云南省·昭通市·巧家县,学历不限,100,视力残疾4级;听力残疾4级;言语残疾4级;肢体残疾4级;智力残疾4级;精神残疾4级;,是,见原平台,中国残联就业服务平台（动态接口）,https://www.cdpee.org.cn/,2026年09月17日
江苏省,宿迁市,食品加工处理,宿迁市宿城区陆小青猪肉批发经营部,江苏省·宿迁市·湖滨新区,小学,100,"视力残疾3,4级;听力残疾3,4级;肢体残疾3,4级;智力残疾4级;多重残疾3,4级;",是,见原平台,中国残联就业服务平台（动态接口）,https://www.cdpee.org.cn/,2026年09月17日
湖南省,株洲市,垃圾清运工,湖南仁仁洁国际清洁科技集团股份有限公司荷塘分公司,湖南省·株洲市·荷塘区,学历不限,1,言语残疾1级;智力残疾1级;,是,见原平台,中国残联就业服务平台（动态接口）,https://www.cdpee.org.cn/,2026年09月17日
江苏省,徐州市,江苏徐州组件工+早八晚六+包吃+五险+坐班,陕西致广人力资源有限公司,江苏省·徐州市·邳州市,学历不限,20,"视力残疾1-4级;听力残疾1-4级;言语残疾1-4级;肢体残疾1-4级;智力残疾3,4级;多重残疾1-4级;",是,见原平台,中国残联就业服务平台（动态接口）,https://www.cdpee.org.cn/,2026年09月17日
广东省,江门市,生产工,江门市霞光照明电器有限公司,广东省·江门市·蓬江区,学历不限,1,听力残疾2-4级;言语残疾2-4级;肢体残疾4级;智力残疾4级;多重残疾4级;,是,见原平台,中国残联就业服务平台（动态接口）,https://www.cdpee.org.cn/,2026年09月17日
广东省,佛山市,外贸销售/海外家居方案销售,深圳市七十二氪数字科技有限公司,广东省·佛山市·禅城区,大专,,视力残疾1-4级;听力残疾1-4级;言语残疾1-4级;肢体残疾1-4级;智力残疾1-4级;精神残疾1-4级;多重残疾1-4级;,是,见原平台,中国残联就业服务平台（动态接口）,https://www.cdpee.org.cn/,2026年08月31日
上海市,上海市,行政助理（上海闵行区）,北京易才人力资源顾问有限公司,上海市·上海市·闵行区,大专,1,视力残疾1-3级;听力残疾1-3级;言语残疾1-3级;肢体残疾1-3级;智力残疾1-3级;精神残疾1-3级;多重残疾1-3级;,是,见原平台,中国残联就业服务平台（动态接口）,https://www.cdpee.org.cn/,2026年08月17日
江苏省,南京市,HR招聘,北京易才人力资源顾问有限公司,江苏省·南京市·建邺区,大专,1,视力残疾1-3级;听力残疾1-3级;言语残疾1-3级;肢体残疾1-3级;智力残疾1-3级;精神残疾1-3级;多重残疾1-3级;,是,见原平台,中国残联就业服务平台（动态接口）,https://www.cdpee.org.cn/,2026年05月22日
四川省,成都市,成都急招（残疾人福利岗）五险一金，长白8小时，高薪技术岗,广州海仑企业服务有限公司,四川省·成都市·锦江区,学历不限,3,视力残疾1-4级;听力残疾1-4级;言语残疾1-4级;肢体残疾1-4级;智力残疾1-4级;精神残疾1-4级;多重残疾1-4级;,是,见原平台,中国残联就业服务平台（动态接口）,https://www.cdpee.org.cn/,2026年09月17日
天津市,天津市,天津档案处理员，双休，8小时，缴纳五险一金,广州海仑企业服务有限公司,天津市·天津市·河东区,学历不限,2,视力残疾1-4级;听力残疾1-4级;言语残疾1-4级;肢体残疾1-4级;智力残疾1-4级;精神残疾1-4级;多重残疾1-4级;,是,见原平台,中国残联就业服务平台（动态接口）,https://www.cdpee.org.cn/,2026年09月17日
河北省,石家庄市,执业中医师,河北万食可方健康管理有限公司,河北省·石家庄市·长安区,大专,,视力残疾1-4级;听力残疾1-4级;言语残疾1-4级;肢体残疾1-4级;智力残疾1-4级;精神残疾1-4级;多重残疾1-4级;,是,见原平台,中国残联就业服务平台（动态接口）,https://www.cdpee.org.cn/,2026年09月13日
黑龙江省,哈尔滨市,家装室内设计师,黑龙江省盛泓装饰工程设计有限公司,黑龙江省·哈尔滨市·道外区,学历不限,,视力残疾1-4级;听力残疾1-4级;言语残疾1-4级;肢体残疾1-4级;智力残疾1-4级;精神残疾1-4级;多重残疾1-4级;,是,见原平台,中国残联就业服务平台（动态接口）,https://www.cdpee.org.cn/,2026年08月30日
云南省,昭通市,艾草加工，种植,云南鑫会盟艾绒制品生产有限公司,云南省·昭通市·巧家县,学历不限,100,视力残疾4级;听力残疾4级;言语残疾4级;肢体残疾4级;智力残疾4级;精神残疾4级;,是,见原平台,中国残联就业服务平台（动态接口）,https://www.cdpee.org.cn/,2026年09月17日
江苏省,宿迁市,食品加工处理,宿迁市宿城区陆小青猪肉批发经营部,江苏省·宿迁市·湖滨新区,小学,100,"视力残疾3,4级;听力残疾3,4级;肢体残疾3,4级;智力残疾4级;多重残疾3,4级;",是,见原平台,中国残联就业服务平台（动态接口）,https://www.cdpee.org.cn/,2026年09月17日
湖南省,株洲市,垃圾清运工,湖南仁仁洁国际清洁科技集团股份有限公司荷塘分公司,湖南省·株洲市·荷塘区,学历不限,1,言语残疾1级;智力残疾1级;,是,见原平台,中国残联就业服务平台（动态接口）,https://www.cdpee.org.cn/,2026年09月17日
江苏省,徐州市,江苏徐州组件工+早八晚六+包吃+五险+坐班,陕西致广人力资源有限公司,江苏省·徐州市·邳州市,学历不限,20,"视力残疾1-4级;听力残疾1-4级;言语残疾1-4级;肢体残疾1-4级;智力残疾3,4级;多重残疾1-4级;",是,见原平台,中国残联就业服务平台（动态接口）,https://www.cdpee.org.cn/,2026年09月17日
广东省,江门市,生产工,江门市霞光照明电器有限公司,广东省·江门市·蓬江区,学历不限,1,听力残疾2-4级;言语残疾2-4级;肢体残疾4级;智力残疾4级;多重残疾4级;,是,见原平台,中国残联就业服务平台（动态接口）,https://www.cdpee.org.cn/,2026年09月17日
广东省,佛山市,外贸销售/海外家居方案销售,深圳市七十二氪数字科技有限公司,广东省·佛山市·禅城区,大专,,视力残疾1-4级;听力残疾1-4级;言语残疾1-4级;肢体残疾1-4级;智力残疾1-4级;精神残疾1-4级;多重残疾1-4级;,是,见原平台,中国残联就业服务平台（动态接口）,https://www.cdpee.org.cn/,2026年08月31日
上海市,上海市,行政助理（上海闵行区）,北京易才人力资源顾问有限公司,上海市·上海市·闵行区,大专,1,视力残疾1-3级;听力残疾1-3级;言语残疾1-3级;肢体残疾1-3级;智力残疾1-3级;精神残疾1-3级;多重残疾1-3级;,是,见原平台,中国残联就业服务平台（动态接口）,https://www.cdpee.org.cn/,2026年08月17日
江苏省,南京市,HR招聘,北京易才人力资源顾问有限公司,江苏省·南京市·建邺区,大专,1,视力残疾1-3级;听力残疾1-3级;言语残疾1-3级;肢体残疾1-3级;智力残疾1-3级;精神残疾1-3级;多重残疾1-3级;,是,见原平台,中国残联就业服务平台（动态接口）,https://www.cdpee.org.cn/,2026年05月22日
四川省,成都市,成都急招（残疾人福利岗）五险一金，长白8小时，高薪技术岗,广州海仑企业服务有限公司,四川省·成都市·锦江区,学历不限,3,视力残疾1-4级;听力残疾1-4级;言语残疾1-4级;肢体残疾1-4级;智力残疾1-4级;精神残疾1-4级;多重残疾1-4级;,是,见原平台,中国残联就业服务平台（动态接口）,https://www.cdpee.org.cn/,2026年09月17日
天津市,天津市,天津档案处理员，双休，8小时，缴纳五险一金,广州海仑企业服务有限公司,天津市·天津市·河东区,学历不限,2,视力残疾1-4级;听力残疾1-4级;言语残疾1-4级;肢体残疾1-4级;智力残疾1-4级;精神残疾1-4级;多重残疾1-4级;,是,见原平台,中国残联就业服务平台（动态接口）,https://www.cdpee.org.cn/,2026年09月17日
河北省,石家庄市,执业中医师,河北万食可方健康管理有限公司,河北省·石家庄市·长安区,大专,,视力残疾1-4级;听力残疾1-4级;言语残疾1-4级;肢体残疾1-4级;智力残疾1-4级;精神残疾1-4级;多重残疾1-4级;,是,见原平台,中国残联就业服务平台（动态接口）,https://www.cdpee.org.cn/,2026年09月13日
黑龙江省,哈尔滨市,家装室内设计师,黑龙江省盛泓装饰工程设计有限公司,黑龙江省·哈尔滨市·道外区,学历不限,,视力残疾1-4级;听力残疾1-4级;言语残疾1-4级;肢体残疾1-4级;智力残疾1-4级;精神残疾1-4级;多重残疾1-4级;,是,见原平台,中国残联就业服务平台（动态接口）,https://www.cdpee.org.cn/,2026年08月30日
云南省,昭通市,艾草加工，种植,云南鑫会盟艾绒制品生产有限公司,云南省·昭通市·巧家县,学历不限,100,视力残疾4级;听力残疾4级;言语残疾4级;肢体残疾4级;智力残疾4级;精神残疾4级;,是,见原平台,中国残联就业服务平台（动态接口）,https://www.cdpee.org.cn/,2026年09月17日
江苏省,宿迁市,食品加工处理,宿迁市宿城区陆小青猪肉批发经营部,江苏省·宿迁市·湖滨新区,小学,100,"视力残疾3,4级;听力残疾3,4级;肢体残疾3,4级;智力残疾4级;多重残疾3,4级;",是,见原平台,中国残联就业服务平台（动态接口）,https://www.cdpee.org.cn/,2026年09月17日
湖南省,株洲市,垃圾清运工,湖南仁仁洁国际清洁科技集团股份有限公司荷塘分公司,湖南省·株洲市·荷塘区,学历不限,1,言语残疾1级;智力残疾1级;,是,见原平台,中国残联就业服务平台（动态接口）,https://www.cdpee.org.cn/,2026年09月17日
江苏省,徐州市,江苏徐州组件工+早八晚六+包吃+五险+坐班,陕西致广人力资源有限公司,江苏省·徐州市·邳州市,学历不限,20,"视力残疾1-4级;听力残疾1-4级;言语残疾1-4级;肢体残疾1-4级;智力残疾3,4级;多重残疾1-4级;",是,见原平台,中国残联就业服务平台（动态接口）,https://www.cdpee.org.cn/,2026年09月17日
广东省,江门市,生产工,江门市霞光照明电器有限公司,广东省·江门市·蓬江区,学历不限,1,听力残疾2-4级;言语残疾2-4级;肢体残疾4级;智力残疾4级;多重残疾4级;,是,见原平台,中国残联就业服务平台（动态接口）,https://www.cdpee.org.cn/,2026年09月17日
广东省,佛山市,外贸销售/海外家居方案销售,深圳市七十二氪数字科技有限公司,广东省·佛山市·禅城区,大专,,视力残疾1-4级;听力残疾1-4级;言语残疾1-4级;肢体残疾1-4级;智力残疾1-4级;精神残疾1-4级;多重残疾1-4级;,是,见原平台,中国残联就业服务平台（动态接口）,https://www.cdpee.org.cn/,2026年08月31日
上海市,上海市,行政助理（上海闵行区）,北京易才人力资源顾问有限公司,上海市·上海市·闵行区,大专,1,视力残疾1-3级;听力残疾1-3级;言语残疾1-3级;肢体残疾1-3级;智力残疾1-3级;精神残疾1-3级;多重残疾1-3级;,是,见原平台,中国残联就业服务平台（动态接口）,https://www.cdpee.org.cn/,2026年08月17日
江苏省,南京市,HR招聘,北京易才人力资源顾问有限公司,江苏省·南京市·建邺区,大专,1,视力残疾1-3级;听力残疾1-3级;言语残疾1-3级;肢体残疾1-3级;智力残疾1-3级;精神残疾1-3级;多重残疾1-3级;,是,见原平台,中国残联就业服务平台（动态接口）,https://www.cdpee.org.cn/,2026年05月22日
四川省,成都市,成都急招（残疾人福利岗）五险一金，长白8小时，高薪技术岗,广州海仑企业服务有限公司,四川省·成都市·锦江区,学历不限,3,视力残疾1-4级;听力残疾1-4级;言语残疾1-4级;肢体残疾1-4级;智力残疾1-4级;精神残疾1-4级;多重残疾1-4级;,是,见原平台,中国残联就业服务平台（动态接口）,https://www.cdpee.org.cn/,2026年09月17日
天津市,天津市,天津档案处理员，双休，8小时，缴纳五险一金,广州海仑企业服务有限公司,天津市·天津市·河东区,学历不限,2,视力残疾1-4级;听力残疾1-4级;言语残疾1-4级;肢体残疾1-4级;智力残疾1-4级;精神残疾1-4级;多重残疾1-4级;,是,见原平台,中国残联就业服务平台（动态接口）,https://www.cdpee.org.cn/,2026年09月17日
河北省,石家庄市,执业中医师,河北万食可方健康管理有限公司,河北省·石家庄市·长安区,大专,,视力残疾1-4级;听力残疾1-4级;言语残疾1-4级;肢体残疾1-4级;智力残疾1-4级;精神残疾1-4级;多重残疾1-4级;,是,见原平台,中国残联就业服务平台（动态接口）,https://www.cdpee.org.cn/,2026年09月13日
黑龙江省,哈尔滨市,家装室内设计师,黑龙江省盛泓装饰工程设计有限公司,黑龙江省·哈尔滨市·道外区,学历不限,,视力残疾1-4级;听力残疾1-4级;言语残疾1-4级;肢体残疾1-4级;智力残疾1-4级;精神残疾1-4级;多重残疾1-4级;,是,见原平台,中国残联就业服务平台（动态接口）,https://www.cdpee.org.cn/,2026年08月30日
云南省,昭通市,艾草加工，种植,云南鑫会盟艾绒制品生产有限公司,云南省·昭通市·巧家县,学历不限,100,视力残疾4级;听力残疾4级;言语残疾4级;肢体残疾4级;智力残疾4级;精神残疾4级;,是,见原平台,中国残联就业服务平台（动态接口）,https://www.cdpee.org.cn/,2026年09月17日
江苏省,宿迁市,食品加工处理,宿迁市宿城区陆小青猪肉批发经营部,江苏省·宿迁市·湖滨新区,小学,100,"视力残疾3,4级;听力残疾3,4级;肢体残疾3,4级;智力残疾4级;多重残疾3,4级;",是,见原平台,中国残联就业服务平台（动态接口）,https://www.cdpee.org.cn/,2026年09月17日
湖南省,株洲市,垃圾清运工,湖南仁仁洁国际清洁科技集团股份有限公司荷塘分公司,湖南省·株洲市·荷塘区,学历不限,1,言语残疾1级;智力残疾1级;,是,见原平台,中国残联就业服务平台（动态接口）,https://www.cdpee.org.cn/,2026年09月17日
江苏省,徐州市,江苏徐州组件工+早八晚六+包吃+五险+坐班,陕西致广人力资源有限公司,江苏省·徐州市·邳州市,学历不限,20,"视力残疾1-4级;听力残疾1-4级;言语残疾1-4级;肢体残疾1-4级;智力残疾3,4级;多重残疾1-4级;",是,见原平台,中国残联就业服务平台（动态接口）,https://www.cdpee.org.cn/,2026年09月17日
广东省,江门市,生产工,江门市霞光照明电器有限公司,广东省·江门市·蓬江区,学历不限,1,听力残疾2-4级;言语残疾2-4级;肢体残疾4级;智力残疾4级;多重残疾4级;,是,见原平台,中国残联就业服务平台（动态接口）,https://www.cdpee.org.cn/,2026年09月17日
广东省,佛山市,外贸销售/海外家居方案销售,深圳市七十二氪数字科技有限公司,广东省·佛山市·禅城区,大专,,视力残疾1-4级;听力残疾1-4级;言语残疾1-4级;肢体残疾1-4级;智力残疾1-4级;精神残疾1-4级;多重残疾1-4级;,是,见原平台,中国残联就业服务平台（动态接口）,https://www.cdpee.org.cn/,2026年08月31日
上海市,上海市,行政助理（上海闵行区）,北京易才人力资源顾问有限公司,上海市·上海市·闵行区,大专,1,视力残疾1-3级;听力残疾1-3级;言语残疾1-3级;肢体残疾1-3级;智力残疾1-3级;精神残疾1-3级;多重残疾1-3级;,是,见原平台,中国残联就业服务平台（动态接口）,https://www.cdpee.org.cn/,2026年08月17日
江苏省,南京市,HR招聘,北京易才人力资源顾问有限公司,江苏省·南京市·建邺区,大专,1,视力残疾1-3级;听力残疾1-3级;言语残疾1-3级;肢体残疾1-3级;智力残疾1-3级;精神残疾1-3级;多重残疾1-3级;,是,见原平台,中国残联就业服务平台（动态接口）,https://www.cdpee.org.cn/,2026年05月22日
四川省,成都市,成都急招（残疾人福利岗）五险一金，长白8小时，高薪技术岗,广州海仑企业服务有限公司,四川省·成都市·锦江区,学历不限,3,视力残疾1-4级;听力残疾1-4级;言语残疾1-4级;肢体残疾1-4级;智力残疾1-4级;精神残疾1-4级;多重残疾1-4级;,是,见原平台,中国残联就业服务平台（动态接口）,https://www.cdpee.org.cn/,2026年09月17日
天津市,天津市,天津档案处理员，双休，8小时，缴纳五险一金,广州海仑企业服务有限公司,天津市·天津市·河东区,学历不限,2,视力残疾1-4级;听力残疾1-4级;言语残疾1-4级;肢体残疾1-4级;智力残疾1-4级;精神残疾1-4级;多重残疾1-4级;,是,见原平台,中国残联就业服务平台（动态接口）,https://www.cdpee.org.cn/,2026年09月17日
河北省,石家庄市,执业中医师,河北万食可方健康管理有限公司,河北省·石家庄市·长安区,大专,,视力残疾1-4级;听力残疾1-4级;言语残疾1-4级;肢体残疾1-4级;智力残疾1-4级;精神残疾1-4级;多重残疾1-4级;,是,见原平台,中国残联就业服务平台（动态接口）,https://www.cdpee.org.cn/,2026年09月13日
黑龙江省,哈尔滨市,家装室内设计师,黑龙江省盛泓装饰工程设计有限公司,黑龙江省·哈尔滨市·道外区,学历不限,,视力残疾1-4级;听力残疾1-4级;言语残疾1-4级;肢体残疾1-4级;智力残疾1-4级;精神残疾1-4级;多重残疾1-4级;,是,见原平台,中国残联就业服务平台（动态接口）,https://www.cdpee.org.cn/,2026年08月30日
云南省,昭通市,艾草加工，种植,云南鑫会盟艾绒制品生产有限公司,云南省·昭通市·巧家县,学历不限,100,视力残疾4级;听力残疾4级;言语残疾4级;肢体残疾4级;智力残疾4级;精神残疾4级;,是,见原平台,中国残联就业服务平台（动态接口）,https://www.cdpee.org.cn/,2026年09月17日
江苏省,宿迁市,食品加工处理,宿迁市宿城区陆小青猪肉批发经营部,江苏省·宿迁市·湖滨新区,小学,100,"视力残疾3,4级;听力残疾3,4级;肢体残疾3,4级;智力残疾4级;多重残疾3,4级;",是,见原平台,中国残联就业服务平台（动态接口）,https://www.cdpee.org.cn/,2026年09月17日
湖南省,株洲市,垃圾清运工,湖南仁仁洁国际清洁科技集团股份有限公司荷塘分公司,湖南省·株洲市·荷塘区,学历不限,1,言语残疾1级;智力残疾1级;,是,见原平台,中国残联就业服务平台（动态接口）,https://www.cdpee.org.cn/,2026年09月17日
江苏省,徐州市,江苏徐州组件工+早八晚六+包吃+五险+坐班,陕西致广人力资源有限公司,江苏省·徐州市·邳州市,学历不限,20,"视力残疾1-4级;听力残疾1-4级;言语残疾1-4级;肢体残疾1-4级;智力残疾3,4级;多重残疾1-4级;",是,见原平台,中国残联就业服务平台（动态接口）,https://www.cdpee.org.cn/,2026年09月17日
广东省,江门市,生产工,江门市霞光照明电器有限公司,广东省·江门市·蓬江区,学历不限,1,听力残疾2-4级;言语残疾2-4级;肢体残疾4级;智力残疾4级;多重残疾4级;,是,见原平台,中国残联就业服务平台（动态接口）,https://www.cdpee.org.cn/,2026年09月17日
广东省,佛山市,外贸销售/海外家居方案销售,深圳市七十二氪数字科技有限公司,广东省·佛山市·禅城区,大专,,视力残疾1-4级;听力残疾1-4级;言语残疾1-4级;肢体残疾1-4级;智力残疾1-4级;精神残疾1-4级;多重残疾1-4级;,是,见原平台,中国残联就业服务平台（动态接口）,https://www.cdpee.org.cn/,2026年08月31日
上海市,上海市,行政助理（上海闵行区）,北京易才人力资源顾问有限公司,上海市·上海市·闵行区,大专,1,视力残疾1-3级;听力残疾1-3级;言语残疾1-3级;肢体残疾1-3级;智力残疾1-3级;精神残疾1-3级;多重残疾1-3级;,是,见原平台,中国残联就业服务平台（动态接口）,https://www.cdpee.org.cn/,2026年08月17日
江苏省,南京市,HR招聘,北京易才人力资源顾问有限公司,江苏省·南京市·建邺区,大专,1,视力残疾1-3级;听力残疾1-3级;言语残疾1-3级;肢体残疾1-3级;智力残疾1-3级;精神残疾1-3级;多重残疾1-3级;,是,见原平台,中国残联就业服务平台（动态接口）,https://www.cdpee.org.cn/,2026年05月22日
四川省,成都市,成都急招（残疾人福利岗）五险一金，长白8小时，高薪技术岗,广州海仑企业服务有限公司,四川省·成都市·锦江区,学历不限,3,视力残疾1-4级;听力残疾1-4级;言语残疾1-4级;肢体残疾1-4级;智力残疾1-4级;精神残疾1-4级;多重残疾1-4级;,是,见原平台,中国残联就业服务平台（动态接口）,https://www.cdpee.org.cn/,2026年09月17日
天津市,天津市,天津档案处理员，双休，8小时，缴纳五险一金,广州海仑企业服务有限公司,天津市·天津市·河东区,学历不限,2,视力残疾1-4级;听力残疾1-4级;言语残疾1-4级;肢体残疾1-4级;智力残疾1-4级;精神残疾1-4级;多重残疾1-4级;,是,见原平台,中国残联就业服务平台（动态接口）,https://www.cdpee.org.cn/,2026年09月17日
河北省,石家庄市,执业中医师,河北万食可方健康管理有限公司,河北省·石家庄市·长安区,大专,,视力残疾1-4级;听力残疾1-4级;言语残疾1-4级;肢体残疾1-4级;智力残疾1-4级;精神残疾1-4级;多重残疾1-4级;,是,见原平台,中国残联就业服务平台（动态接口）,https://www.cdpee.org.cn/,2026年09月13日
黑龙江省,哈尔滨市,家装室内设计师,黑龙江省盛泓装饰工程设计有限公司,黑龙江省·哈尔滨市·道外区,学历不限,,视力残疾1-4级;听力残疾1-4级;言语残疾1-4级;肢体残疾1-4级;智力残疾1-4级;精神残疾1-4级;多重残疾1-4级;,是,见原平台,中国残联就业服务平台（动态接口）,https://www.cdpee.org.cn/,2026年08月30日
云南省,昭通市,艾草加工，种植,云南鑫会盟艾绒制品生产有限公司,云南省·昭通市·巧家县,学历不限,100,视力残疾4级;听力残疾4级;言语残疾4级;肢体残疾4级;智力残疾4级;精神残疾4级;,是,见原平台,中国残联就业服务平台（动态接口）,https://www.cdpee.org.cn/,2026年09月17日
江苏省,宿迁市,食品加工处理,宿迁市宿城区陆小青猪肉批发经营部,江苏省·宿迁市·湖滨新区,小学,100,"视力残疾3,4级;听力残疾3,4级;肢体残疾3,4级;智力残疾4级;多重残疾3,4级;",是,见原平台,中国残联就业服务平台（动态接口）,https://www.cdpee.org.cn/,2026年09月17日
湖南省,株洲市,垃圾清运工,湖南仁仁洁国际清洁科技集团股份有限公司荷塘分公司,湖南省·株洲市·荷塘区,学历不限,1,言语残疾1级;智力残疾1级;,是,见原平台,中国残联就业服务平台（动态接口）,https://www.cdpee.org.cn/,2026年09月17日
江苏省,徐州市,江苏徐州组件工+早八晚六+包吃+五险+坐班,陕西致广人力资源有限公司,江苏省·徐州市·邳州市,学历不限,20,"视力残疾1-4级;听力残疾1-4级;言语残疾1-4级;肢体残疾1-4级;智力残疾3,4级;多重残疾1-4级;",是,见原平台,中国残联就业服务平台（动态接口）,https://www.cdpee.org.cn/,2026年09月17日
广东省,江门市,生产工,江门市霞光照明电器有限公司,广东省·江门市·蓬江区,学历不限,1,听力残疾2-4级;言语残疾2-4级;肢体残疾4级;智力残疾4级;多重残疾4级;,是,见原平台,中国残联就业服务平台（动态接口）,https://www.cdpee.org.cn/,2026年09月17日
广东省,佛山市,外贸销售/海外家居方案销售,深圳市七十二氪数字科技有限公司,广东省·佛山市·禅城区,大专,,视力残疾1-4级;听力残疾1-4级;言语残疾1-4级;肢体残疾1-4级;智力残疾1-4级;精神残疾1-4级;多重残疾1-4级;,是,见原平台,中国残联就业服务平台（动态接口）,https://www.cdpee.org.cn/,2026年08月31日
上海市,上海市,行政助理（上海闵行区）,北京易才人力资源顾问有限公司,上海市·上海市·闵行区,大专,1,视力残疾1-3级;听力残疾1-3级;言语残疾1-3级;肢体残疾1-3级;智力残疾1-3级;精神残疾1-3级;多重残疾1-3级;,是,见原平台,中国残联就业服务平台（动态接口）,https://www.cdpee.org.cn/,2026年08月17日
江苏省,南京市,HR招聘,北京易才人力资源顾问有限公司,江苏省·南京市·建邺区,大专,1,视力残疾1-3级;听力残疾1-3级;言语残疾1-3级;肢体残疾1-3级;智力残疾1-3级;精神残疾1-3级;多重残疾1-3级;,是,见原平台,中国残联就业服务平台（动态接口）,https://www.cdpee.org.cn/,2026年05月22日
四川省,成都市,成都急招（残疾人福利岗）五险一金，长白8小时，高薪技术岗,广州海仑企业服务有限公司,四川省·成都市·锦江区,学历不限,3,视力残疾1-4级;听力残疾1-4级;言语残疾1-4级;肢体残疾1-4级;智力残疾1-4级;精神残疾1-4级;多重残疾1-4级;,是,见原平台,中国残联就业服务平台（动态接口）,https://www.cdpee.org.cn/,2026年09月17日
天津市,天津市,天津档案处理员，双休，8小时，缴纳五险一金,广州海仑企业服务有限公司,天津市·天津市·河东区,学历不限,2,视力残疾1-4级;听力残疾1-4级;言语残疾1-4级;肢体残疾1-4级;智力残疾1-4级;精神残疾1-4级;多重残疾1-4级;,是,见原平台,中国残联就业服务平台（动态接口）,https://www.cdpee.org.cn/,2026年09月17日
河北省,石家庄市,执业中医师,河北万食可方健康管理有限公司,河北省·石家庄市·长安区,大专,,视力残疾1-4级;听力残疾1-4级;言语残疾1-4级;肢体残疾1-4级;智力残疾1-4级;精神残疾1-4级;多重残疾1-4级;,是,见原平台,中国残联就业服务平台（动态接口）,https://www.cdpee.org.cn/,2026年09月13日
黑龙江省,哈尔滨市,家装室内设计师,黑龙江省盛泓装饰工程设计有限公司,黑龙江省·哈尔滨市·道外区,学历不限,,视力残疾1-4级;听力残疾1-4级;言语残疾1-4级;肢体残疾1-4级;智力残疾1-4级;精神残疾1-4级;多重残疾1-4级;,是,见原平台,中国残联就业服务平台（动态接口）,https://www.cdpee.org.cn/,2026年08月30日
云南省,昭通市,艾草加工，种植,云南鑫会盟艾绒制品生产有限公司,云南省·昭通市·巧家县,学历不限,100,视力残疾4级;听力残疾4级;言语残疾4级;肢体残疾4级;智力残疾4级;精神残疾4级;,是,见原平台,中国残联就业服务平台（动态接口）,https://www.cdpee.org.cn/,2026年09月17日
江苏省,宿迁市,食品加工处理,宿迁市宿城区陆小青猪肉批发经营部,江苏省·宿迁市·湖滨新区,小学,100,"视力残疾3,4级;听力残疾3,4级;肢体残疾3,4级;智力残疾4级;多重残疾3,4级;",是,见原平台,中国残联就业服务平台（动态接口）,https://www.cdpee.org.cn/,2026年09月17日
湖南省,株洲市,垃圾清运工,湖南仁仁洁国际清洁科技集团股份有限公司荷塘分公司,湖南省·株洲市·荷塘区,学历不限,1,言语残疾1级;智力残疾1级;,是,见原平台,中国残联就业服务平台（动态接口）,https://www.cdpee.org.cn/,2026年09月17日
江苏省,徐州市,江苏徐州组件工+早八晚六+包吃+五险+坐班,陕西致广人力资源有限公司,江苏省·徐州市·邳州市,学历不限,20,"视力残疾1-4级;听力残疾1-4级;言语残疾1-4级;肢体残疾1-4级;智力残疾3,4级;多重残疾1-4级;",是,见原平台,中国残联就业服务平台（动态接口）,https://www.cdpee.org.cn/,2026年09月17日
广东省,江门市,生产工,江门市霞光照明电器有限公司,广东省·江门市·蓬江区,学历不限,1,听力残疾2-4级;言语残疾2-4级;肢体残疾4级;智力残疾4级;多重残疾4级;,是,见原平台,中国残联就业服务平台（动态接口）,https://www.cdpee.org.cn/,2026年09月17日
广东省,佛山市,外贸销售/海外家居方案销售,深圳市七十二氪数字科技有限公司,广东省·佛山市·禅城区,大专,,视力残疾1-4级;听力残疾1-4级;言语残疾1-4级;肢体残疾1-4级;智力残疾1-4级;精神残疾1-4级;多重残疾1-4级;,是,见原平台,中国残联就业服务平台（动态接口）,https://www.cdpee.org.cn/,2026年08月31日
上海市,上海市,行政助理（上海闵行区）,北京易才人力资源顾问有限公司,上海市·上海市·闵行区,大专,1,视力残疾1-3级;听力残疾1-3级;言语残疾1-3级;肢体残疾1-3级;智力残疾1-3级;精神残疾1-3级;多重残疾1-3级;,是,见原平台,中国残联就业服务平台（动态接口）,https://www.cdpee.org.cn/,2026年08月17日
江苏省,南京市,HR招聘,北京易才人力资源顾问有限公司,江苏省·南京市·建邺区,大专,1,视力残疾1-3级;听力残疾1-3级;言语残疾1-3级;肢体残疾1-3级;智力残疾1-3级;精神残疾1-3级;多重残疾1-3级;,是,见原平台,中国残联就业服务平台（动态接口）,https://www.cdpee.org.cn/,2026年05月22日
四川省,成都市,成都急招（残疾人福利岗）五险一金，长白8小时，高薪技术岗,广州海仑企业服务有限公司,四川省·成都市·锦江区,学历不限,3,视力残疾1-4级;听力残疾1-4级;言语残疾1-4级;肢体残疾1-4级;智力残疾1-4级;精神残疾1-4级;多重残疾1-4级;,是,见原平台,中国残联就业服务平台（动态接口）,https://www.cdpee.org.cn/,2026年09月17日
天津市,天津市,天津档案处理员，双休，8小时，缴纳五险一金,广州海仑企业服务有限公司,天津市·天津市·河东区,学历不限,2,视力残疾1-4级;听力残疾1-4级;言语残疾1-4级;肢体残疾1-4级;智力残疾1-4级;精神残疾1-4级;多重残疾1-4级;,是,见原平台,中国残联就业服务平台（动态接口）,https://www.cdpee.org.cn/,2026年09月17日
河北省,石家庄市,执业中医师,河北万食可方健康管理有限公司,河北省·石家庄市·长安区,大专,,视力残疾1-4级;听力残疾1-4级;言语残疾1-4级;肢体残疾1-4级;智力残疾1-4级;精神残疾1-4级;多重残疾1-4级;,是,见原平台,中国残联就业服务平台（动态接口）,https://www.cdpee.org.cn/,2026年09月13日
黑龙江省,哈尔滨市,家装室内设计师,黑龙江省盛泓装饰工程设计有限公司,黑龙江省·哈尔滨市·道外区,学历不限,,视力残疾1-4级;听力残疾1-4级;言语残疾1-4级;肢体残疾1-4级;智力残疾1-4级;精神残疾1-4级;多重残疾1-4级;,是,见原平台,中国残联就业服务平台（动态接口）,https://www.cdpee.org.cn/,2026年08月30日
云南省,昭通市,艾草加工，种植,云南鑫会盟艾绒制品生产有限公司,云南省·昭通市·巧家县,学历不限,100,视力残疾4级;听力残疾4级;言语残疾4级;肢体残疾4级;智力残疾4级;精神残疾4级;,是,见原平台,中国残联就业服务平台（动态接口）,https://www.cdpee.org.cn/,2026年09月17日
江苏省,宿迁市,食品加工处理,宿迁市宿城区陆小青猪肉批发经营部,江苏省·宿迁市·湖滨新区,小学,100,"视力残疾3,4级;听力残疾3,4级;肢体残疾3,4级;智力残疾4级;多重残疾3,4级;",是,见原平台,中国残联就业服务平台（动态接口）,https://www.cdpee.org.cn/,2026年09月17日
湖南省,株洲市,垃圾清运工,湖南仁仁洁国际清洁科技集团股份有限公司荷塘分公司,湖南省·株洲市·荷塘区,学历不限,1,言语残疾1级;智力残疾1级;,是,见原平台,中国残联就业服务平台（动态接口）,https://www.cdpee.org.cn/,2026年09月17日
江苏省,徐州市,江苏徐州组件工+早八晚六+包吃+五险+坐班,陕西致广人力资源有限公司,江苏省·徐州市·邳州市,学历不限,20,"视力残疾1-4级;听力残疾1-4级;言语残疾1-4级;肢体残疾1-4级;智力残疾3,4级;多重残疾1-4级;",是,见原平台,中国残联就业服务平台（动态接口）,https://www.cdpee.org.cn/,2026年09月17日
广东省,江门市,生产工,江门市霞光照明电器有限公司,广东省·江门市·蓬江区,学历不限,1,听力残疾2-4级;言语残疾2-4级;肢体残疾4级;智力残疾4级;多重残疾4级;,是,见原平台,中国残联就业服务平台（动态接口）,https://www.cdpee.org.cn/,2026年09月17日
广东省,佛山市,外贸销售/海外家居方案销售,深圳市七十二氪数字科技有限公司,广东省·佛山市·禅城区,大专,,视力残疾1-4级;听力残疾1-4级;言语残疾1-4级;肢体残疾1-4级;智力残疾1-4级;精神残疾1-4级;多重残疾1-4级;,是,见原平台,中国残联就业服务平台（动态接口）,https://www.cdpee.org.cn/,2026年08月31日
上海市,上海市,行政助理（上海闵行区）,北京易才人力资源顾问有限公司,上海市·上海市·闵行区,大专,1,视力残疾1-3级;听力残疾1-3级;言语残疾1-3级;肢体残疾1-3级;智力残疾1-3级;精神残疾1-3级;多重残疾1-3级;,是,见原平台,中国残联就业服务平台（动态接口）,https://www.cdpee.org.cn/,2026年08月17日
江苏省,南京市,HR招聘,北京易才人力资源顾问有限公司,江苏省·南京市·建邺区,大专,1,视力残疾1-3级;听力残疾1-3级;言语残疾1-3级;肢体残疾1-3级;智力残疾1-3级;精神残疾1-3级;多重残疾1-3级;,是,见原平台,中国残联就业服务平台（动态接口）,https://www.cdpee.org.cn/,2026年05月22日
四川省,成都市,成都急招（残疾人福利岗）五险一金，长白8小时，高薪技术岗,广州海仑企业服务有限公司,四川省·成都市·锦江区,学历不限,3,视力残疾1-4级;听力残疾1-4级;言语残疾1-4级;肢体残疾1-4级;智力残疾1-4级;精神残疾1-4级;多重残疾1-4级;,是,见原平台,中国残联就业服务平台（动态接口）,https://www.cdpee.org.cn/,2026年09月17日
天津市,天津市,天津档案处理员，双休，8小时，缴纳五险一金,广州海仑企业服务有限公司,天津市·天津市·河东区,学历不限,2,视力残疾1-4级;听力残疾1-4级;言语残疾1-4级;肢体残疾1-4级;智力残疾1-4级;精神残疾1-4级;多重残疾1-4级;,是,见原平台,中国残联就业服务平台（动态接口）,https://www.cdpee.org.cn/,2026年09月17日
河北省,石家庄市,执业中医师,河北万食可方健康管理有限公司,河北省·石家庄市·长安区,大专,,视力残疾1-4级;听力残疾1-4级;言语残疾1-4级;肢体残疾1-4级;智力残疾1-4级;精神残疾1-4级;多重残疾1-4级;,是,见原平台,中国残联就业服务平台（动态接口）,https://www.cdpee.org.cn/,2026年09月13日
黑龙江省,哈尔滨市,家装室内设计师,黑龙江省盛泓装饰工程设计有限公司,黑龙江省·哈尔滨市·道外区,学历不限,,视力残疾1-4级;听力残疾1-4级;言语残疾1-4级;肢体残疾1-4级;智力残疾1-4级;精神残疾1-4级;多重残疾1-4级;,是,见原平台,中国残联就业服务平台（动态接口）,https://www.cdpee.org.cn/,2026年08月30日
云南省,昭通市,艾草加工，种植,云南鑫会盟艾绒制品生产有限公司,云南省·昭通市·巧家县,学历不限,100,视力残疾4级;听力残疾4级;言语残疾4级;肢体残疾4级;智力残疾4级;精神残疾4级;,是,见原平台,中国残联就业服务平台（动态接口）,https://www.cdpee.org.cn/,2026年09月17日
江苏省,宿迁市,食品加工处理,宿迁市宿城区陆小青猪肉批发经营部,江苏省·宿迁市·湖滨新区,小学,100,"视力残疾3,4级;听力残疾3,4级;肢体残疾3,4级;智力残疾4级;多重残疾3,4级;",是,见原平台,中国残联就业服务平台（动态接口）,https://www.cdpee.org.cn/,2026年09月17日
湖南省,株洲市,垃圾清运工,湖南仁仁洁国际清洁科技集团股份有限公司荷塘分公司,湖南省·株洲市·荷塘区,学历不限,1,言语残疾1级;智力残疾1级;,是,见原平台,中国残联就业服务平台（动态接口）,https://www.cdpee.org.cn/,2026年09月17日
江苏省,徐州市,江苏徐州组件工+早八晚六+包吃+五险+坐班,陕西致广人力资源有限公司,江苏省·徐州市·邳州市,学历不限,20,"视力残疾1-4级;听力残疾1-4级;言语残疾1-4级;肢体残疾1-4级;智力残疾3,4级;多重残疾1-4级;",是,见原平台,中国残联就业服务平台（动态接口）,https://www.cdpee.org.cn/,2026年09月17日
广东省,江门市,生产工,江门市霞光照明电器有限公司,广东省·江门市·蓬江区,学历不限,1,听力残疾2-4级;言语残疾2-4级;肢体残疾4级;智力残疾4级;多重残疾4级;,是,见原平台,中国残联就业服务平台（动态接口）,https://www.cdpee.org.cn/,2026年09月17日
广东省,佛山市,外贸销售/海外家居方案销售,深圳市七十二氪数字科技有限公司,广东省·佛山市·禅城区,大专,,视力残疾1-4级;听力残疾1-4级;言语残疾1-4级;肢体残疾1-4级;智力残疾1-4级;精神残疾1-4级;多重残疾1-4级;,是,见原平台,中国残联就业服务平台（动态接口）,https://www.cdpee.org.cn/,2026年08月31日
上海市,上海市,行政助理（上海闵行区）,北京易才人力资源顾问有限公司,上海市·上海市·闵行区,大专,1,视力残疾1-3级;听力残疾1-3级;言语残疾1-3级;肢体残疾1-3级;智力残疾1-3级;精神残疾1-3级;多重残疾1-3级;,是,见原平台,中国残联就业服务平台（动态接口）,https://www.cdpee.org.cn/,2026年08月17日
江苏省,南京市,HR招聘,北京易才人力资源顾问有限公司,江苏省·南京市·建邺区,大专,1,视力残疾1-3级;听力残疾1-3级;言语残疾1-3级;肢体残疾1-3级;智力残疾1-3级;精神残疾1-3级;多重残疾1-3级;,是,见原平台,中国残联就业服务平台（动态接口）,https://www.cdpee.org.cn/,2026年05月22日
四川省,成都市,成都急招（残疾人福利岗）五险一金，长白8小时，高薪技术岗,广州海仑企业服务有限公司,四川省·成都市·锦江区,学历不限,3,视力残疾1-4级;听力残疾1-4级;言语残疾1-4级;肢体残疾1-4级;智力残疾1-4级;精神残疾1-4级;多重残疾1-4级;,是,见原平台,中国残联就业服务平台（动态接口）,https://www.cdpee.org.cn/,2026年09月17日
天津市,天津市,天津档案处理员，双休，8小时，缴纳五险一金,广州海仑企业服务有限公司,天津市·天津市·河东区,学历不限,2,视力残疾1-4级;听力残疾1-4级;言语残疾1-4级;肢体残疾1-4级;智力残疾1-4级;精神残疾1-4级;多重残疾1-4级;,是,见原平台,中国残联就业服务平台（动态接口）,https://www.cdpee.org.cn/,2026年09月17日
河北省,石家庄市,执业中医师,河北万食可方健康管理有限公司,河北省·石家庄市·长安区,大专,,视力残疾1-4级;听力残疾1-4级;言语残疾1-4级;肢体残疾1-4级;智力残疾1-4级;精神残疾1-4级;多重残疾1-4级;,是,见原平台,中国残联就业服务平台（动态接口）,https://www.cdpee.org.cn/,2026年09月13日
黑龙江省,哈尔滨市,家装室内设计师,黑龙江省盛泓装饰工程设计有限公司,黑龙江省·哈尔滨市·道外区,学历不限,,视力残疾1-4级;听力残疾1-4级;言语残疾1-4级;肢体残疾1-4级;智力残疾1-4级;精神残疾1-4级;多重残疾1-4级;,是,见原平台,中国残联就业服务平台（动态接口）,https://www.cdpee.org.cn/,2026年08月30日
云南省,昭通市,艾草加工，种植,云南鑫会盟艾绒制品生产有限公司,云南省·昭通市·巧家县,学历不限,100,视力残疾4级;听力残疾4级;言语残疾4级;肢体残疾4级;智力残疾4级;精神残疾4级;,是,见原平台,中国残联就业服务平台（动态接口）,https://www.cdpee.org.cn/,2026年09月17日
江苏省,宿迁市,食品加工处理,宿迁市宿城区陆小青猪肉批发经营部,江苏省·宿迁市·湖滨新区,小学,100,"视力残疾3,4级;听力残疾3,4级;肢体残疾3,4级;智力残疾4级;多重残疾3,4级;",是,见原平台,中国残联就业服务平台（动态接口）,https://www.cdpee.org.cn/,2026年09月17日
湖南省,株洲市,垃圾清运工,湖南仁仁洁国际清洁科技集团股份有限公司荷塘分公司,湖南省·株洲市·荷塘区,学历不限,1,言语残疾1级;智力残疾1级;,是,见原平台,中国残联就业服务平台（动态接口）,https://www.cdpee.org.cn/,2026年09月17日
江苏省,徐州市,江苏徐州组件工+早八晚六+包吃+五险+坐班,陕西致广人力资源有限公司,江苏省·徐州市·邳州市,学历不限,20,"视力残疾1-4级;听力残疾1-4级;言语残疾1-4级;肢体残疾1-4级;智力残疾3,4级;多重残疾1-4级;",是,见原平台,中国残联就业服务平台（动态接口）,https://www.cdpee.org.cn/,2026年09月17日
广东省,江门市,生产工,江门市霞光照明电器有限公司,广东省·江门市·蓬江区,学历不限,1,听力残疾2-4级;言语残疾2-4级;肢体残疾4级;智力残疾4级;多重残疾4级;,是,见原平台,中国残联就业服务平台（动态接口）,https://www.cdpee.org.cn/,2026年09月17日
上海市,上海市,行政助理（上海闵行区）,北京易才人力资源顾问有限公司,上海市·上海市·闵行区,大专,1,视力残疾1-3级;听力残疾1-3级;言语残疾1-3级;肢体残疾1-3级;智力残疾1-3级;精神残疾1-3级;多重残疾1-3级;,是,见原平台,中国残联就业服务平台（动态接口）,https://www.cdpee.org.cn/,2026年08月17日
江苏省,南京市,HR招聘,北京易才人力资源顾问有限公司,江苏省·南京市·建邺区,大专,1,视力残疾1-3级;听力残疾1-3级;言语残疾1-3级;肢体残疾1-3级;智力残疾1-3级;精神残疾1-3级;多重残疾1-3级;,是,见原平台,中国残联就业服务平台（动态接口）,https://www.cdpee.org.cn/,2026年05月22日
四川省,成都市,成都急招（残疾人福利岗）五险一金，长白8小时，高薪技术岗,广州海仑企业服务有限公司,四川省·成都市·锦江区,学历不限,3,视力残疾1-4级;听力残疾1-4级;言语残疾1-4级;肢体残疾1-4级;智力残疾1-4级;精神残疾1-4级;多重残疾1-4级;,是,见原平台,中国残联就业服务平台（动态接口）,https://www.cdpee.org.cn/,2026年09月17日
天津市,天津市,天津档案处理员，双休，8小时，缴纳五险一金,广州海仑企业服务有限公司,天津市·天津市·河东区,学历不限,2,视力残疾1-4级;听力残疾1-4级;言语残疾1-4级;肢体残疾1-4级;智力残疾1-4级;精神残疾1-4级;多重残疾1-4级;,是,见原平台,中国残联就业服务平台（动态接口）,https://www.cdpee.org.cn/,2026年09月17日
福建省,泉州市,口腔顾问,石狮海丝口腔医院有限公司,福建省·泉州市·晋江市,,,视力残疾1-4级;听力残疾1-4级;言语残疾1-4级;肢体残疾1-4级;智力残疾1-4级;精神残疾1-4级;多重残疾1-4级;,是,见原平台,中国残联就业服务平台（动态接口）,https://www.cdpee.org.cn/,2026年03月20日
河南省,郑州铁路局,中国联通人工客服，坐班，8小时工作,河南正华电讯有限公司,河南省·郑州铁路局,大专,,视力残疾1-4级;听力残疾1-4级;言语残疾1-4级;肢体残疾1-4级;智力残疾1-4级;精神残疾1-4级;多重残疾1-4级;,是,见原平台,中国残联就业服务平台（动态接口）,https://www.cdpee.org.cn/,2026年07月01日
云南省,昭通市,艾草加工，种植,云南鑫会盟艾绒制品生产有限公司,云南省·昭通市·巧家县,学历不限,100,视力残疾4级;听力残疾4级;言语残疾4级;肢体残疾4级;智力残疾4级;精神残疾4级;,是,见原平台,中国残联就业服务平台（动态接口）,https://www.cdpee.org.cn/,2026年09月17日
江苏省,宿迁市,食品加工处理,宿迁市宿城区陆小青猪肉批发经营部,江苏省·宿迁市·湖滨新区,小学,100,"视力残疾3,4级;听力残疾3,4级;肢体残疾3,4级;智力残疾4级;多重残疾3,4级;",是,见原平台,中国残联就业服务平台（动态接口）,https://www.cdpee.org.cn/,2026年09月17日
湖南省,株洲市,垃圾清运工,湖南仁仁洁国际清洁科技集团股份有限公司荷塘分公司,湖南省·株洲市·荷塘区,学历不限,1,言语残疾1级;智力残疾1级;,是,见原平台,中国残联就业服务平台（动态接口）,https://www.cdpee.org.cn/,2026年09月17日
江苏省,徐州市,江苏徐州组件工+早八晚六+包吃+五险+坐班,陕西致广人力资源有限公司,江苏省·徐州市·邳州市,学历不限,20,"视力残疾1-4级;听力残疾1-4级;言语残疾1-4级;肢体残疾1-4级;智力残疾3,4级;多重残疾1-4级;",是,见原平台,中国残联就业服务平台（动态接口）,https://www.cdpee.org.cn/,2026年09月17日
广东省,江门市,生产工,江门市霞光照明电器有限公司,广东省·江门市·蓬江区,学历不限,1,听力残疾2-4级;言语残疾2-4级;肢体残疾4级;智力残疾4级;多重残疾4级;,是,见原平台,中国残联就业服务平台（动态接口）,https://www.cdpee.org.cn/,2026年09月17日
上海市,上海市,行政助理（上海闵行区）,北京易才人力资源顾问有限公司,上海市·上海市·闵行区,大专,1,视力残疾1-3级;听力残疾1-3级;言语残疾1-3级;肢体残疾1-3级;智力残疾1-3级;精神残疾1-3级;多重残疾1-3级;,是,见原平台,中国残联就业服务平台（动态接口）,https://www.cdpee.org.cn/,2026年08月17日
江苏省,南京市,HR招聘,北京易才人力资源顾问有限公司,江苏省·南京市·建邺区,大专,1,视力残疾1-3级;听力残疾1-3级;言语残疾1-3级;肢体残疾1-3级;智力残疾1-3级;精神残疾1-3级;多重残疾1-3级;,是,见原平台,中国残联就业服务平台（动态接口）,https://www.cdpee.org.cn/,2026年05月22日
四川省,成都市,成都急招（残疾人福利岗）五险一金，长白8小时，高薪技术岗,广州海仑企业服务有限公司,四川省·成都市·锦江区,学历不限,3,视力残疾1-4级;听力残疾1-4级;言语残疾1-4级;肢体残疾1-4级;智力残疾1-4级;精神残疾1-4级;多重残疾1-4级;,是,见原平台,中国残联就业服务平台（动态接口）,https://www.cdpee.org.cn/,2026年09月17日
天津市,天津市,天津档案处理员，双休，8小时，缴纳五险一金,广州海仑企业服务有限公司,天津市·天津市·河东区,学历不限,2,视力残疾1-4级;听力残疾1-4级;言语残疾1-4级;肢体残疾1-4级;智力残疾1-4级;精神残疾1-4级;多重残疾1-4级;,是,见原平台,中国残联就业服务平台（动态接口）,https://www.cdpee.org.cn/,2026年09月17日
福建省,泉州市,口腔顾问,石狮海丝口腔医院有限公司,福建省·泉州市·晋江市,,,视力残疾1-4级;听力残疾1-4级;言语残疾1-4级;肢体残疾1-4级;智力残疾1-4级;精神残疾1-4级;多重残疾1-4级;,是,见原平台,中国残联就业服务平台（动态接口）,https://www.cdpee.org.cn/,2026年03月20日
河南省,郑州铁路局,中国联通人工客服，坐班，8小时工作,河南正华电讯有限公司,河南省·郑州铁路局,大专,,视力残疾1-4级;听力残疾1-4级;言语残疾1-4级;肢体残疾1-4级;智力残疾1-4级;精神残疾1-4级;多重残疾1-4级;,是,见原平台,中国残联就业服务平台（动态接口）,https://www.cdpee.org.cn/,2026年07月01日
云南省,昭通市,艾草加工，种植,云南鑫会盟艾绒制品生产有限公司,云南省·昭通市·巧家县,学历不限,100,视力残疾4级;听力残疾4级;言语残疾4级;肢体残疾4级;智力残疾4级;精神残疾4级;,是,见原平台,中国残联就业服务平台（动态接口）,https://www.cdpee.org.cn/,2026年09月17日
江苏省,宿迁市,食品加工处理,宿迁市宿城区陆小青猪肉批发经营部,江苏省·宿迁市·湖滨新区,小学,100,"视力残疾3,4级;听力残疾3,4级;肢体残疾3,4级;智力残疾4级;多重残疾3,4级;",是,见原平台,中国残联就业服务平台（动态接口）,https://www.cdpee.org.cn/,2026年09月17日
湖南省,株洲市,垃圾清运工,湖南仁仁洁国际清洁科技集团股份有限公司荷塘分公司,湖南省·株洲市·荷塘区,学历不限,1,言语残疾1级;智力残疾1级;,是,见原平台,中国残联就业服务平台（动态接口）,https://www.cdpee.org.cn/,2026年09月17日
江苏省,徐州市,江苏徐州组件工+早八晚六+包吃+五险+坐班,陕西致广人力资源有限公司,江苏省·徐州市·邳州市,学历不限,20,"视力残疾1-4级;听力残疾1-4级;言语残疾1-4级;肢体残疾1-4级;智力残疾3,4级;多重残疾1-4级;",是,见原平台,中国残联就业服务平台（动态接口）,https://www.cdpee.org.cn/,2026年09月17日
广东省,江门市,生产工,江门市霞光照明电器有限公司,广东省·江门市·蓬江区,学历不限,1,听力残疾2-4级;言语残疾2-4级;肢体残疾4级;智力残疾4级;多重残疾4级;,是,见原平台,中国残联就业服务平台（动态接口）,https://www.cdpee.org.cn/,2026年09月17日
上海市,上海市,行政助理（上海闵行区）,北京易才人力资源顾问有限公司,上海市·上海市·闵行区,大专,1,视力残疾1-3级;听力残疾1-3级;言语残疾1-3级;肢体残疾1-3级;智力残疾1-3级;精神残疾1-3级;多重残疾1-3级;,是,见原平台,中国残联就业服务平台（动态接口）,https://www.cdpee.org.cn/,2026年08月17日
江苏省,南京市,HR招聘,北京易才人力资源顾问有限公司,江苏省·南京市·建邺区,大专,1,视力残疾1-3级;听力残疾1-3级;言语残疾1-3级;肢体残疾1-3级;智力残疾1-3级;精神残疾1-3级;多重残疾1-3级;,是,见原平台,中国残联就业服务平台（动态接口）,https://www.cdpee.org.cn/,2026年05月22日
四川省,成都市,成都急招（残疾人福利岗）五险一金，长白8小时，高薪技术岗,广州海仑企业服务有限公司,四川省·成都市·锦江区,学历不限,3,视力残疾1-4级;听力残疾1-4级;言语残疾1-4级;肢体残疾1-4级;智力残疾1-4级;精神残疾1-4级;多重残疾1-4级;,是,见原平台,中国残联就业服务平台（动态接口）,https://www.cdpee.org.cn/,2026年09月17日
天津市,天津市,天津档案处理员，双休，8小时，缴纳五险一金,广州海仑企业服务有限公司,天津市·天津市·河东区,学历不限,2,视力残疾1-4级;听力残疾1-4级;言语残疾1-4级;肢体残疾1-4级;智力残疾1-4级;精神残疾1-4级;多重残疾1-4级;,是,见原平台,中国残联就业服务平台（动态接口）,https://www.cdpee.org.cn/,2026年09月17日
福建省,泉州市,口腔顾问,石狮海丝口腔医院有限公司,福建省·泉州市·晋江市,,,视力残疾1-4级;听力残疾1-4级;言语残疾1-4级;肢体残疾1-4级;智力残疾1-4级;精神残疾1-4级;多重残疾1-4级;,是,见原平台,中国残联就业服务平台（动态接口）,https://www.cdpee.org.cn/,2026年03月20日
河南省,郑州铁路局,中国联通人工客服，坐班，8小时工作,河南正华电讯有限公司,河南省·郑州铁路局,大专,,视力残疾1-4级;听力残疾1-4级;言语残疾1-4级;肢体残疾1-4级;智力残疾1-4级;精神残疾1-4级;多重残疾1-4级;,是,见原平台,中国残联就业服务平台（动态接口）,https://www.cdpee.org.cn/,2026年07月01日
云南省,昭通市,艾草加工，种植,云南鑫会盟艾绒制品生产有限公司,云南省·昭通市·巧家县,学历不限,100,视力残疾4级;听力残疾4级;言语残疾4级;肢体残疾4级;智力残疾4级;精神残疾4级;,是,见原平台,中国残联就业服务平台（动态接口）,https://www.cdpee.org.cn/,2026年09月17日
江苏省,宿迁市,食品加工处理,宿迁市宿城区陆小青猪肉批发经营部,江苏省·宿迁市·湖滨新区,小学,100,"视力残疾3,4级;听力残疾3,4级;肢体残疾3,4级;智力残疾4级;多重残疾3,4级;",是,见原平台,中国残联就业服务平台（动态接口）,https://www.cdpee.org.cn/,2026年09月17日
湖南省,株洲市,垃圾清运工,湖南仁仁洁国际清洁科技集团股份有限公司荷塘分公司,湖南省·株洲市·荷塘区,学历不限,1,言语残疾1级;智力残疾1级;,是,见原平台,中国残联就业服务平台（动态接口）,https://www.cdpee.org.cn/,2026年09月17日
江苏省,徐州市,江苏徐州组件工+早八晚六+包吃+五险+坐班,陕西致广人力资源有限公司,江苏省·徐州市·邳州市,学历不限,20,"视力残疾1-4级;听力残疾1-4级;言语残疾1-4级;肢体残疾1-4级;智力残疾3,4级;多重残疾1-4级;",是,见原平台,中国残联就业服务平台（动态接口）,https://www.cdpee.org.cn/,2026年09月17日
广东省,江门市,生产工,江门市霞光照明电器有限公司,广东省·江门市·蓬江区,学历不限,1,听力残疾2-4级;言语残疾2-4级;肢体残疾4级;智力残疾4级;多重残疾4级;,是,见原平台,中国残联就业服务平台（动态接口）,https://www.cdpee.org.cn/,2026年09月17日
上海市,上海市,行政助理（上海闵行区）,北京易才人力资源顾问有限公司,上海市·上海市·闵行区,大专,1,视力残疾1-3级;听力残疾1-3级;言语残疾1-3级;肢体残疾1-3级;智力残疾1-3级;精神残疾1-3级;多重残疾1-3级;,是,见原平台,中国残联就业服务平台（动态接口）,https://www.cdpee.org.cn/,2026年08月17日
江苏省,南京市,HR招聘,北京易才人力资源顾问有限公司,江苏省·南京市·建邺区,大专,1,视力残疾1-3级;听力残疾1-3级;言语残疾1-3级;肢体残疾1-3级;智力残疾1-3级;精神残疾1-3级;多重残疾1-3级;,是,见原平台,中国残联就业服务平台（动态接口）,https://www.cdpee.org.cn/,2026年05月22日
四川省,成都市,成都急招（残疾人福利岗）五险一金，长白8小时，高薪技术岗,广州海仑企业服务有限公司,四川省·成都市·锦江区,学历不限,3,视力残疾1-4级;听力残疾1-4级;言语残疾1-4级;肢体残疾1-4级;智力残疾1-4级;精神残疾1-4级;多重残疾1-4级;,是,见原平台,中国残联就业服务平台（动态接口）,https://www.cdpee.org.cn/,2026年09月17日
天津市,天津市,天津档案处理员，双休，8小时，缴纳五险一金,广州海仑企业服务有限公司,天津市·天津市·河东区,学历不限,2,视力残疾1-4级;听力残疾1-4级;言语残疾1-4级;肢体残疾1-4级;智力残疾1-4级;精神残疾1-4级;多重残疾1-4级;,是,见原平台,中国残联就业服务平台（动态接口）,https://www.cdpee.org.cn/,2026年09月17日
福建省,泉州市,口腔顾问,石狮海丝口腔医院有限公司,福建省·泉州市·晋江市,,,视力残疾1-4级;听力残疾1-4级;言语残疾1-4级;肢体残疾1-4级;智力残疾1-4级;精神残疾1-4级;多重残疾1-4级;,是,见原平台,中国残联就业服务平台（动态接口）,https://www.cdpee.org.cn/,2026年03月20日
河南省,郑州铁路局,中国联通人工客服，坐班，8小时工作,河南正华电讯有限公司,河南省·郑州铁路局,大专,,视力残疾1-4级;听力残疾1-4级;言语残疾1-4级;肢体残疾1-4级;智力残疾1-4级;精神残疾1-4级;多重残疾1-4级;,是,见原平台,中国残联就业服务平台（动态接口）,https://www.cdpee.org.cn/,2026年07月01日
云南省,昭通市,艾草加工，种植,云南鑫会盟艾绒制品生产有限公司,云南省·昭通市·巧家县,学历不限,100,视力残疾4级;听力残疾4级;言语残疾4级;肢体残疾4级;智力残疾4级;精神残疾4级;,是,见原平台,中国残联就业服务平台（动态接口）,https://www.cdpee.org.cn/,2026年09月17日
江苏省,宿迁市,食品加工处理,宿迁市宿城区陆小青猪肉批发经营部,江苏省·宿迁市·湖滨新区,小学,100,"视力残疾3,4级;听力残疾3,4级;肢体残疾3,4级;智力残疾4级;多重残疾3,4级;",是,见原平台,中国残联就业服务平台（动态接口）,https://www.cdpee.org.cn/,2026年09月17日
湖南省,株洲市,垃圾清运工,湖南仁仁洁国际清洁科技集团股份有限公司荷塘分公司,湖南省·株洲市·荷塘区,学历不限,1,言语残疾1级;智力残疾1级;,是,见原平台,中国残联就业服务平台（动态接口）,https://www.cdpee.org.cn/,2026年09月17日
江苏省,徐州市,江苏徐州组件工+早八晚六+包吃+五险+坐班,陕西致广人力资源有限公司,江苏省·徐州市·邳州市,学历不限,20,"视力残疾1-4级;听力残疾1-4级;言语残疾1-4级;肢体残疾1-4级;智力残疾3,4级;多重残疾1-4级;",是,见原平台,中国残联就业服务平台（动态接口）,https://www.cdpee.org.cn/,2026年09月17日
广东省,江门市,生产工,江门市霞光照明电器有限公司,广东省·江门市·蓬江区,学历不限,1,听力残疾2-4级;言语残疾2-4级;肢体残疾4级;智力残疾4级;多重残疾4级;,是,见原平台,中国残联就业服务平台（动态接口）,https://www.cdpee.org.cn/,2026年09月17日
上海市,上海市,行政助理（上海闵行区）,北京易才人力资源顾问有限公司,上海市·上海市·闵行区,大专,1,视力残疾1-3级;听力残疾1-3级;言语残疾1-3级;肢体残疾1-3级;智力残疾1-3级;精神残疾1-3级;多重残疾1-3级;,是,见原平台,中国残联就业服务平台（动态接口）,https://www.cdpee.org.cn/,2026年08月17日
江苏省,南京市,HR招聘,北京易才人力资源顾问有限公司,江苏省·南京市·建邺区,大专,1,视力残疾1-3级;听力残疾1-3级;言语残疾1-3级;肢体残疾1-3级;智力残疾1-3级;精神残疾1-3级;多重残疾1-3级;,是,见原平台,中国残联就业服务平台（动态接口）,https://www.cdpee.org.cn/,2026年05月22日
四川省,成都市,成都急招（残疾人福利岗）五险一金，长白8小时，高薪技术岗,广州海仑企业服务有限公司,四川省·成都市·锦江区,学历不限,3,视力残疾1-4级;听力残疾1-4级;言语残疾1-4级;肢体残疾1-4级;智力残疾1-4级;精神残疾1-4级;多重残疾1-4级;,是,见原平台,中国残联就业服务平台（动态接口）,https://www.cdpee.org.cn/,2026年09月17日
天津市,天津市,天津档案处理员，双休，8小时，缴纳五险一金,广州海仑企业服务有限公司,天津市·天津市·河东区,学历不限,2,视力残疾1-4级;听力残疾1-4级;言语残疾1-4级;肢体残疾1-4级;智力残疾1-4级;精神残疾1-4级;多重残疾1-4级;,是,见原平台,中国残联就业服务平台（动态接口）,https://www.cdpee.org.cn/,2026年09月17日
福建省,泉州市,口腔顾问,石狮海丝口腔医院有限公司,福建省·泉州市·晋江市,,,视力残疾1-4级;听力残疾1-4级;言语残疾1-4级;肢体残疾1-4级;智力残疾1-4级;精神残疾1-4级;多重残疾1-4级;,是,见原平台,中国残联就业服务平台（动态接口）,https://www.cdpee.org.cn/,2026年03月20日
河南省,郑州铁路局,中国联通人工客服，坐班，8小时工作,河南正华电讯有限公司,河南省·郑州铁路局,大专,,视力残疾1-4级;听力残疾1-4级;言语残疾1-4级;肢体残疾1-4级;智力残疾1-4级;精神残疾1-4级;多重残疾1-4级;,是,见原平台,中国残联就业服务平台（动态接口）,https://www.cdpee.org.cn/,2026年07月01日
云南省,昭通市,艾草加工，种植,云南鑫会盟艾绒制品生产有限公司,云南省·昭通市·巧家县,学历不限,100,视力残疾4级;听力残疾4级;言语残疾4级;肢体残疾4级;智力残疾4级;精神残疾4级;,是,见原平台,中国残联就业服务平台（动态接口）,https://www.cdpee.org.cn/,2026年09月17日
江苏省,宿迁市,食品加工处理,宿迁市宿城区陆小青猪肉批发经营部,江苏省·宿迁市·湖滨新区,小学,100,"视力残疾3,4级;听力残疾3,4级;肢体残疾3,4级;智力残疾4级;多重残疾3,4级;",是,见原平台,中国残联就业服务平台（动态接口）,https://www.cdpee.org.cn/,2026年09月17日
湖南省,株洲市,垃圾清运工,湖南仁仁洁国际清洁科技集团股份有限公司荷塘分公司,湖南省·株洲市·荷塘区,学历不限,1,言语残疾1级;智力残疾1级;,是,见原平台,中国残联就业服务平台（动态接口）,https://www.cdpee.org.cn/,2026年09月17日
江苏省,徐州市,江苏徐州组件工+早八晚六+包吃+五险+坐班,陕西致广人力资源有限公司,江苏省·徐州市·邳州市,学历不限,20,"视力残疾1-4级;听力残疾1-4级;言语残疾1-4级;肢体残疾1-4级;智力残疾3,4级;多重残疾1-4级;",是,见原平台,中国残联就业服务平台（动态接口）,https://www.cdpee.org.cn/,2026年09月17日
广东省,江门市,生产工,江门市霞光照明电器有限公司,广东省·江门市·蓬江区,学历不限,1,听力残疾2-4级;言语残疾2-4级;肢体残疾4级;智力残疾4级;多重残疾4级;,是,见原平台,中国残联就业服务平台（动态接口）,https://www.cdpee.org.cn/,2026年09月17日
上海市,上海市,行政助理（上海闵行区）,北京易才人力资源顾问有限公司,上海市·上海市·闵行区,大专,1,视力残疾1-3级;听力残疾1-3级;言语残疾1-3级;肢体残疾1-3级;智力残疾1-3级;精神残疾1-3级;多重残疾1-3级;,是,见原平台,中国残联就业服务平台（动态接口）,https://www.cdpee.org.cn/,2026年08月17日
江苏省,南京市,HR招聘,北京易才人力资源顾问有限公司,江苏省·南京市·建邺区,大专,1,视力残疾1-3级;听力残疾1-3级;言语残疾1-3级;肢体残疾1-3级;智力残疾1-3级;精神残疾1-3级;多重残疾1-3级;,是,见原平台,中国残联就业服务平台（动态接口）,https://www.cdpee.org.cn/,2026年05月22日
四川省,成都市,成都急招（残疾人福利岗）五险一金，长白8小时，高薪技术岗,广州海仑企业服务有限公司,四川省·成都市·锦江区,学历不限,3,视力残疾1-4级;听力残疾1-4级;言语残疾1-4级;肢体残疾1-4级;智力残疾1-4级;精神残疾1-4级;多重残疾1-4级;,是,见原平台,中国残联就业服务平台（动态接口）,https://www.cdpee.org.cn/,2026年09月17日
天津市,天津市,天津档案处理员，双休，8小时，缴纳五险一金,广州海仑企业服务有限公司,天津市·天津市·河东区,学历不限,2,视力残疾1-4级;听力残疾1-4级;言语残疾1-4级;肢体残疾1-4级;智力残疾1-4级;精神残疾1-4级;多重残疾1-4级;,是,见原平台,中国残联就业服务平台（动态接口）,https://www.cdpee.org.cn/,2026年09月17日
福建省,泉州市,口腔顾问,石狮海丝口腔医院有限公司,福建省·泉州市·晋江市,,,视力残疾1-4级;听力残疾1-4级;言语残疾1-4级;肢体残疾1-4级;智力残疾1-4级;精神残疾1-4级;多重残疾1-4级;,是,见原平台,中国残联就业服务平台（动态接口）,https://www.cdpee.org.cn/,2026年03月20日
河南省,郑州铁路局,中国联通人工客服，坐班，8小时工作,河南正华电讯有限公司,河南省·郑州铁路局,大专,,视力残疾1-4级;听力残疾1-4级;言语残疾1-4级;肢体残疾1-4级;智力残疾1-4级;精神残疾1-4级;多重残疾1-4级;,是,见原平台,中国残联就业服务平台（动态接口）,https://www.cdpee.org.cn/,2026年07月01日
云南省,昭通市,艾草加工，种植,云南鑫会盟艾绒制品生产有限公司,云南省·昭通市·巧家县,学历不限,100,视力残疾4级;听力残疾4级;言语残疾4级;肢体残疾4级;智力残疾4级;精神残疾4级;,是,见原平台,中国残联就业服务平台（动态接口）,https://www.cdpee.org.cn/,2026年09月17日
江苏省,宿迁市,食品加工处理,宿迁市宿城区陆小青猪肉批发经营部,江苏省·宿迁市·湖滨新区,小学,100,"视力残疾3,4级;听力残疾3,4级;肢体残疾3,4级;智力残疾4级;多重残疾3,4级;",是,见原平台,中国残联就业服务平台（动态接口）,https://www.cdpee.org.cn/,2026年09月17日
湖南省,株洲市,垃圾清运工,湖南仁仁洁国际清洁科技集团股份有限公司荷塘分公司,湖南省·株洲市·荷塘区,学历不限,1,言语残疾1级;智力残疾1级;,是,见原平台,中国残联就业服务平台（动态接口）,https://www.cdpee.org.cn/,2026年09月17日
江苏省,徐州市,江苏徐州组件工+早八晚六+包吃+五险+坐班,陕西致广人力资源有限公司,江苏省·徐州市·邳州市,学历不限,20,"视力残疾1-4级;听力残疾1-4级;言语残疾1-4级;肢体残疾1-4级;智力残疾3,4级;多重残疾1-4级;",是,见原平台,中国残联就业服务平台（动态接口）,https://www.cdpee.org.cn/,2026年09月17日
广东省,江门市,生产工,江门市霞光照明电器有限公司,广东省·江门市·蓬江区,学历不限,1,听力残疾2-4级;言语残疾2-4级;肢体残疾4级;智力残疾4级;多重残疾4级;,是,见原平台,中国残联就业服务平台（动态接口）,https://www.cdpee.org.cn/,2026年09月17日
上海市,上海市,行政助理（上海闵行区）,北京易才人力资源顾问有限公司,上海市·上海市·闵行区,大专,1,视力残疾1-3级;听力残疾1-3级;言语残疾1-3级;肢体残疾1-3级;智力残疾1-3级;精神残疾1-3级;多重残疾1-3级;,是,见原平台,中国残联就业服务平台（动态接口）,https://www.cdpee.org.cn/,2026年08月17日
江苏省,南京市,HR招聘,北京易才人力资源顾问有限公司,江苏省·南京市·建邺区,大专,1,视力残疾1-3级;听力残疾1-3级;言语残疾1-3级;肢体残疾1-3级;智力残疾1-3级;精神残疾1-3级;多重残疾1-3级;,是,见原平台,中国残联就业服务平台（动态接口）,https://www.cdpee.org.cn/,2026年05月22日
四川省,成都市,成都急招（残疾人福利岗）五险一金，长白8小时，高薪技术岗,广州海仑企业服务有限公司,四川省·成都市·锦江区,学历不限,3,视力残疾1-4级;听力残疾1-4级;言语残疾1-4级;肢体残疾1-4级;智力残疾1-4级;精神残疾1-4级;多重残疾1-4级;,是,见原平台,中国残联就业服务平台（动态接口）,https://www.cdpee.org.cn/,2026年09月17日
天津市,天津市,天津档案处理员，双休，8小时，缴纳五险一金,广州海仑企业服务有限公司,天津市·天津市·河东区,学历不限,2,视力残疾1-4级;听力残疾1-4级;言语残疾1-4级;肢体残疾1-4级;智力残疾1-4级;精神残疾1-4级;多重残疾1-4级;,是,见原平台,中国残联就业服务平台（动态接口）,https://www.cdpee.org.cn/,2026年09月17日
福建省,泉州市,口腔顾问,石狮海丝口腔医院有限公司,福建省·泉州市·晋江市,,,视力残疾1-4级;听力残疾1-4级;言语残疾1-4级;肢体残疾1-4级;智力残疾1-4级;精神残疾1-4级;多重残疾1-4级;,是,见原平台,中国残联就业服务平台（动态接口）,https://www.cdpee.org.cn/,2026年03月20日
河南省,郑州铁路局,中国联通人工客服，坐班，8小时工作,河南正华电讯有限公司,河南省·郑州铁路局,大专,,视力残疾1-4级;听力残疾1-4级;言语残疾1-4级;肢体残疾1-4级;智力残疾1-4级;精神残疾1-4级;多重残疾1-4级;,是,见原平台,中国残联就业服务平台（动态接口）,https://www.cdpee.org.cn/,2026年07月01日
云南省,昭通市,艾草加工，种植,云南鑫会盟艾绒制品生产有限公司,云南省·昭通市·巧家县,学历不限,100,视力残疾4级;听力残疾4级;言语残疾4级;肢体残疾4级;智力残疾4级;精神残疾4级;,是,见原平台,中国残联就业服务平台（动态接口）,https://www.cdpee.org.cn/,2026年09月17日
江苏省,宿迁市,食品加工处理,宿迁市宿城区陆小青猪肉批发经营部,江苏省·宿迁市·湖滨新区,小学,100,"视力残疾3,4级;听力残疾3,4级;肢体残疾3,4级;智力残疾4级;多重残疾3,4级;",是,见原平台,中国残联就业服务平台（动态接口）,https://www.cdpee.org.cn/,2026年09月17日
湖南省,株洲市,垃圾清运工,湖南仁仁洁国际清洁科技集团股份有限公司荷塘分公司,湖南省·株洲市·荷塘区,学历不限,1,言语残疾1级;智力残疾1级;,是,见原平台,中国残联就业服务平台（动态接口）,https://www.cdpee.org.cn/,2026年09月17日
江苏省,徐州市,江苏徐州组件工+早八晚六+包吃+五险+坐班,陕西致广人力资源有限公司,江苏省·徐州市·邳州市,学历不限,20,"视力残疾1-4级;听力残疾1-4级;言语残疾1-4级;肢体残疾1-4级;智力残疾3,4级;多重残疾1-4级;",是,见原平台,中国残联就业服务平台（动态接口）,https://www.cdpee.org.cn/,2026年09月17日
广东省,江门市,生产工,江门市霞光照明电器有限公司,广东省·江门市·蓬江区,学历不限,1,听力残疾2-4级;言语残疾2-4级;肢体残疾4级;智力残疾4级;多重残疾4级;,是,见原平台,中国残联就业服务平台（动态接口）,https://www.cdpee.org.cn/,2026年09月17日
上海市,上海市,行政助理（上海闵行区）,北京易才人力资源顾问有限公司,上海市·上海市·闵行区,大专,1,视力残疾1-3级;听力残疾1-3级;言语残疾1-3级;肢体残疾1-3级;智力残疾1-3级;精神残疾1-3级;多重残疾1-3级;,是,见原平台,中国残联就业服务平台（动态接口）,https://www.cdpee.org.cn/,2026年08月17日
江苏省,南京市,HR招聘,北京易才人力资源顾问有限公司,江苏省·南京市·建邺区,大专,1,视力残疾1-3级;听力残疾1-3级;言语残疾1-3级;肢体残疾1-3级;智力残疾1-3级;精神残疾1-3级;多重残疾1-3级;,是,见原平台,中国残联就业服务平台（动态接口）,https://www.cdpee.org.cn/,2026年05月22日
四川省,成都市,成都急招（残疾人福利岗）五险一金，长白8小时，高薪技术岗,广州海仑企业服务有限公司,四川省·成都市·锦江区,学历不限,3,视力残疾1-4级;听力残疾1-4级;言语残疾1-4级;肢体残疾1-4级;智力残疾1-4级;精神残疾1-4级;多重残疾1-4级;,是,见原平台,中国残联就业服务平台（动态接口）,https://www.cdpee.org.cn/,2026年09月17日
天津市,天津市,天津档案处理员，双休，8小时，缴纳五险一金,广州海仑企业服务有限公司,天津市·天津市·河东区,学历不限,2,视力残疾1-4级;听力残疾1-4级;言语残疾1-4级;肢体残疾1-4级;智力残疾1-4级;精神残疾1-4级;多重残疾1-4级;,是,见原平台,中国残联就业服务平台（动态接口）,https://www.cdpee.org.cn/,2026年09月17日
福建省,泉州市,口腔顾问,石狮海丝口腔医院有限公司,福建省·泉州市·晋江市,,,视力残疾1-4级;听力残疾1-4级;言语残疾1-4级;肢体残疾1-4级;智力残疾1-4级;精神残疾1-4级;多重残疾1-4级;,是,见原平台,中国残联就业服务平台（动态接口）,https://www.cdpee.org.cn/,2026年03月20日
河南省,郑州铁路局,中国联通人工客服，坐班，8小时工作,河南正华电讯有限公司,河南省·郑州铁路局,大专,,视力残疾1-4级;听力残疾1-4级;言语残疾1-4级;肢体残疾1-4级;智力残疾1-4级;精神残疾1-4级;多重残疾1-4级;,是,见原平台,中国残联就业服务平台（动态接口）,https://www.cdpee.org.cn/,2026年07月01日
云南省,昭通市,艾草加工，种植,云南鑫会盟艾绒制品生产有限公司,云南省·昭通市·巧家县,学历不限,100,视力残疾4级;听力残疾4级;言语残疾4级;肢体残疾4级;智力残疾4级;精神残疾4级;,是,见原平台,中国残联就业服务平台（动态接口）,https://www.cdpee.org.cn/,2026年09月17日
江苏省,宿迁市,食品加工处理,宿迁市宿城区陆小青猪肉批发经营部,江苏省·宿迁市·湖滨新区,小学,100,"视力残疾3,4级;听力残疾3,4级;肢体残疾3,4级;智力残疾4级;多重残疾3,4级;",是,见原平台,中国残联就业服务平台（动态接口）,https://www.cdpee.org.cn/,2026年09月17日
湖南省,株洲市,垃圾清运工,湖南仁仁洁国际清洁科技集团股份有限公司荷塘分公司,湖南省·株洲市·荷塘区,学历不限,1,言语残疾1级;智力残疾1级;,是,见原平台,中国残联就业服务平台（动态接口）,https://www.cdpee.org.cn/,2026年09月17日
江苏省,徐州市,江苏徐州组件工+早八晚六+包吃+五险+坐班,陕西致广人力资源有限公司,江苏省·徐州市·邳州市,学历不限,20,"视力残疾1-4级;听力残疾1-4级;言语残疾1-4级;肢体残疾1-4级;智力残疾3,4级;多重残疾1-4级;",是,见原平台,中国残联就业服务平台（动态接口）,https://www.cdpee.org.cn/,2026年09月17日
广东省,江门市,生产工,江门市霞光照明电器有限公司,广东省·江门市·蓬江区,学历不限,1,听力残疾2-4级;言语残疾2-4级;肢体残疾4级;智力残疾4级;多重残疾4级;,是,见原平台,中国残联就业服务平台（动态接口）,https://www.cdpee.org.cn/,2026年09月17日
上海市,上海市,行政助理（上海闵行区）,北京易才人力资源顾问有限公司,上海市·上海市·闵行区,大专,1,视力残疾1-3级;听力残疾1-3级;言语残疾1-3级;肢体残疾1-3级;智力残疾1-3级;精神残疾1-3级;多重残疾1-3级;,是,见原平台,中国残联就业服务平台（动态接口）,https://www.cdpee.org.cn/,2026年08月17日
江苏省,南京市,HR招聘,北京易才人力资源顾问有限公司,江苏省·南京市·建邺区,大专,1,视力残疾1-3级;听力残疾1-3级;言语残疾1-3级;肢体残疾1-3级;智力残疾1-3级;精神残疾1-3级;多重残疾1-3级;,是,见原平台,中国残联就业服务平台（动态接口）,https://www.cdpee.org.cn/,2026年05月22日
四川省,成都市,成都急招（残疾人福利岗）五险一金，长白8小时，高薪技术岗,广州海仑企业服务有限公司,四川省·成都市·锦江区,学历不限,3,视力残疾1-4级;听力残疾1-4级;言语残疾1-4级;肢体残疾1-4级;智力残疾1-4级;精神残疾1-4级;多重残疾1-4级;,是,见原平台,中国残联就业服务平台（动态接口）,https://www.cdpee.org.cn/,2026年09月17日
天津市,天津市,天津档案处理员，双休，8小时，缴纳五险一金,广州海仑企业服务有限公司,天津市·天津市·河东区,学历不限,2,视力残疾1-4级;听力残疾1-4级;言语残疾1-4级;肢体残疾1-4级;智力残疾1-4级;精神残疾1-4级;多重残疾1-4级;,是,见原平台,中国残联就业服务平台（动态接口）,https://www.cdpee.org.cn/,2026年09月17日
福建省,泉州市,口腔顾问,石狮海丝口腔医院有限公司,福建省·泉州市·晋江市,,,视力残疾1-4级;听力残疾1-4级;言语残疾1-4级;肢体残疾1-4级;智力残疾1-4级;精神残疾1-4级;多重残疾1-4级;,是,见原平台,中国残联就业服务平台（动态接口）,https://www.cdpee.org.cn/,2026年03月20日
河南省,郑州铁路局,中国联通人工客服，坐班，8小时工作,河南正华电讯有限公司,河南省·郑州铁路局,大专,,视力残疾1-4级;听力残疾1-4级;言语残疾1-4级;肢体残疾1-4级;智力残疾1-4级;精神残疾1-4级;多重残疾1-4级;,是,见原平台,中国残联就业服务平台（动态接口）,https://www.cdpee.org.cn/,2026年07月01日
云南省,昭通市,艾草加工，种植,云南鑫会盟艾绒制品生产有限公司,云南省·昭通市·巧家县,学历不限,100,视力残疾4级;听力残疾4级;言语残疾4级;肢体残疾4级;智力残疾4级;精神残疾4级;,是,见原平台,中国残联就业服务平台（动态接口）,https://www.cdpee.org.cn/,2026年09月17日
江苏省,宿迁市,食品加工处理,宿迁市宿城区陆小青猪肉批发经营部,江苏省·宿迁市·湖滨新区,小学,100,"视力残疾3,4级;听力残疾3,4级;肢体残疾3,4级;智力残疾4级;多重残疾3,4级;",是,见原平台,中国残联就业服务平台（动态接口）,https://www.cdpee.org.cn/,2026年09月17日
湖南省,株洲市,垃圾清运工,湖南仁仁洁国际清洁科技集团股份有限公司荷塘分公司,湖南省·株洲市·荷塘区,学历不限,1,言语残疾1级;智力残疾1级;,是,见原平台,中国残联就业服务平台（动态接口）,https://www.cdpee.org.cn/,2026年09月17日
江苏省,徐州市,江苏徐州组件工+早八晚六+包吃+五险+坐班,陕西致广人力资源有限公司,江苏省·徐州市·邳州市,学历不限,20,"视力残疾1-4级;听力残疾1-4级;言语残疾1-4级;肢体残疾1-4级;智力残疾3,4级;多重残疾1-4级;",是,见原平台,中国残联就业服务平台（动态接口）,https://www.cdpee.org.cn/,2026年09月17日
广东省,江门市,生产工,江门市霞光照明电器有限公司,广东省·江门市·蓬江区,学历不限,1,听力残疾2-4级;言语残疾2-4级;肢体残疾4级;智力残疾4级;多重残疾4级;,是,见原平台,中国残联就业服务平台（动态接口）,https://www.cdpee.org.cn/,2026年09月17日
上海市,上海市,行政助理（上海闵行区）,北京易才人力资源顾问有限公司,上海市·上海市·闵行区,大专,1,视力残疾1-3级;听力残疾1-3级;言语残疾1-3级;肢体残疾1-3级;智力残疾1-3级;精神残疾1-3级;多重残疾1-3级;,是,见原平台,中国残联就业服务平台（动态接口）,https://www.cdpee.org.cn/,2026年08月17日
江苏省,南京市,HR招聘,北京易才人力资源顾问有限公司,江苏省·南京市·建邺区,大专,1,视力残疾1-3级;听力残疾1-3级;言语残疾1-3级;肢体残疾1-3级;智力残疾1-3级;精神残疾1-3级;多重残疾1-3级;,是,见原平台,中国残联就业服务平台（动态接口）,https://www.cdpee.org.cn/,2026年05月22日
四川省,成都市,成都急招（残疾人福利岗）五险一金，长白8小时，高薪技术岗,广州海仑企业服务有限公司,四川省·成都市·锦江区,学历不限,3,视力残疾1-4级;听力残疾1-4级;言语残疾1-4级;肢体残疾1-4级;智力残疾1-4级;精神残疾1-4级;多重残疾1-4级;,是,见原平台,中国残联就业服务平台（动态接口）,https://www.cdpee.org.cn/,2026年09月17日
天津市,天津市,天津档案处理员，双休，8小时，缴纳五险一金,广州海仑企业服务有限公司,天津市·天津市·河东区,学历不限,2,视力残疾1-4级;听力残疾1-4级;言语残疾1-4级;肢体残疾1-4级;智力残疾1-4级;精神残疾1-4级;多重残疾1-4级;,是,见原平台,中国残联就业服务平台（动态接口）,https://www.cdpee.org.cn/,2026年09月17日
福建省,泉州市,口腔顾问,石狮海丝口腔医院有限公司,福建省·泉州市·晋江市,,,视力残疾1-4级;听力残疾1-4级;言语残疾1-4级;肢体残疾1-4级;智力残疾1-4级;精神残疾1-4级;多重残疾1-4级;,是,见原平台,中国残联就业服务平台（动态接口）,https://www.cdpee.org.cn/,2026年03月20日
河南省,郑州铁路局,中国联通人工客服，坐班，8小时工作,河南正华电讯有限公司,河南省·郑州铁路局,大专,,视力残疾1-4级;听力残疾1-4级;言语残疾1-4级;肢体残疾1-4级;智力残疾1-4级;精神残疾1-4级;多重残疾1-4级;,是,见原平台,中国残联就业服务平台（动态接口）,https://www.cdpee.org.cn/,2026年07月01日
云南省,昭通市,艾草加工，种植,云南鑫会盟艾绒制品生产有限公司,云南省·昭通市·巧家县,学历不限,100,视力残疾4级;听力残疾4级;言语残疾4级;肢体残疾4级;智力残疾4级;精神残疾4级;,是,见原平台,中国残联就业服务平台（动态接口）,https://www.cdpee.org.cn/,2026年09月17日
江苏省,宿迁市,食品加工处理,宿迁市宿城区陆小青猪肉批发经营部,江苏省·宿迁市·湖滨新区,小学,100,"视力残疾3,4级;听力残疾3,4级;肢体残疾3,4级;智力残疾4级;多重残疾3,4级;",是,见原平台,中国残联就业服务平台（动态接口）,https://www.cdpee.org.cn/,2026年09月17日
湖南省,株洲市,垃圾清运工,湖南仁仁洁国际清洁科技集团股份有限公司荷塘分公司,湖南省·株洲市·荷塘区,学历不限,1,言语残疾1级;智力残疾1级;,是,见原平台,中国残联就业服务平台（动态接口）,https://www.cdpee.org.cn/,2026年09月17日
江苏省,徐州市,江苏徐州组件工+早八晚六+包吃+五险+坐班,陕西致广人力资源有限公司,江苏省·徐州市·邳州市,学历不限,20,"视力残疾1-4级;听力残疾1-4级;言语残疾1-4级;肢体残疾1-4级;智力残疾3,4级;多重残疾1-4级;",是,见原平台,中国残联就业服务平台（动态接口）,https://www.cdpee.org.cn/,2026年09月17日
广东省,江门市,生产工,江门市霞光照明电器有限公司,广东省·江门市·蓬江区,学历不限,1,听力残疾2-4级;言语残疾2-4级;肢体残疾4级;智力残疾4级;多重残疾4级;,是,见原平台,中国残联就业服务平台（动态接口）,https://www.cdpee.org.cn/,2026年09月17日
上海市,上海市,行政助理（上海闵行区）,北京易才人力资源顾问有限公司,上海市·上海市·闵行区,大专,1,视力残疾1-3级;听力残疾1-3级;言语残疾1-3级;肢体残疾1-3级;智力残疾1-3级;精神残疾1-3级;多重残疾1-3级;,是,见原平台,中国残联就业服务平台（动态接口）,https://www.cdpee.org.cn/,2026年08月17日
江苏省,南京市,HR招聘,北京易才人力资源顾问有限公司,江苏省·南京市·建邺区,大专,1,视力残疾1-3级;听力残疾1-3级;言语残疾1-3级;肢体残疾1-3级;智力残疾1-3级;精神残疾1-3级;多重残疾1-3级;,是,见原平台,中国残联就业服务平台（动态接口）,https://www.cdpee.org.cn/,2026年05月22日
四川省,成都市,成都急招（残疾人福利岗）五险一金，长白8小时，高薪技术岗,广州海仑企业服务有限公司,四川省·成都市·锦江区,学历不限,3,视力残疾1-4级;听力残疾1-4级;言语残疾1-4级;肢体残疾1-4级;智力残疾1-4级;精神残疾1-4级;多重残疾1-4级;,是,见原平台,中国残联就业服务平台（动态接口）,https://www.cdpee.org.cn/,2026年09月17日
天津市,天津市,天津档案处理员，双休，8小时，缴纳五险一金,广州海仑企业服务有限公司,天津市·天津市·河东区,学历不限,2,视力残疾1-4级;听力残疾1-4级;言语残疾1-4级;肢体残疾1-4级;智力残疾1-4级;精神残疾1-4级;多重残疾1-4级;,是,见原平台,中国残联就业服务平台（动态接口）,https://www.cdpee.org.cn/,2026年09月17日
福建省,泉州市,口腔顾问,石狮海丝口腔医院有限公司,福建省·泉州市·晋江市,,,视力残疾1-4级;听力残疾1-4级;言语残疾1-4级;肢体残疾1-4级;智力残疾1-4级;精神残疾1-4级;多重残疾1-4级;,是,见原平台,中国残联就业服务平台（动态接口）,https://www.cdpee.org.cn/,2026年03月20日
河南省,郑州铁路局,中国联通人工客服，坐班，8小时工作,河南正华电讯有限公司,河南省·郑州铁路局,大专,,视力残疾1-4级;听力残疾1-4级;言语残疾1-4级;肢体残疾1-4级;智力残疾1-4级;精神残疾1-4级;多重残疾1-4级;,是,见原平台,中国残联就业服务平台（动态接口）,https://www.cdpee.org.cn/,2026年07月01日
云南省,昭通市,艾草加工，种植,云南鑫会盟艾绒制品生产有限公司,云南省·昭通市·巧家县,学历不限,100,视力残疾4级;听力残疾4级;言语残疾4级;肢体残疾4级;智力残疾4级;精神残疾4级;,是,见原平台,中国残联就业服务平台（动态接口）,https://www.cdpee.org.cn/,2026年09月17日
江苏省,宿迁市,食品加工处理,宿迁市宿城区陆小青猪肉批发经营部,江苏省·宿迁市·湖滨新区,小学,100,"视力残疾3,4级;听力残疾3,4级;肢体残疾3,4级;智力残疾4级;多重残疾3,4级;",是,见原平台,中国残联就业服务平台（动态接口）,https://www.cdpee.org.cn/,2026年09月17日
湖南省,株洲市,垃圾清运工,湖南仁仁洁国际清洁科技集团股份有限公司荷塘分公司,湖南省·株洲市·荷塘区,学历不限,1,言语残疾1级;智力残疾1级;,是,见原平台,中国残联就业服务平台（动态接口）,https://www.cdpee.org.cn/,2026年09月17日
江苏省,徐州市,江苏徐州组件工+早八晚六+包吃+五险+坐班,陕西致广人力资源有限公司,江苏省·徐州市·邳州市,学历不限,20,"视力残疾1-4级;听力残疾1-4级;言语残疾1-4级;肢体残疾1-4级;智力残疾3,4级;多重残疾1-4级;",是,见原平台,中国残联就业服务平台（动态接口）,https://www.cdpee.org.cn/,2026年09月17日
广东省,江门市,生产工,江门市霞光照明电器有限公司,广东省·江门市·蓬江区,学历不限,1,听力残疾2-4级;言语残疾2-4级;肢体残疾4级;智力残疾4级;多重残疾4级;,是,见原平台,中国残联就业服务平台（动态接口）,https://www.cdpee.org.cn/,2026年09月17日
上海市,上海市,行政助理（上海闵行区）,北京易才人力资源顾问有限公司,上海市·上海市·闵行区,大专,1,视力残疾1-3级;听力残疾1-3级;言语残疾1-3级;肢体残疾1-3级;智力残疾1-3级;精神残疾1-3级;多重残疾1-3级;,是,见原平台,中国残联就业服务平台（动态接口）,https://www.cdpee.org.cn/,2026年08月17日
四川省,成都市,外派专员 底薪6000+奖金+公费旅游,成都昌佰信息技术有限公司,四川省·成都市·金牛区,学历不限,,视力残疾1-4级;听力残疾1-4级;言语残疾1-4级;肢体残疾1-4级;智力残疾1-4级;精神残疾1-4级;多重残疾1-4级;,是,见原平台,中国残联就业服务平台（动态接口）,https://www.cdpee.org.cn/,2026年07月08日
江苏省,南京市,HR招聘,北京易才人力资源顾问有限公司,江苏省·南京市·建邺区,大专,1,视力残疾1-3级;听力残疾1-3级;言语残疾1-3级;肢体残疾1-3级;智力残疾1-3级;精神残疾1-3级;多重残疾1-3级;,是,见原平台,中国残联就业服务平台（动态接口）,https://www.cdpee.org.cn/,2026年05月22日
四川省,成都市,成都急招（残疾人福利岗）五险一金，长白8小时，高薪技术岗,广州海仑企业服务有限公司,四川省·成都市·锦江区,学历不限,3,视力残疾1-4级;听力残疾1-4级;言语残疾1-4级;肢体残疾1-4级;智力残疾1-4级;精神残疾1-4级;多重残疾1-4级;,是,见原平台,中国残联就业服务平台（动态接口）,https://www.cdpee.org.cn/,2026年09月17日
天津市,天津市,天津档案处理员，双休，8小时，缴纳五险一金,广州海仑企业服务有限公司,天津市·天津市·河东区,学历不限,2,视力残疾1-4级;听力残疾1-4级;言语残疾1-4级;肢体残疾1-4级;智力残疾1-4级;精神残疾1-4级;多重残疾1-4级;,是,见原平台,中国残联就业服务平台（动态接口）,https://www.cdpee.org.cn/,2026年09月17日
四川省,泸州市,客服助理,泸州零零壹科技有限公司,四川省·泸州市·江阳区,高中/中专,,视力残疾1-4级;听力残疾1-4级;言语残疾1-4级;肢体残疾1-4级;智力残疾1-4级;精神残疾1-4级;多重残疾1-4级;,是,见原平台,中国残联就业服务平台（动态接口）,https://www.cdpee.org.cn/,2026年03月07日
云南省,昭通市,艾草加工，种植,云南鑫会盟艾绒制品生产有限公司,云南省·昭通市·巧家县,学历不限,100,视力残疾4级;听力残疾4级;言语残疾4级;肢体残疾4级;智力残疾4级;精神残疾4级;,是,见原平台,中国残联就业服务平台（动态接口）,https://www.cdpee.org.cn/,2026年09月17日
江苏省,宿迁市,食品加工处理,宿迁市宿城区陆小青猪肉批发经营部,江苏省·宿迁市·湖滨新区,小学,100,"视力残疾3,4级;听力残疾3,4级;肢体残疾3,4级;智力残疾4级;多重残疾3,4级;",是,见原平台,中国残联就业服务平台（动态接口）,https://www.cdpee.org.cn/,2026年09月17日
湖南省,株洲市,垃圾清运工,湖南仁仁洁国际清洁科技集团股份有限公司荷塘分公司,湖南省·株洲市·荷塘区,学历不限,1,言语残疾1级;智力残疾1级;,是,见原平台,中国残联就业服务平台（动态接口）,https://www.cdpee.org.cn/,2026年09月17日
江苏省,徐州市,江苏徐州组件工+早八晚六+包吃+五险+坐班,陕西致广人力资源有限公司,江苏省·徐州市·邳州市,学历不限,20,"视力残疾1-4级;听力残疾1-4级;言语残疾1-4级;肢体残疾1-4级;智力残疾3,4级;多重残疾1-4级;",是,见原平台,中国残联就业服务平台（动态接口）,https://www.cdpee.org.cn/,2026年09月17日
广东省,江门市,生产工,江门市霞光照明电器有限公司,广东省·江门市·蓬江区,学历不限,1,听力残疾2-4级;言语残疾2-4级;肢体残疾4级;智力残疾4级;多重残疾4级;,是,见原平台,中国残联就业服务平台（动态接口）,https://www.cdpee.org.cn/,2026年09月17日
上海市,上海市,行政助理（上海闵行区）,北京易才人力资源顾问有限公司,上海市·上海市·闵行区,大专,1,视力残疾1-3级;听力残疾1-3级;言语残疾1-3级;肢体残疾1-3级;智力残疾1-3级;精神残疾1-3级;多重残疾1-3级;,是,见原平台,中国残联就业服务平台（动态接口）,https://www.cdpee.org.cn/,2026年08月17日
四川省,成都市,外派专员 底薪6000+奖金+公费旅游,成都昌佰信息技术有限公司,四川省·成都市·金牛区,学历不限,,视力残疾1-4级;听力残疾1-4级;言语残疾1-4级;肢体残疾1-4级;智力残疾1-4级;精神残疾1-4级;多重残疾1-4级;,是,见原平台,中国残联就业服务平台（动态接口）,https://www.cdpee.org.cn/,2026年07月08日
江苏省,南京市,HR招聘,北京易才人力资源顾问有限公司,江苏省·南京市·建邺区,大专,1,视力残疾1-3级;听力残疾1-3级;言语残疾1-3级;肢体残疾1-3级;智力残疾1-3级;精神残疾1-3级;多重残疾1-3级;,是,见原平台,中国残联就业服务平台（动态接口）,https://www.cdpee.org.cn/,2026年05月22日
四川省,成都市,成都急招（残疾人福利岗）五险一金，长白8小时，高薪技术岗,广州海仑企业服务有限公司,四川省·成都市·锦江区,学历不限,3,视力残疾1-4级;听力残疾1-4级;言语残疾1-4级;肢体残疾1-4级;智力残疾1-4级;精神残疾1-4级;多重残疾1-4级;,是,见原平台,中国残联就业服务平台（动态接口）,https://www.cdpee.org.cn/,2026年09月17日
天津市,天津市,天津档案处理员，双休，8小时，缴纳五险一金,广州海仑企业服务有限公司,天津市·天津市·河东区,学历不限,2,视力残疾1-4级;听力残疾1-4级;言语残疾1-4级;肢体残疾1-4级;智力残疾1-4级;精神残疾1-4级;多重残疾1-4级;,是,见原平台,中国残联就业服务平台（动态接口）,https://www.cdpee.org.cn/,2026年09月17日
四川省,泸州市,客服助理,泸州零零壹科技有限公司,四川省·泸州市·江阳区,高中/中专,,视力残疾1-4级;听力残疾1-4级;言语残疾1-4级;肢体残疾1-4级;智力残疾1-4级;精神残疾1-4级;多重残疾1-4级;,是,见原平台,中国残联就业服务平台（动态接口）,https://www.cdpee.org.cn/,2026年03月07日
云南省,昭通市,艾草加工，种植,云南鑫会盟艾绒制品生产有限公司,云南省·昭通市·巧家县,学历不限,100,视力残疾4级;听力残疾4级;言语残疾4级;肢体残疾4级;智力残疾4级;精神残疾4级;,是,见原平台,中国残联就业服务平台（动态接口）,https://www.cdpee.org.cn/,2026年09月17日
江苏省,宿迁市,食品加工处理,宿迁市宿城区陆小青猪肉批发经营部,江苏省·宿迁市·湖滨新区,小学,100,"视力残疾3,4级;听力残疾3,4级;肢体残疾3,4级;智力残疾4级;多重残疾3,4级;",是,见原平台,中国残联就业服务平台（动态接口）,https://www.cdpee.org.cn/,2026年09月17日
湖南省,株洲市,垃圾清运工,湖南仁仁洁国际清洁科技集团股份有限公司荷塘分公司,湖南省·株洲市·荷塘区,学历不限,1,言语残疾1级;智力残疾1级;,是,见原平台,中国残联就业服务平台（动态接口）,https://www.cdpee.org.cn/,2026年09月17日
江苏省,徐州市,江苏徐州组件工+早八晚六+包吃+五险+坐班,陕西致广人力资源有限公司,江苏省·徐州市·邳州市,学历不限,20,"视力残疾1-4级;听力残疾1-4级;言语残疾1-4级;肢体残疾1-4级;智力残疾3,4级;多重残疾1-4级;",是,见原平台,中国残联就业服务平台（动态接口）,https://www.cdpee.org.cn/,2026年09月17日
广东省,江门市,生产工,江门市霞光照明电器有限公司,广东省·江门市·蓬江区,学历不限,1,听力残疾2-4级;言语残疾2-4级;肢体残疾4级;智力残疾4级;多重残疾4级;,是,见原平台,中国残联就业服务平台（动态接口）,https://www.cdpee.org.cn/,2026年09月17日
上海市,上海市,行政助理（上海闵行区）,北京易才人力资源顾问有限公司,上海市·上海市·闵行区,大专,1,视力残疾1-3级;听力残疾1-3级;言语残疾1-3级;肢体残疾1-3级;智力残疾1-3级;精神残疾1-3级;多重残疾1-3级;,是,见原平台,中国残联就业服务平台（动态接口）,https://www.cdpee.org.cn/,2026年08月17日
四川省,成都市,外派专员 底薪6000+奖金+公费旅游,成都昌佰信息技术有限公司,四川省·成都市·金牛区,学历不限,,视力残疾1-4级;听力残疾1-4级;言语残疾1-4级;肢体残疾1-4级;智力残疾1-4级;精神残疾1-4级;多重残疾1-4级;,是,见原平台,中国残联就业服务平台（动态接口）,https://www.cdpee.org.cn/,2026年07月08日
江苏省,南京市,HR招聘,北京易才人力资源顾问有限公司,江苏省·南京市·建邺区,大专,1,视力残疾1-3级;听力残疾1-3级;言语残疾1-3级;肢体残疾1-3级;智力残疾1-3级;精神残疾1-3级;多重残疾1-3级;,是,见原平台,中国残联就业服务平台（动态接口）,https://www.cdpee.org.cn/,2026年05月22日
四川省,成都市,成都急招（残疾人福利岗）五险一金，长白8小时，高薪技术岗,广州海仑企业服务有限公司,四川省·成都市·锦江区,学历不限,3,视力残疾1-4级;听力残疾1-4级;言语残疾1-4级;肢体残疾1-4级;智力残疾1-4级;精神残疾1-4级;多重残疾1-4级;,是,见原平台,中国残联就业服务平台（动态接口）,https://www.cdpee.org.cn/,2026年09月17日
天津市,天津市,天津档案处理员，双休，8小时，缴纳五险一金,广州海仑企业服务有限公司,天津市·天津市·河东区,学历不限,2,视力残疾1-4级;听力残疾1-4级;言语残疾1-4级;肢体残疾1-4级;智力残疾1-4级;精神残疾1-4级;多重残疾1-4级;,是,见原平台,中国残联就业服务平台（动态接口）,https://www.cdpee.org.cn/,2026年09月17日
四川省,泸州市,客服助理,泸州零零壹科技有限公司,四川省·泸州市·江阳区,高中/中专,,视力残疾1-4级;听力残疾1-4级;言语残疾1-4级;肢体残疾1-4级;智力残疾1-4级;精神残疾1-4级;多重残疾1-4级;,是,见原平台,中国残联就业服务平台（动态接口）,https://www.cdpee.org.cn/,2026年03月07日
云南省,昭通市,艾草加工，种植,云南鑫会盟艾绒制品生产有限公司,云南省·昭通市·巧家县,学历不限,100,视力残疾4级;听力残疾4级;言语残疾4级;肢体残疾4级;智力残疾4级;精神残疾4级;,是,见原平台,中国残联就业服务平台（动态接口）,https://www.cdpee.org.cn/,2026年09月17日
江苏省,宿迁市,食品加工处理,宿迁市宿城区陆小青猪肉批发经营部,江苏省·宿迁市·湖滨新区,小学,100,"视力残疾3,4级;听力残疾3,4级;肢体残疾3,4级;智力残疾4级;多重残疾3,4级;",是,见原平台,中国残联就业服务平台（动态接口）,https://www.cdpee.org.cn/,2026年09月17日
湖南省,株洲市,垃圾清运工,湖南仁仁洁国际清洁科技集团股份有限公司荷塘分公司,湖南省·株洲市·荷塘区,学历不限,1,言语残疾1级;智力残疾1级;,是,见原平台,中国残联就业服务平台（动态接口）,https://www.cdpee.org.cn/,2026年09月17日
江苏省,徐州市,江苏徐州组件工+早八晚六+包吃+五险+坐班,陕西致广人力资源有限公司,江苏省·徐州市·邳州市,学历不限,20,"视力残疾1-4级;听力残疾1-4级;言语残疾1-4级;肢体残疾1-4级;智力残疾3,4级;多重残疾1-4级;",是,见原平台,中国残联就业服务平台（动态接口）,https://www.cdpee.org.cn/,2026年09月17日
广东省,江门市,生产工,江门市霞光照明电器有限公司,广东省·江门市·蓬江区,学历不限,1,听力残疾2-4级;言语残疾2-4级;肢体残疾4级;智力残疾4级;多重残疾4级;,是,见原平台,中国残联就业服务平台（动态接口）,https://www.cdpee.org.cn/,2026年09月17日
上海市,上海市,行政助理（上海闵行区）,北京易才人力资源顾问有限公司,上海市·上海市·闵行区,大专,1,视力残疾1-3级;听力残疾1-3级;言语残疾1-3级;肢体残疾1-3级;智力残疾1-3级;精神残疾1-3级;多重残疾1-3级;,是,见原平台,中国残联就业服务平台（动态接口）,https://www.cdpee.org.cn/,2026年08月17日
四川省,成都市,外派专员 底薪6000+奖金+公费旅游,成都昌佰信息技术有限公司,四川省·成都市·金牛区,学历不限,,视力残疾1-4级;听力残疾1-4级;言语残疾1-4级;肢体残疾1-4级;智力残疾1-4级;精神残疾1-4级;多重残疾1-4级;,是,见原平台,中国残联就业服务平台（动态接口）,https://www.cdpee.org.cn/,2026年07月08日
江苏省,南京市,HR招聘,北京易才人力资源顾问有限公司,江苏省·南京市·建邺区,大专,1,视力残疾1-3级;听力残疾1-3级;言语残疾1-3级;肢体残疾1-3级;智力残疾1-3级;精神残疾1-3级;多重残疾1-3级;,是,见原平台,中国残联就业服务平台（动态接口）,https://www.cdpee.org.cn/,2026年05月22日
四川省,成都市,成都急招（残疾人福利岗）五险一金，长白8小时，高薪技术岗,广州海仑企业服务有限公司,四川省·成都市·锦江区,学历不限,3,视力残疾1-4级;听力残疾1-4级;言语残疾1-4级;肢体残疾1-4级;智力残疾1-4级;精神残疾1-4级;多重残疾1-4级;,是,见原平台,中国残联就业服务平台（动态接口）,https://www.cdpee.org.cn/,2026年09月17日
天津市,天津市,天津档案处理员，双休，8小时，缴纳五险一金,广州海仑企业服务有限公司,天津市·天津市·河东区,学历不限,2,视力残疾1-4级;听力残疾1-4级;言语残疾1-4级;肢体残疾1-4级;智力残疾1-4级;精神残疾1-4级;多重残疾1-4级;,是,见原平台,中国残联就业服务平台（动态接口）,https://www.cdpee.org.cn/,2026年09月17日
四川省,泸州市,客服助理,泸州零零壹科技有限公司,四川省·泸州市·江阳区,高中/中专,,视力残疾1-4级;听力残疾1-4级;言语残疾1-4级;肢体残疾1-4级;智力残疾1-4级;精神残疾1-4级;多重残疾1-4级;,是,见原平台,中国残联就业服务平台（动态接口）,https://www.cdpee.org.cn/,2026年03月07日
云南省,昭通市,艾草加工，种植,云南鑫会盟艾绒制品生产有限公司,云南省·昭通市·巧家县,学历不限,100,视力残疾4级;听力残疾4级;言语残疾4级;肢体残疾4级;智力残疾4级;精神残疾4级;,是,见原平台,中国残联就业服务平台（动态接口）,https://www.cdpee.org.cn/,2026年09月17日
江苏省,宿迁市,食品加工处理,宿迁市宿城区陆小青猪肉批发经营部,江苏省·宿迁市·湖滨新区,小学,100,"视力残疾3,4级;听力残疾3,4级;肢体残疾3,4级;智力残疾4级;多重残疾3,4级;",是,见原平台,中国残联就业服务平台（动态接口）,https://www.cdpee.org.cn/,2026年09月17日
湖南省,株洲市,垃圾清运工,湖南仁仁洁国际清洁科技集团股份有限公司荷塘分公司,湖南省·株洲市·荷塘区,学历不限,1,言语残疾1级;智力残疾1级;,是,见原平台,中国残联就业服务平台（动态接口）,https://www.cdpee.org.cn/,2026年09月17日
江苏省,徐州市,江苏徐州组件工+早八晚六+包吃+五险+坐班,陕西致广人力资源有限公司,江苏省·徐州市·邳州市,学历不限,20,"视力残疾1-4级;听力残疾1-4级;言语残疾1-4级;肢体残疾1-4级;智力残疾3,4级;多重残疾1-4级;",是,见原平台,中国残联就业服务平台（动态接口）,https://www.cdpee.org.cn/,2026年09月17日
广东省,江门市,生产工,江门市霞光照明电器有限公司,广东省·江门市·蓬江区,学历不限,1,听力残疾2-4级;言语残疾2-4级;肢体残疾4级;智力残疾4级;多重残疾4级;,是,见原平台,中国残联就业服务平台（动态接口）,https://www.cdpee.org.cn/,2026年09月17日
上海市,上海市,行政助理（上海闵行区）,北京易才人力资源顾问有限公司,上海市·上海市·闵行区,大专,1,视力残疾1-3级;听力残疾1-3级;言语残疾1-3级;肢体残疾1-3级;智力残疾1-3级;精神残疾1-3级;多重残疾1-3级;,是,见原平台,中国残联就业服务平台（动态接口）,https://www.cdpee.org.cn/,2026年08月17日
四川省,成都市,外派专员 底薪6000+奖金+公费旅游,成都昌佰信息技术有限公司,四川省·成都市·金牛区,学历不限,,视力残疾1-4级;听力残疾1-4级;言语残疾1-4级;肢体残疾1-4级;智力残疾1-4级;精神残疾1-4级;多重残疾1-4级;,是,见原平台,中国残联就业服务平台（动态接口）,https://www.cdpee.org.cn/,2026年07月08日
江苏省,南京市,HR招聘,北京易才人力资源顾问有限公司,江苏省·南京市·建邺区,大专,1,视力残疾1-3级;听力残疾1-3级;言语残疾1-3级;肢体残疾1-3级;智力残疾1-3级;精神残疾1-3级;多重残疾1-3级;,是,见原平台,中国残联就业服务平台（动态接口）,https://www.cdpee.org.cn/,2026年05月22日
四川省,成都市,成都急招（残疾人福利岗）五险一金，长白8小时，高薪技术岗,广州海仑企业服务有限公司,四川省·成都市·锦江区,学历不限,3,视力残疾1-4级;听力残疾1-4级;言语残疾1-4级;肢体残疾1-4级;智力残疾1-4级;精神残疾1-4级;多重残疾1-4级;,是,见原平台,中国残联就业服务平台（动态接口）,https://www.cdpee.org.cn/,2026年09月17日
天津市,天津市,天津档案处理员，双休，8小时，缴纳五险一金,广州海仑企业服务有限公司,天津市·天津市·河东区,学历不限,2,视力残疾1-4级;听力残疾1-4级;言语残疾1-4级;肢体残疾1-4级;智力残疾1-4级;精神残疾1-4级;多重残疾1-4级;,是,见原平台,中国残联就业服务平台（动态接口）,https://www.cdpee.org.cn/,2026年09月17日
四川省,泸州市,客服助理,泸州零零壹科技有限公司,四川省·泸州市·江阳区,高中/中专,,视力残疾1-4级;听力残疾1-4级;言语残疾1-4级;肢体残疾1-4级;智力残疾1-4级;精神残疾1-4级;多重残疾1-4级;,是,见原平台,中国残联就业服务平台（动态接口）,https://www.cdpee.org.cn/,2026年03月07日
云南省,昭通市,艾草加工，种植,云南鑫会盟艾绒制品生产有限公司,云南省·昭通市·巧家县,学历不限,100,视力残疾4级;听力残疾4级;言语残疾4级;肢体残疾4级;智力残疾4级;精神残疾4级;,是,见原平台,中国残联就业服务平台（动态接口）,https://www.cdpee.org.cn/,2026年09月17日
江苏省,宿迁市,食品加工处理,宿迁市宿城区陆小青猪肉批发经营部,江苏省·宿迁市·湖滨新区,小学,100,"视力残疾3,4级;听力残疾3,4级;肢体残疾3,4级;智力残疾4级;多重残疾3,4级;",是,见原平台,中国残联就业服务平台（动态接口）,https://www.cdpee.org.cn/,2026年09月17日
湖南省,株洲市,垃圾清运工,湖南仁仁洁国际清洁科技集团股份有限公司荷塘分公司,湖南省·株洲市·荷塘区,学历不限,1,言语残疾1级;智力残疾1级;,是,见原平台,中国残联就业服务平台（动态接口）,https://www.cdpee.org.cn/,2026年09月17日
江苏省,徐州市,江苏徐州组件工+早八晚六+包吃+五险+坐班,陕西致广人力资源有限公司,江苏省·徐州市·邳州市,学历不限,20,"视力残疾1-4级;听力残疾1-4级;言语残疾1-4级;肢体残疾1-4级;智力残疾3,4级;多重残疾1-4级;",是,见原平台,中国残联就业服务平台（动态接口）,https://www.cdpee.org.cn/,2026年09月17日
广东省,江门市,生产工,江门市霞光照明电器有限公司,广东省·江门市·蓬江区,学历不限,1,听力残疾2-4级;言语残疾2-4级;肢体残疾4级;智力残疾4级;多重残疾4级;,是,见原平台,中国残联就业服务平台（动态接口）,https://www.cdpee.org.cn/,2026年09月17日
上海市,上海市,行政助理（上海闵行区）,北京易才人力资源顾问有限公司,上海市·上海市·闵行区,大专,1,视力残疾1-3级;听力残疾1-3级;言语残疾1-3级;肢体残疾1-3级;智力残疾1-3级;精神残疾1-3级;多重残疾1-3级;,是,见原平台,中国残联就业服务平台（动态接口）,https://www.cdpee.org.cn/,2026年08月17日
四川省,成都市,外派专员 底薪6000+奖金+公费旅游,成都昌佰信息技术有限公司,四川省·成都市·金牛区,学历不限,,视力残疾1-4级;听力残疾1-4级;言语残疾1-4级;肢体残疾1-4级;智力残疾1-4级;精神残疾1-4级;多重残疾1-4级;,是,见原平台,中国残联就业服务平台（动态接口）,https://www.cdpee.org.cn/,2026年07月08日
江苏省,南京市,HR招聘,北京易才人力资源顾问有限公司,江苏省·南京市·建邺区,大专,1,视力残疾1-3级;听力残疾1-3级;言语残疾1-3级;肢体残疾1-3级;智力残疾1-3级;精神残疾1-3级;多重残疾1-3级;,是,见原平台,中国残联就业服务平台（动态接口）,https://www.cdpee.org.cn/,2026年05月22日
四川省,成都市,成都急招（残疾人福利岗）五险一金，长白8小时，高薪技术岗,广州海仑企业服务有限公司,四川省·成都市·锦江区,学历不限,3,视力残疾1-4级;听力残疾1-4级;言语残疾1-4级;肢体残疾1-4级;智力残疾1-4级;精神残疾1-4级;多重残疾1-4级;,是,见原平台,中国残联就业服务平台（动态接口）,https://www.cdpee.org.cn/,2026年09月17日
天津市,天津市,天津档案处理员，双休，8小时，缴纳五险一金,广州海仑企业服务有限公司,天津市·天津市·河东区,学历不限,2,视力残疾1-4级;听力残疾1-4级;言语残疾1-4级;肢体残疾1-4级;智力残疾1-4级;精神残疾1-4级;多重残疾1-4级;,是,见原平台,中国残联就业服务平台（动态接口）,https://www.cdpee.org.cn/,2026年09月17日
四川省,泸州市,客服助理,泸州零零壹科技有限公司,四川省·泸州市·江阳区,高中/中专,,视力残疾1-4级;听力残疾1-4级;言语残疾1-4级;肢体残疾1-4级;智力残疾1-4级;精神残疾1-4级;多重残疾1-4级;,是,见原平台,中国残联就业服务平台（动态接口）,https://www.cdpee.org.cn/,2026年03月07日
云南省,昭通市,艾草加工，种植,云南鑫会盟艾绒制品生产有限公司,云南省·昭通市·巧家县,学历不限,100,视力残疾4级;听力残疾4级;言语残疾4级;肢体残疾4级;智力残疾4级;精神残疾4级;,是,见原平台,中国残联就业服务平台（动态接口）,https://www.cdpee.org.cn/,2026年09月17日
江苏省,宿迁市,食品加工处理,宿迁市宿城区陆小青猪肉批发经营部,江苏省·宿迁市·湖滨新区,小学,100,"视力残疾3,4级;听力残疾3,4级;肢体残疾3,4级;智力残疾4级;多重残疾3,4级;",是,见原平台,中国残联就业服务平台（动态接口）,https://www.cdpee.org.cn/,2026年09月17日
湖南省,株洲市,垃圾清运工,湖南仁仁洁国际清洁科技集团股份有限公司荷塘分公司,湖南省·株洲市·荷塘区,学历不限,1,言语残疾1级;智力残疾1级;,是,见原平台,中国残联就业服务平台（动态接口）,https://www.cdpee.org.cn/,2026年09月17日
江苏省,徐州市,江苏徐州组件工+早八晚六+包吃+五险+坐班,陕西致广人力资源有限公司,江苏省·徐州市·邳州市,学历不限,20,"视力残疾1-4级;听力残疾1-4级;言语残疾1-4级;肢体残疾1-4级;智力残疾3,4级;多重残疾1-4级;",是,见原平台,中国残联就业服务平台（动态接口）,https://www.cdpee.org.cn/,2026年09月17日
广东省,江门市,生产工,江门市霞光照明电器有限公司,广东省·江门市·蓬江区,学历不限,1,听力残疾2-4级;言语残疾2-4级;肢体残疾4级;智力残疾4级;多重残疾4级;,是,见原平台,中国残联就业服务平台（动态接口）,https://www.cdpee.org.cn/,2026年09月17日
上海市,上海市,行政助理（上海闵行区）,北京易才人力资源顾问有限公司,上海市·上海市·闵行区,大专,1,视力残疾1-3级;听力残疾1-3级;言语残疾1-3级;肢体残疾1-3级;智力残疾1-3级;精神残疾1-3级;多重残疾1-3级;,是,见原平台,中国残联就业服务平台（动态接口）,https://www.cdpee.org.cn/,2026年08月17日
四川省,成都市,外派专员 底薪6000+奖金+公费旅游,成都昌佰信息技术有限公司,四川省·成都市·金牛区,学历不限,,视力残疾1-4级;听力残疾1-4级;言语残疾1-4级;肢体残疾1-4级;智力残疾1-4级;精神残疾1-4级;多重残疾1-4级;,是,见原平台,中国残联就业服务平台（动态接口）,https://www.cdpee.org.cn/,2026年07月08日
江苏省,南京市,HR招聘,北京易才人力资源顾问有限公司,江苏省·南京市·建邺区,大专,1,视力残疾1-3级;听力残疾1-3级;言语残疾1-3级;肢体残疾1-3级;智力残疾1-3级;精神残疾1-3级;多重残疾1-3级;,是,见原平台,中国残联就业服务平台（动态接口）,https://www.cdpee.org.cn/,2026年05月22日
四川省,成都市,成都急招（残疾人福利岗）五险一金，长白8小时，高薪技术岗,广州海仑企业服务有限公司,四川省·成都市·锦江区,学历不限,3,视力残疾1-4级;听力残疾1-4级;言语残疾1-4级;肢体残疾1-4级;智力残疾1-4级;精神残疾1-4级;多重残疾1-4级;,是,见原平台,中国残联就业服务平台（动态接口）,https://www.cdpee.org.cn/,2026年09月17日
天津市,天津市,天津档案处理员，双休，8小时，缴纳五险一金,广州海仑企业服务有限公司,天津市·天津市·河东区,学历不限,2,视力残疾1-4级;听力残疾1-4级;言语残疾1-4级;肢体残疾1-4级;智力残疾1-4级;精神残疾1-4级;多重残疾1-4级;,是,见原平台,中国残联就业服务平台（动态接口）,https://www.cdpee.org.cn/,2026年09月17日
四川省,泸州市,客服助理,泸州零零壹科技有限公司,四川省·泸州市·江阳区,高中/中专,,视力残疾1-4级;听力残疾1-4级;言语残疾1-4级;肢体残疾1-4级;智力残疾1-4级;精神残疾1-4级;多重残疾1-4级;,是,见原平台,中国残联就业服务平台（动态接口）,https://www.cdpee.org.cn/,2026年03月07日
云南省,昭通市,艾草加工，种植,云南鑫会盟艾绒制品生产有限公司,云南省·昭通市·巧家县,学历不限,100,视力残疾4级;听力残疾4级;言语残疾4级;肢体残疾4级;智力残疾4级;精神残疾4级;,是,见原平台,中国残联就业服务平台（动态接口）,https://www.cdpee.org.cn/,2026年09月17日
江苏省,宿迁市,食品加工处理,宿迁市宿城区陆小青猪肉批发经营部,江苏省·宿迁市·湖滨新区,小学,100,"视力残疾3,4级;听力残疾3,4级;肢体残疾3,4级;智力残疾4级;多重残疾3,4级;",是,见原平台,中国残联就业服务平台（动态接口）,https://www.cdpee.org.cn/,2026年09月17日
湖南省,株洲市,垃圾清运工,湖南仁仁洁国际清洁科技集团股份有限公司荷塘分公司,湖南省·株洲市·荷塘区,学历不限,1,言语残疾1级;智力残疾1级;,是,见原平台,中国残联就业服务平台（动态接口）,https://www.cdpee.org.cn/,2026年09月17日
江苏省,徐州市,江苏徐州组件工+早八晚六+包吃+五险+坐班,陕西致广人力资源有限公司,江苏省·徐州市·邳州市,学历不限,20,"视力残疾1-4级;听力残疾1-4级;言语残疾1-4级;肢体残疾1-4级;智力残疾3,4级;多重残疾1-4级;",是,见原平台,中国残联就业服务平台（动态接口）,https://www.cdpee.org.cn/,2026年09月17日
广东省,江门市,生产工,江门市霞光照明电器有限公司,广东省·江门市·蓬江区,学历不限,1,听力残疾2-4级;言语残疾2-4级;肢体残疾4级;智力残疾4级;多重残疾4级;,是,见原平台,中国残联就业服务平台（动态接口）,https://www.cdpee.org.cn/,2026年09月17日
上海市,上海市,行政助理（上海闵行区）,北京易才人力资源顾问有限公司,上海市·上海市·闵行区,大专,1,视力残疾1-3级;听力残疾1-3级;言语残疾1-3级;肢体残疾1-3级;智力残疾1-3级;精神残疾1-3级;多重残疾1-3级;,是,见原平台,中国残联就业服务平台（动态接口）,https://www.cdpee.org.cn/,2026年08月17日
四川省,成都市,外派专员 底薪6000+奖金+公费旅游,成都昌佰信息技术有限公司,四川省·成都市·金牛区,学历不限,,视力残疾1-4级;听力残疾1-4级;言语残疾1-4级;肢体残疾1-4级;智力残疾1-4级;精神残疾1-4级;多重残疾1-4级;,是,见原平台,中国残联就业服务平台（动态接口）,https://www.cdpee.org.cn/,2026年07月08日
江苏省,南京市,HR招聘,北京易才人力资源顾问有限公司,江苏省·南京市·建邺区,大专,1,视力残疾1-3级;听力残疾1-3级;言语残疾1-3级;肢体残疾1-3级;智力残疾1-3级;精神残疾1-3级;多重残疾1-3级;,是,见原平台,中国残联就业服务平台（动态接口）,https://www.cdpee.org.cn/,2026年05月22日
四川省,成都市,成都急招（残疾人福利岗）五险一金，长白8小时，高薪技术岗,广州海仑企业服务有限公司,四川省·成都市·锦江区,学历不限,3,视力残疾1-4级;听力残疾1-4级;言语残疾1-4级;肢体残疾1-4级;智力残疾1-4级;精神残疾1-4级;多重残疾1-4级;,是,见原平台,中国残联就业服务平台（动态接口）,https://www.cdpee.org.cn/,2026年09月17日
天津市,天津市,天津档案处理员，双休，8小时，缴纳五险一金,广州海仑企业服务有限公司,天津市·天津市·河东区,学历不限,2,视力残疾1-4级;听力残疾1-4级;言语残疾1-4级;肢体残疾1-4级;智力残疾1-4级;精神残疾1-4级;多重残疾1-4级;,是,见原平台,中国残联就业服务平台（动态接口）,https://www.cdpee.org.cn/,2026年09月17日
四川省,泸州市,客服助理,泸州零零壹科技有限公司,四川省·泸州市·江阳区,高中/中专,,视力残疾1-4级;听力残疾1-4级;言语残疾1-4级;肢体残疾1-4级;智力残疾1-4级;精神残疾1-4级;多重残疾1-4级;,是,见原平台,中国残联就业服务平台（动态接口）,https://www.cdpee.org.cn/,2026年03月07日
云南省,昭通市,艾草加工，种植,云南鑫会盟艾绒制品生产有限公司,云南省·昭通市·巧家县,学历不限,100,视力残疾4级;听力残疾4级;言语残疾4级;肢体残疾4级;智力残疾4级;精神残疾4级;,是,见原平台,中国残联就业服务平台（动态接口）,https://www.cdpee.org.cn/,2026年09月17日
江苏省,宿迁市,食品加工处理,宿迁市宿城区陆小青猪肉批发经营部,江苏省·宿迁市·湖滨新区,小学,100,"视力残疾3,4级;听力残疾3,4级;肢体残疾3,4级;智力残疾4级;多重残疾3,4级;",是,见原平台,中国残联就业服务平台（动态接口）,https://www.cdpee.org.cn/,2026年09月17日
湖南省,株洲市,垃圾清运工,湖南仁仁洁国际清洁科技集团股份有限公司荷塘分公司,湖南省·株洲市·荷塘区,学历不限,1,言语残疾1级;智力残疾1级;,是,见原平台,中国残联就业服务平台（动态接口）,https://www.cdpee.org.cn/,2026年09月17日
江苏省,徐州市,江苏徐州组件工+早八晚六+包吃+五险+坐班,陕西致广人力资源有限公司,江苏省·徐州市·邳州市,学历不限,20,"视力残疾1-4级;听力残疾1-4级;言语残疾1-4级;肢体残疾1-4级;智力残疾3,4级;多重残疾1-4级;",是,见原平台,中国残联就业服务平台（动态接口）,https://www.cdpee.org.cn/,2026年09月17日
广东省,江门市,生产工,江门市霞光照明电器有限公司,广东省·江门市·蓬江区,学历不限,1,听力残疾2-4级;言语残疾2-4级;肢体残疾4级;智力残疾4级;多重残疾4级;,是,见原平台,中国残联就业服务平台（动态接口）,https://www.cdpee.org.cn/,2026年09月17日
上海市,上海市,行政助理（上海闵行区）,北京易才人力资源顾问有限公司,上海市·上海市·闵行区,大专,1,视力残疾1-3级;听力残疾1-3级;言语残疾1-3级;肢体残疾1-3级;智力残疾1-3级;精神残疾1-3级;多重残疾1-3级;,是,见原平台,中国残联就业服务平台（动态接口）,https://www.cdpee.org.cn/,2026年08月17日
四川省,成都市,外派专员 底薪6000+奖金+公费旅游,成都昌佰信息技术有限公司,四川省·成都市·金牛区,学历不限,,视力残疾1-4级;听力残疾1-4级;言语残疾1-4级;肢体残疾1-4级;智力残疾1-4级;精神残疾1-4级;多重残疾1-4级;,是,见原平台,中国残联就业服务平台（动态接口）,https://www.cdpee.org.cn/,2026年07月08日
江苏省,南京市,HR招聘,北京易才人力资源顾问有限公司,江苏省·南京市·建邺区,大专,1,视力残疾1-3级;听力残疾1-3级;言语残疾1-3级;肢体残疾1-3级;智力残疾1-3级;精神残疾1-3级;多重残疾1-3级;,是,见原平台,中国残联就业服务平台（动态接口）,https://www.cdpee.org.cn/,2026年05月22日
四川省,成都市,成都急招（残疾人福利岗）五险一金，长白8小时，高薪技术岗,广州海仑企业服务有限公司,四川省·成都市·锦江区,学历不限,3,视力残疾1-4级;听力残疾1-4级;言语残疾1-4级;肢体残疾1-4级;智力残疾1-4级;精神残疾1-4级;多重残疾1-4级;,是,见原平台,中国残联就业服务平台（动态接口）,https://www.cdpee.org.cn/,2026年09月17日
天津市,天津市,天津档案处理员，双休，8小时，缴纳五险一金,广州海仑企业服务有限公司,天津市·天津市·河东区,学历不限,2,视力残疾1-4级;听力残疾1-4级;言语残疾1-4级;肢体残疾1-4级;智力残疾1-4级;精神残疾1-4级;多重残疾1-4级;,是,见原平台,中国残联就业服务平台（动态接口）,https://www.cdpee.org.cn/,2026年09月17日
四川省,泸州市,客服助理,泸州零零壹科技有限公司,四川省·泸州市·江阳区,高中/中专,,视力残疾1-4级;听力残疾1-4级;言语残疾1-4级;肢体残疾1-4级;智力残疾1-4级;精神残疾1-4级;多重残疾1-4级;,是,见原平台,中国残联就业服务平台（动态接口）,https://www.cdpee.org.cn/,2026年03月07日
云南省,昭通市,艾草加工，种植,云南鑫会盟艾绒制品生产有限公司,云南省·昭通市·巧家县,学历不限,100,视力残疾4级;听力残疾4级;言语残疾4级;肢体残疾4级;智力残疾4级;精神残疾4级;,是,见原平台,中国残联就业服务平台（动态接口）,https://www.cdpee.org.cn/,2026年09月17日
江苏省,宿迁市,食品加工处理,宿迁市宿城区陆小青猪肉批发经营部,江苏省·宿迁市·湖滨新区,小学,100,"视力残疾3,4级;听力残疾3,4级;肢体残疾3,4级;智力残疾4级;多重残疾3,4级;",是,见原平台,中国残联就业服务平台（动态接口）,https://www.cdpee.org.cn/,2026年09月17日
湖南省,株洲市,垃圾清运工,湖南仁仁洁国际清洁科技集团股份有限公司荷塘分公司,湖南省·株洲市·荷塘区,学历不限,1,言语残疾1级;智力残疾1级;,是,见原平台,中国残联就业服务平台（动态接口）,https://www.cdpee.org.cn/,2026年09月17日
江苏省,徐州市,江苏徐州组件工+早八晚六+包吃+五险+坐班,陕西致广人力资源有限公司,江苏省·徐州市·邳州市,学历不限,20,"视力残疾1-4级;听力残疾1-4级;言语残疾1-4级;肢体残疾1-4级;智力残疾3,4级;多重残疾1-4级;",是,见原平台,中国残联就业服务平台（动态接口）,https://www.cdpee.org.cn/,2026年09月17日
广东省,江门市,生产工,江门市霞光照明电器有限公司,广东省·江门市·蓬江区,学历不限,1,听力残疾2-4级;言语残疾2-4级;肢体残疾4级;智力残疾4级;多重残疾4级;,是,见原平台,中国残联就业服务平台（动态接口）,https://www.cdpee.org.cn/,2026年09月17日
上海市,上海市,行政助理（上海闵行区）,北京易才人力资源顾问有限公司,上海市·上海市·闵行区,大专,1,视力残疾1-3级;听力残疾1-3级;言语残疾1-3级;肢体残疾1-3级;智力残疾1-3级;精神残疾1-3级;多重残疾1-3级;,是,见原平台,中国残联就业服务平台（动态接口）,https://www.cdpee.org.cn/,2026年08月17日
四川省,成都市,外派专员 底薪6000+奖金+公费旅游,成都昌佰信息技术有限公司,四川省·成都市·金牛区,学历不限,,视力残疾1-4级;听力残疾1-4级;言语残疾1-4级;肢体残疾1-4级;智力残疾1-4级;精神残疾1-4级;多重残疾1-4级;,是,见原平台,中国残联就业服务平台（动态接口）,https://www.cdpee.org.cn/,2026年07月08日
江苏省,南京市,HR招聘,北京易才人力资源顾问有限公司,江苏省·南京市·建邺区,大专,1,视力残疾1-3级;听力残疾1-3级;言语残疾1-3级;肢体残疾1-3级;智力残疾1-3级;精神残疾1-3级;多重残疾1-3级;,是,见原平台,中国残联就业服务平台（动态接口）,https://www.cdpee.org.cn/,2026年05月22日
四川省,成都市,成都急招（残疾人福利岗）五险一金，长白8小时，高薪技术岗,广州海仑企业服务有限公司,四川省·成都市·锦江区,学历不限,3,视力残疾1-4级;听力残疾1-4级;言语残疾1-4级;肢体残疾1-4级;智力残疾1-4级;精神残疾1-4级;多重残疾1-4级;,是,见原平台,中国残联就业服务平台（动态接口）,https://www.cdpee.org.cn/,2026年09月17日
天津市,天津市,天津档案处理员，双休，8小时，缴纳五险一金,广州海仑企业服务有限公司,天津市·天津市·河东区,学历不限,2,视力残疾1-4级;听力残疾1-4级;言语残疾1-4级;肢体残疾1-4级;智力残疾1-4级;精神残疾1-4级;多重残疾1-4级;,是,见原平台,中国残联就业服务平台（动态接口）,https://www.cdpee.org.cn/,2026年09月17日
四川省,泸州市,客服助理,泸州零零壹科技有限公司,四川省·泸州市·江阳区,高中/中专,,视力残疾1-4级;听力残疾1-4级;言语残疾1-4级;肢体残疾1-4级;智力残疾1-4级;精神残疾1-4级;多重残疾1-4级;,是,见原平台,中国残联就业服务平台（动态接口）,https://www.cdpee.org.cn/,2026年03月07日
云南省,昭通市,艾草加工，种植,云南鑫会盟艾绒制品生产有限公司,云南省·昭通市·巧家县,学历不限,100,视力残疾4级;听力残疾4级;言语残疾4级;肢体残疾4级;智力残疾4级;精神残疾4级;,是,见原平台,中国残联就业服务平台（动态接口）,https://www.cdpee.org.cn/,2026年09月17日
江苏省,宿迁市,食品加工处理,宿迁市宿城区陆小青猪肉批发经营部,江苏省·宿迁市·湖滨新区,小学,100,"视力残疾3,4级;听力残疾3,4级;肢体残疾3,4级;智力残疾4级;多重残疾3,4级;",是,见原平台,中国残联就业服务平台（动态接口）,https://www.cdpee.org.cn/,2026年09月17日
浙江省,嘉兴市,分公司总经理,嘉兴振夏电子商务有限公司,浙江省·嘉兴市·南湖区,本科,,视力残疾1-4级;听力残疾1-4级;言语残疾1-4级;肢体残疾1-4级;智力残疾1-4级;精神残疾1-4级;多重残疾1-4级;,是,见原平台,中国残联就业服务平台（动态接口）,https://www.cdpee.org.cn/,2026年03月12日
湖南省,株洲市,垃圾清运工,湖南仁仁洁国际清洁科技集团股份有限公司荷塘分公司,湖南省·株洲市·荷塘区,学历不限,1,言语残疾1级;智力残疾1级;,是,见原平台,中国残联就业服务平台（动态接口）,https://www.cdpee.org.cn/,2026年09月17日
江苏省,徐州市,江苏徐州组件工+早八晚六+包吃+五险+坐班,陕西致广人力资源有限公司,江苏省·徐州市·邳州市,学历不限,20,"视力残疾1-4级;听力残疾1-4级;言语残疾1-4级;肢体残疾1-4级;智力残疾3,4级;多重残疾1-4级;",是,见原平台,中国残联就业服务平台（动态接口）,https://www.cdpee.org.cn/,2026年09月17日
广东省,江门市,生产工,江门市霞光照明电器有限公司,广东省·江门市·蓬江区,学历不限,1,听力残疾2-4级;言语残疾2-4级;肢体残疾4级;智力残疾4级;多重残疾4级;,是,见原平台,中国残联就业服务平台（动态接口）,https://www.cdpee.org.cn/,2026年09月17日
河北省,保定市,纯电话客服不含销售+无责底薪5k+月休四天,衡水市丰汇企业管理咨询有限公司,河北省·保定市·竞秀区,学历不限,,视力残疾1-4级;听力残疾1-4级;言语残疾1-4级;肢体残疾1-4级;智力残疾1-4级;精神残疾1-4级;多重残疾1-4级;,是,见原平台,中国残联就业服务平台（动态接口）,https://www.cdpee.org.cn/,2026年03月23日
上海市,上海市,行政助理（上海闵行区）,北京易才人力资源顾问有限公司,上海市·上海市·闵行区,大专,1,视力残疾1-3级;听力残疾1-3级;言语残疾1-3级;肢体残疾1-3级;智力残疾1-3级;精神残疾1-3级;多重残疾1-3级;,是,见原平台,中国残联就业服务平台（动态接口）,https://www.cdpee.org.cn/,2026年08月17日
江苏省,南京市,HR招聘,北京易才人力资源顾问有限公司,江苏省·南京市·建邺区,大专,1,视力残疾1-3级;听力残疾1-3级;言语残疾1-3级;肢体残疾1-3级;智力残疾1-3级;精神残疾1-3级;多重残疾1-3级;,是,见原平台,中国残联就业服务平台（动态接口）,https://www.cdpee.org.cn/,2026年05月22日
四川省,成都市,成都急招（残疾人福利岗）五险一金，长白8小时，高薪技术岗,广州海仑企业服务有限公司,四川省·成都市·锦江区,学历不限,3,视力残疾1-4级;听力残疾1-4级;言语残疾1-4级;肢体残疾1-4级;智力残疾1-4级;精神残疾1-4级;多重残疾1-4级;,是,见原平台,中国残联就业服务平台（动态接口）,https://www.cdpee.org.cn/,2026年09月17日
天津市,天津市,天津档案处理员，双休，8小时，缴纳五险一金,广州海仑企业服务有限公司,天津市·天津市·河东区,学历不限,2,视力残疾1-4级;听力残疾1-4级;言语残疾1-4级;肢体残疾1-4级;智力残疾1-4级;精神残疾1-4级;多重残疾1-4级;,是,见原平台,中国残联就业服务平台（动态接口）,https://www.cdpee.org.cn/,2026年09月17日
广东省,惠州市,电子维修员,惠州市鑫荣美科技有限公司,广东省·惠州市·惠城区,,,视力残疾1-4级;听力残疾1-4级;言语残疾1-4级;肢体残疾1-4级;智力残疾1-4级;精神残疾1-4级;多重残疾1-4级;,是,见原平台,中国残联就业服务平台（动态接口）,https://www.cdpee.org.cn/,2026年02月26日
云南省,昭通市,艾草加工，种植,云南鑫会盟艾绒制品生产有限公司,云南省·昭通市·巧家县,学历不限,100,视力残疾4级;听力残疾4级;言语残疾4级;肢体残疾4级;智力残疾4级;精神残疾4级;,是,见原平台,中国残联就业服务平台（动态接口）,https://www.cdpee.org.cn/,2026年09月17日
江苏省,宿迁市,食品加工处理,宿迁市宿城区陆小青猪肉批发经营部,江苏省·宿迁市·湖滨新区,小学,100,"视力残疾3,4级;听力残疾3,4级;肢体残疾3,4级;智力残疾4级;多重残疾3,4级;",是,见原平台,中国残联就业服务平台（动态接口）,https://www.cdpee.org.cn/,2026年09月17日
浙江省,嘉兴市,分公司总经理,嘉兴振夏电子商务有限公司,浙江省·嘉兴市·南湖区,本科,,视力残疾1-4级;听力残疾1-4级;言语残疾1-4级;肢体残疾1-4级;智力残疾1-4级;精神残疾1-4级;多重残疾1-4级;,是,见原平台,中国残联就业服务平台（动态接口）,https://www.cdpee.org.cn/,2026年03月12日
湖南省,株洲市,垃圾清运工,湖南仁仁洁国际清洁科技集团股份有限公司荷塘分公司,湖南省·株洲市·荷塘区,学历不限,1,言语残疾1级;智力残疾1级;,是,见原平台,中国残联就业服务平台（动态接口）,https://www.cdpee.org.cn/,2026年09月17日
江苏省,徐州市,江苏徐州组件工+早八晚六+包吃+五险+坐班,陕西致广人力资源有限公司,江苏省·徐州市·邳州市,学历不限,20,"视力残疾1-4级;听力残疾1-4级;言语残疾1-4级;肢体残疾1-4级;智力残疾3,4级;多重残疾1-4级;",是,见原平台,中国残联就业服务平台（动态接口）,https://www.cdpee.org.cn/,2026年09月17日
广东省,江门市,生产工,江门市霞光照明电器有限公司,广东省·江门市·蓬江区,学历不限,1,听力残疾2-4级;言语残疾2-4级;肢体残疾4级;智力残疾4级;多重残疾4级;,是,见原平台,中国残联就业服务平台（动态接口）,https://www.cdpee.org.cn/,2026年09月17日
河北省,保定市,纯电话客服不含销售+无责底薪5k+月休四天,衡水市丰汇企业管理咨询有限公司,河北省·保定市·竞秀区,学历不限,,视力残疾1-4级;听力残疾1-4级;言语残疾1-4级;肢体残疾1-4级;智力残疾1-4级;精神残疾1-4级;多重残疾1-4级;,是,见原平台,中国残联就业服务平台（动态接口）,https://www.cdpee.org.cn/,2026年03月23日
上海市,上海市,行政助理（上海闵行区）,北京易才人力资源顾问有限公司,上海市·上海市·闵行区,大专,1,视力残疾1-3级;听力残疾1-3级;言语残疾1-3级;肢体残疾1-3级;智力残疾1-3级;精神残疾1-3级;多重残疾1-3级;,是,见原平台,中国残联就业服务平台（动态接口）,https://www.cdpee.org.cn/,2026年08月17日
江苏省,南京市,HR招聘,北京易才人力资源顾问有限公司,江苏省·南京市·建邺区,大专,1,视力残疾1-3级;听力残疾1-3级;言语残疾1-3级;肢体残疾1-3级;智力残疾1-3级;精神残疾1-3级;多重残疾1-3级;,是,见原平台,中国残联就业服务平台（动态接口）,https://www.cdpee.org.cn/,2026年05月22日
四川省,成都市,成都急招（残疾人福利岗）五险一金，长白8小时，高薪技术岗,广州海仑企业服务有限公司,四川省·成都市·锦江区,学历不限,3,视力残疾1-4级;听力残疾1-4级;言语残疾1-4级;肢体残疾1-4级;智力残疾1-4级;精神残疾1-4级;多重残疾1-4级;,是,见原平台,中国残联就业服务平台（动态接口）,https://www.cdpee.org.cn/,2026年09月17日
天津市,天津市,天津档案处理员，双休，8小时，缴纳五险一金,广州海仑企业服务有限公司,天津市·天津市·河东区,学历不限,2,视力残疾1-4级;听力残疾1-4级;言语残疾1-4级;肢体残疾1-4级;智力残疾1-4级;精神残疾1-4级;多重残疾1-4级;,是,见原平台,中国残联就业服务平台（动态接口）,https://www.cdpee.org.cn/,2026年09月17日
广东省,惠州市,电子维修员,惠州市鑫荣美科技有限公司,广东省·惠州市·惠城区,,,视力残疾1-4级;听力残疾1-4级;言语残疾1-4级;肢体残疾1-4级;智力残疾1-4级;精神残疾1-4级;多重残疾1-4级;,是,见原平台,中国残联就业服务平台（动态接口）,https://www.cdpee.org.cn/,2026年02月26日
云南省,昭通市,艾草加工，种植,云南鑫会盟艾绒制品生产有限公司,云南省·昭通市·巧家县,学历不限,100,视力残疾4级;听力残疾4级;言语残疾4级;肢体残疾4级;智力残疾4级;精神残疾4级;,是,见原平台,中国残联就业服务平台（动态接口）,https://www.cdpee.org.cn/,2026年09月17日
江苏省,宿迁市,食品加工处理,宿迁市宿城区陆小青猪肉批发经营部,江苏省·宿迁市·湖滨新区,小学,100,"视力残疾3,4级;听力残疾3,4级;肢体残疾3,4级;智力残疾4级;多重残疾3,4级;",是,见原平台,中国残联就业服务平台（动态接口）,https://www.cdpee.org.cn/,2026年09月17日
浙江省,嘉兴市,分公司总经理,嘉兴振夏电子商务有限公司,浙江省·嘉兴市·南湖区,本科,,视力残疾1-4级;听力残疾1-4级;言语残疾1-4级;肢体残疾1-4级;智力残疾1-4级;精神残疾1-4级;多重残疾1-4级;,是,见原平台,中国残联就业服务平台（动态接口）,https://www.cdpee.org.cn/,2026年03月12日
湖南省,株洲市,垃圾清运工,湖南仁仁洁国际清洁科技集团股份有限公司荷塘分公司,湖南省·株洲市·荷塘区,学历不限,1,言语残疾1级;智力残疾1级;,是,见原平台,中国残联就业服务平台（动态接口）,https://www.cdpee.org.cn/,2026年09月17日
江苏省,徐州市,江苏徐州组件工+早八晚六+包吃+五险+坐班,陕西致广人力资源有限公司,江苏省·徐州市·邳州市,学历不限,20,"视力残疾1-4级;听力残疾1-4级;言语残疾1-4级;肢体残疾1-4级;智力残疾3,4级;多重残疾1-4级;",是,见原平台,中国残联就业服务平台（动态接口）,https://www.cdpee.org.cn/,2026年09月17日
广东省,江门市,生产工,江门市霞光照明电器有限公司,广东省·江门市·蓬江区,学历不限,1,听力残疾2-4级;言语残疾2-4级;肢体残疾4级;智力残疾4级;多重残疾4级;,是,见原平台,中国残联就业服务平台（动态接口）,https://www.cdpee.org.cn/,2026年09月17日
河北省,保定市,纯电话客服不含销售+无责底薪5k+月休四天,衡水市丰汇企业管理咨询有限公司,河北省·保定市·竞秀区,学历不限,,视力残疾1-4级;听力残疾1-4级;言语残疾1-4级;肢体残疾1-4级;智力残疾1-4级;精神残疾1-4级;多重残疾1-4级;,是,见原平台,中国残联就业服务平台（动态接口）,https://www.cdpee.org.cn/,2026年03月23日
上海市,上海市,行政助理（上海闵行区）,北京易才人力资源顾问有限公司,上海市·上海市·闵行区,大专,1,视力残疾1-3级;听力残疾1-3级;言语残疾1-3级;肢体残疾1-3级;智力残疾1-3级;精神残疾1-3级;多重残疾1-3级;,是,见原平台,中国残联就业服务平台（动态接口）,https://www.cdpee.org.cn/,2026年08月17日
江苏省,南京市,HR招聘,北京易才人力资源顾问有限公司,江苏省·南京市·建邺区,大专,1,视力残疾1-3级;听力残疾1-3级;言语残疾1-3级;肢体残疾1-3级;智力残疾1-3级;精神残疾1-3级;多重残疾1-3级;,是,见原平台,中国残联就业服务平台（动态接口）,https://www.cdpee.org.cn/,2026年05月22日
四川省,成都市,成都急招（残疾人福利岗）五险一金，长白8小时，高薪技术岗,广州海仑企业服务有限公司,四川省·成都市·锦江区,学历不限,3,视力残疾1-4级;听力残疾1-4级;言语残疾1-4级;肢体残疾1-4级;智力残疾1-4级;精神残疾1-4级;多重残疾1-4级;,是,见原平台,中国残联就业服务平台（动态接口）,https://www.cdpee.org.cn/,2026年09月17日
天津市,天津市,天津档案处理员，双休，8小时，缴纳五险一金,广州海仑企业服务有限公司,天津市·天津市·河东区,学历不限,2,视力残疾1-4级;听力残疾1-4级;言语残疾1-4级;肢体残疾1-4级;智力残疾1-4级;精神残疾1-4级;多重残疾1-4级;,是,见原平台,中国残联就业服务平台（动态接口）,https://www.cdpee.org.cn/,2026年09月17日
广东省,惠州市,电子维修员,惠州市鑫荣美科技有限公司,广东省·惠州市·惠城区,,,视力残疾1-4级;听力残疾1-4级;言语残疾1-4级;肢体残疾1-4级;智力残疾1-4级;精神残疾1-4级;多重残疾1-4级;,是,见原平台,中国残联就业服务平台（动态接口）,https://www.cdpee.org.cn/,2026年02月26日
云南省,昭通市,艾草加工，种植,云南鑫会盟艾绒制品生产有限公司,云南省·昭通市·巧家县,学历不限,100,视力残疾4级;听力残疾4级;言语残疾4级;肢体残疾4级;智力残疾4级;精神残疾4级;,是,见原平台,中国残联就业服务平台（动态接口）,https://www.cdpee.org.cn/,2026年09月17日
江苏省,宿迁市,食品加工处理,宿迁市宿城区陆小青猪肉批发经营部,江苏省·宿迁市·湖滨新区,小学,100,"视力残疾3,4级;听力残疾3,4级;肢体残疾3,4级;智力残疾4级;多重残疾3,4级;",是,见原平台,中国残联就业服务平台（动态接口）,https://www.cdpee.org.cn/,2026年09月17日
浙江省,嘉兴市,分公司总经理,嘉兴振夏电子商务有限公司,浙江省·嘉兴市·南湖区,本科,,视力残疾1-4级;听力残疾1-4级;言语残疾1-4级;肢体残疾1-4级;智力残疾1-4级;精神残疾1-4级;多重残疾1-4级;,是,见原平台,中国残联就业服务平台（动态接口）,https://www.cdpee.org.cn/,2026年03月12日
湖南省,株洲市,垃圾清运工,湖南仁仁洁国际清洁科技集团股份有限公司荷塘分公司,湖南省·株洲市·荷塘区,学历不限,1,言语残疾1级;智力残疾1级;,是,见原平台,中国残联就业服务平台（动态接口）,https://www.cdpee.org.cn/,2026年09月17日
江苏省,徐州市,江苏徐州组件工+早八晚六+包吃+五险+坐班,陕西致广人力资源有限公司,江苏省·徐州市·邳州市,学历不限,20,"视力残疾1-4级;听力残疾1-4级;言语残疾1-4级;肢体残疾1-4级;智力残疾3,4级;多重残疾1-4级;",是,见原平台,中国残联就业服务平台（动态接口）,https://www.cdpee.org.cn/,2026年09月17日
广东省,江门市,生产工,江门市霞光照明电器有限公司,广东省·江门市·蓬江区,学历不限,1,听力残疾2-4级;言语残疾2-4级;肢体残疾4级;智力残疾4级;多重残疾4级;,是,见原平台,中国残联就业服务平台（动态接口）,https://www.cdpee.org.cn/,2026年09月17日
河北省,保定市,纯电话客服不含销售+无责底薪5k+月休四天,衡水市丰汇企业管理咨询有限公司,河北省·保定市·竞秀区,学历不限,,视力残疾1-4级;听力残疾1-4级;言语残疾1-4级;肢体残疾1-4级;智力残疾1-4级;精神残疾1-4级;多重残疾1-4级;,是,见原平台,中国残联就业服务平台（动态接口）,https://www.cdpee.org.cn/,2026年03月23日
上海市,上海市,行政助理（上海闵行区）,北京易才人力资源顾问有限公司,上海市·上海市·闵行区,大专,1,视力残疾1-3级;听力残疾1-3级;言语残疾1-3级;肢体残疾1-3级;智力残疾1-3级;精神残疾1-3级;多重残疾1-3级;,是,见原平台,中国残联就业服务平台（动态接口）,https://www.cdpee.org.cn/,2026年08月17日
江苏省,南京市,HR招聘,北京易才人力资源顾问有限公司,江苏省·南京市·建邺区,大专,1,视力残疾1-3级;听力残疾1-3级;言语残疾1-3级;肢体残疾1-3级;智力残疾1-3级;精神残疾1-3级;多重残疾1-3级;,是,见原平台,中国残联就业服务平台（动态接口）,https://www.cdpee.org.cn/,2026年05月22日
四川省,成都市,成都急招（残疾人福利岗）五险一金，长白8小时，高薪技术岗,广州海仑企业服务有限公司,四川省·成都市·锦江区,学历不限,3,视力残疾1-4级;听力残疾1-4级;言语残疾1-4级;肢体残疾1-4级;智力残疾1-4级;精神残疾1-4级;多重残疾1-4级;,是,见原平台,中国残联就业服务平台（动态接口）,https://www.cdpee.org.cn/,2026年09月17日
天津市,天津市,天津档案处理员，双休，8小时，缴纳五险一金,广州海仑企业服务有限公司,天津市·天津市·河东区,学历不限,2,视力残疾1-4级;听力残疾1-4级;言语残疾1-4级;肢体残疾1-4级;智力残疾1-4级;精神残疾1-4级;多重残疾1-4级;,是,见原平台,中国残联就业服务平台（动态接口）,https://www.cdpee.org.cn/,2026年09月17日
广东省,惠州市,电子维修员,惠州市鑫荣美科技有限公司,广东省·惠州市·惠城区,,,视力残疾1-4级;听力残疾1-4级;言语残疾1-4级;肢体残疾1-4级;智力残疾1-4级;精神残疾1-4级;多重残疾1-4级;,是,见原平台,中国残联就业服务平台（动态接口）,https://www.cdpee.org.cn/,2026年02月26日
云南省,昭通市,艾草加工，种植,云南鑫会盟艾绒制品生产有限公司,云南省·昭通市·巧家县,学历不限,100,视力残疾4级;听力残疾4级;言语残疾4级;肢体残疾4级;智力残疾4级;精神残疾4级;,是,见原平台,中国残联就业服务平台（动态接口）,https://www.cdpee.org.cn/,2026年09月17日
江苏省,宿迁市,食品加工处理,宿迁市宿城区陆小青猪肉批发经营部,江苏省·宿迁市·湖滨新区,小学,100,"视力残疾3,4级;听力残疾3,4级;肢体残疾3,4级;智力残疾4级;多重残疾3,4级;",是,见原平台,中国残联就业服务平台（动态接口）,https://www.cdpee.org.cn/,2026年09月17日
浙江省,嘉兴市,分公司总经理,嘉兴振夏电子商务有限公司,浙江省·嘉兴市·南湖区,本科,,视力残疾1-4级;听力残疾1-4级;言语残疾1-4级;肢体残疾1-4级;智力残疾1-4级;精神残疾1-4级;多重残疾1-4级;,是,见原平台,中国残联就业服务平台（动态接口）,https://www.cdpee.org.cn/,2026年03月12日
湖南省,株洲市,垃圾清运工,湖南仁仁洁国际清洁科技集团股份有限公司荷塘分公司,湖南省·株洲市·荷塘区,学历不限,1,言语残疾1级;智力残疾1级;,是,见原平台,中国残联就业服务平台（动态接口）,https://www.cdpee.org.cn/,2026年09月17日
江苏省,徐州市,江苏徐州组件工+早八晚六+包吃+五险+坐班,陕西致广人力资源有限公司,江苏省·徐州市·邳州市,学历不限,20,"视力残疾1-4级;听力残疾1-4级;言语残疾1-4级;肢体残疾1-4级;智力残疾3,4级;多重残疾1-4级;",是,见原平台,中国残联就业服务平台（动态接口）,https://www.cdpee.org.cn/,2026年09月17日
广东省,江门市,生产工,江门市霞光照明电器有限公司,广东省·江门市·蓬江区,学历不限,1,听力残疾2-4级;言语残疾2-4级;肢体残疾4级;智力残疾4级;多重残疾4级;,是,见原平台,中国残联就业服务平台（动态接口）,https://www.cdpee.org.cn/,2026年09月17日
河北省,保定市,纯电话客服不含销售+无责底薪5k+月休四天,衡水市丰汇企业管理咨询有限公司,河北省·保定市·竞秀区,学历不限,,视力残疾1-4级;听力残疾1-4级;言语残疾1-4级;肢体残疾1-4级;智力残疾1-4级;精神残疾1-4级;多重残疾1-4级;,是,见原平台,中国残联就业服务平台（动态接口）,https://www.cdpee.org.cn/,2026年03月23日
上海市,上海市,行政助理（上海闵行区）,北京易才人力资源顾问有限公司,上海市·上海市·闵行区,大专,1,视力残疾1-3级;听力残疾1-3级;言语残疾1-3级;肢体残疾1-3级;智力残疾1-3级;精神残疾1-3级;多重残疾1-3级;,是,见原平台,中国残联就业服务平台（动态接口）,https://www.cdpee.org.cn/,2026年08月17日
江苏省,南京市,HR招聘,北京易才人力资源顾问有限公司,江苏省·南京市·建邺区,大专,1,视力残疾1-3级;听力残疾1-3级;言语残疾1-3级;肢体残疾1-3级;智力残疾1-3级;精神残疾1-3级;多重残疾1-3级;,是,见原平台,中国残联就业服务平台（动态接口）,https://www.cdpee.org.cn/,2026年05月22日
四川省,成都市,成都急招（残疾人福利岗）五险一金，长白8小时，高薪技术岗,广州海仑企业服务有限公司,四川省·成都市·锦江区,学历不限,3,视力残疾1-4级;听力残疾1-4级;言语残疾1-4级;肢体残疾1-4级;智力残疾1-4级;精神残疾1-4级;多重残疾1-4级;,是,见原平台,中国残联就业服务平台（动态接口）,https://www.cdpee.org.cn/,2026年09月17日
天津市,天津市,天津档案处理员，双休，8小时，缴纳五险一金,广州海仑企业服务有限公司,天津市·天津市·河东区,学历不限,2,视力残疾1-4级;听力残疾1-4级;言语残疾1-4级;肢体残疾1-4级;智力残疾1-4级;精神残疾1-4级;多重残疾1-4级;,是,见原平台,中国残联就业服务平台（动态接口）,https://www.cdpee.org.cn/,2026年09月17日
广东省,惠州市,电子维修员,惠州市鑫荣美科技有限公司,广东省·惠州市·惠城区,,,视力残疾1-4级;听力残疾1-4级;言语残疾1-4级;肢体残疾1-4级;智力残疾1-4级;精神残疾1-4级;多重残疾1-4级;,是,见原平台,中国残联就业服务平台（动态接口）,https://www.cdpee.org.cn/,2026年02月26日
云南省,昭通市,艾草加工，种植,云南鑫会盟艾绒制品生产有限公司,云南省·昭通市·巧家县,学历不限,100,视力残疾4级;听力残疾4级;言语残疾4级;肢体残疾4级;智力残疾4级;精神残疾4级;,是,见原平台,中国残联就业服务平台（动态接口）,https://www.cdpee.org.cn/,2026年09月17日
江苏省,宿迁市,食品加工处理,宿迁市宿城区陆小青猪肉批发经营部,江苏省·宿迁市·湖滨新区,小学,100,"视力残疾3,4级;听力残疾3,4级;肢体残疾3,4级;智力残疾4级;多重残疾3,4级;",是,见原平台,中国残联就业服务平台（动态接口）,https://www.cdpee.org.cn/,2026年09月17日
浙江省,嘉兴市,分公司总经理,嘉兴振夏电子商务有限公司,浙江省·嘉兴市·南湖区,本科,,视力残疾1-4级;听力残疾1-4级;言语残疾1-4级;肢体残疾1-4级;智力残疾1-4级;精神残疾1-4级;多重残疾1-4级;,是,见原平台,中国残联就业服务平台（动态接口）,https://www.cdpee.org.cn/,2026年03月12日
湖南省,株洲市,垃圾清运工,湖南仁仁洁国际清洁科技集团股份有限公司荷塘分公司,湖南省·株洲市·荷塘区,学历不限,1,言语残疾1级;智力残疾1级;,是,见原平台,中国残联就业服务平台（动态接口）,https://www.cdpee.org.cn/,2026年09月17日
江苏省,徐州市,江苏徐州组件工+早八晚六+包吃+五险+坐班,陕西致广人力资源有限公司,江苏省·徐州市·邳州市,学历不限,20,"视力残疾1-4级;听力残疾1-4级;言语残疾1-4级;肢体残疾1-4级;智力残疾3,4级;多重残疾1-4级;",是,见原平台,中国残联就业服务平台（动态接口）,https://www.cdpee.org.cn/,2026年09月17日
广东省,江门市,生产工,江门市霞光照明电器有限公司,广东省·江门市·蓬江区,学历不限,1,听力残疾2-4级;言语残疾2-4级;肢体残疾4级;智力残疾4级;多重残疾4级;,是,见原平台,中国残联就业服务平台（动态接口）,https://www.cdpee.org.cn/,2026年09月17日
河北省,保定市,纯电话客服不含销售+无责底薪5k+月休四天,衡水市丰汇企业管理咨询有限公司,河北省·保定市·竞秀区,学历不限,,视力残疾1-4级;听力残疾1-4级;言语残疾1-4级;肢体残疾1-4级;智力残疾1-4级;精神残疾1-4级;多重残疾1-4级;,是,见原平台,中国残联就业服务平台（动态接口）,https://www.cdpee.org.cn/,2026年03月23日
上海市,上海市,行政助理（上海闵行区）,北京易才人力资源顾问有限公司,上海市·上海市·闵行区,大专,1,视力残疾1-3级;听力残疾1-3级;言语残疾1-3级;肢体残疾1-3级;智力残疾1-3级;精神残疾1-3级;多重残疾1-3级;,是,见原平台,中国残联就业服务平台（动态接口）,https://www.cdpee.org.cn/,2026年08月17日
江苏省,南京市,HR招聘,北京易才人力资源顾问有限公司,江苏省·南京市·建邺区,大专,1,视力残疾1-3级;听力残疾1-3级;言语残疾1-3级;肢体残疾1-3级;智力残疾1-3级;精神残疾1-3级;多重残疾1-3级;,是,见原平台,中国残联就业服务平台（动态接口）,https://www.cdpee.org.cn/,2026年05月22日
四川省,成都市,成都急招（残疾人福利岗）五险一金，长白8小时，高薪技术岗,广州海仑企业服务有限公司,四川省·成都市·锦江区,学历不限,3,视力残疾1-4级;听力残疾1-4级;言语残疾1-4级;肢体残疾1-4级;智力残疾1-4级;精神残疾1-4级;多重残疾1-4级;,是,见原平台,中国残联就业服务平台（动态接口）,https://www.cdpee.org.cn/,2026年09月17日
天津市,天津市,天津档案处理员，双休，8小时，缴纳五险一金,广州海仑企业服务有限公司,天津市·天津市·河东区,学历不限,2,视力残疾1-4级;听力残疾1-4级;言语残疾1-4级;肢体残疾1-4级;智力残疾1-4级;精神残疾1-4级;多重残疾1-4级;,是,见原平台,中国残联就业服务平台（动态接口）,https://www.cdpee.org.cn/,2026年09月17日
广东省,惠州市,电子维修员,惠州市鑫荣美科技有限公司,广东省·惠州市·惠城区,,,视力残疾1-4级;听力残疾1-4级;言语残疾1-4级;肢体残疾1-4级;智力残疾1-4级;精神残疾1-4级;多重残疾1-4级;,是,见原平台,中国残联就业服务平台（动态接口）,https://www.cdpee.org.cn/,2026年02月26日
云南省,昭通市,艾草加工，种植,云南鑫会盟艾绒制品生产有限公司,云南省·昭通市·巧家县,学历不限,100,视力残疾4级;听力残疾4级;言语残疾4级;肢体残疾4级;智力残疾4级;精神残疾4级;,是,见原平台,中国残联就业服务平台（动态接口）,https://www.cdpee.org.cn/,2026年09月17日
江苏省,宿迁市,食品加工处理,宿迁市宿城区陆小青猪肉批发经营部,江苏省·宿迁市·湖滨新区,小学,100,"视力残疾3,4级;听力残疾3,4级;肢体残疾3,4级;智力残疾4级;多重残疾3,4级;",是,见原平台,中国残联就业服务平台（动态接口）,https://www.cdpee.org.cn/,2026年09月17日
浙江省,嘉兴市,分公司总经理,嘉兴振夏电子商务有限公司,浙江省·嘉兴市·南湖区,本科,,视力残疾1-4级;听力残疾1-4级;言语残疾1-4级;肢体残疾1-4级;智力残疾1-4级;精神残疾1-4级;多重残疾1-4级;,是,见原平台,中国残联就业服务平台（动态接口）,https://www.cdpee.org.cn/,2026年03月12日
湖南省,株洲市,垃圾清运工,湖南仁仁洁国际清洁科技集团股份有限公司荷塘分公司,湖南省·株洲市·荷塘区,学历不限,1,言语残疾1级;智力残疾1级;,是,见原平台,中国残联就业服务平台（动态接口）,https://www.cdpee.org.cn/,2026年09月17日
江苏省,徐州市,江苏徐州组件工+早八晚六+包吃+五险+坐班,陕西致广人力资源有限公司,江苏省·徐州市·邳州市,学历不限,20,"视力残疾1-4级;听力残疾1-4级;言语残疾1-4级;肢体残疾1-4级;智力残疾3,4级;多重残疾1-4级;",是,见原平台,中国残联就业服务平台（动态接口）,https://www.cdpee.org.cn/,2026年09月17日
广东省,江门市,生产工,江门市霞光照明电器有限公司,广东省·江门市·蓬江区,学历不限,1,听力残疾2-4级;言语残疾2-4级;肢体残疾4级;智力残疾4级;多重残疾4级;,是,见原平台,中国残联就业服务平台（动态接口）,https://www.cdpee.org.cn/,2026年09月17日
河北省,保定市,纯电话客服不含销售+无责底薪5k+月休四天,衡水市丰汇企业管理咨询有限公司,河北省·保定市·竞秀区,学历不限,,视力残疾1-4级;听力残疾1-4级;言语残疾1-4级;肢体残疾1-4级;智力残疾1-4级;精神残疾1-4级;多重残疾1-4级;,是,见原平台,中国残联就业服务平台（动态接口）,https://www.cdpee.org.cn/,2026年03月23日
上海市,上海市,行政助理（上海闵行区）,北京易才人力资源顾问有限公司,上海市·上海市·闵行区,大专,1,视力残疾1-3级;听力残疾1-3级;言语残疾1-3级;肢体残疾1-3级;智力残疾1-3级;精神残疾1-3级;多重残疾1-3级;,是,见原平台,中国残联就业服务平台（动态接口）,https://www.cdpee.org.cn/,2026年08月17日
江苏省,南京市,HR招聘,北京易才人力资源顾问有限公司,江苏省·南京市·建邺区,大专,1,视力残疾1-3级;听力残疾1-3级;言语残疾1-3级;肢体残疾1-3级;智力残疾1-3级;精神残疾1-3级;多重残疾1-3级;,是,见原平台,中国残联就业服务平台（动态接口）,https://www.cdpee.org.cn/,2026年05月22日
四川省,成都市,成都急招（残疾人福利岗）五险一金，长白8小时，高薪技术岗,广州海仑企业服务有限公司,四川省·成都市·锦江区,学历不限,3,视力残疾1-4级;听力残疾1-4级;言语残疾1-4级;肢体残疾1-4级;智力残疾1-4级;精神残疾1-4级;多重残疾1-4级;,是,见原平台,中国残联就业服务平台（动态接口）,https://www.cdpee.org.cn/,2026年09月17日
天津市,天津市,天津档案处理员，双休，8小时，缴纳五险一金,广州海仑企业服务有限公司,天津市·天津市·河东区,学历不限,2,视力残疾1-4级;听力残疾1-4级;言语残疾1-4级;肢体残疾1-4级;智力残疾1-4级;精神残疾1-4级;多重残疾1-4级;,是,见原平台,中国残联就业服务平台（动态接口）,https://www.cdpee.org.cn/,2026年09月17日
广东省,惠州市,电子维修员,惠州市鑫荣美科技有限公司,广东省·惠州市·惠城区,,,视力残疾1-4级;听力残疾1-4级;言语残疾1-4级;肢体残疾1-4级;智力残疾1-4级;精神残疾1-4级;多重残疾1-4级;,是,见原平台,中国残联就业服务平台（动态接口）,https://www.cdpee.org.cn/,2026年02月26日
云南省,昭通市,艾草加工，种植,云南鑫会盟艾绒制品生产有限公司,云南省·昭通市·巧家县,学历不限,100,视力残疾4级;听力残疾4级;言语残疾4级;肢体残疾4级;智力残疾4级;精神残疾4级;,是,见原平台,中国残联就业服务平台（动态接口）,https://www.cdpee.org.cn/,2026年09月17日
江苏省,宿迁市,食品加工处理,宿迁市宿城区陆小青猪肉批发经营部,江苏省·宿迁市·湖滨新区,小学,100,"视力残疾3,4级;听力残疾3,4级;肢体残疾3,4级;智力残疾4级;多重残疾3,4级;",是,见原平台,中国残联就业服务平台（动态接口）,https://www.cdpee.org.cn/,2026年09月17日
浙江省,嘉兴市,分公司总经理,嘉兴振夏电子商务有限公司,浙江省·嘉兴市·南湖区,本科,,视力残疾1-4级;听力残疾1-4级;言语残疾1-4级;肢体残疾1-4级;智力残疾1-4级;精神残疾1-4级;多重残疾1-4级;,是,见原平台,中国残联就业服务平台（动态接口）,https://www.cdpee.org.cn/,2026年03月12日
湖南省,株洲市,垃圾清运工,湖南仁仁洁国际清洁科技集团股份有限公司荷塘分公司,湖南省·株洲市·荷塘区,学历不限,1,言语残疾1级;智力残疾1级;,是,见原平台,中国残联就业服务平台（动态接口）,https://www.cdpee.org.cn/,2026年09月17日
江苏省,徐州市,江苏徐州组件工+早八晚六+包吃+五险+坐班,陕西致广人力资源有限公司,江苏省·徐州市·邳州市,学历不限,20,"视力残疾1-4级;听力残疾1-4级;言语残疾1-4级;肢体残疾1-4级;智力残疾3,4级;多重残疾1-4级;",是,见原平台,中国残联就业服务平台（动态接口）,https://www.cdpee.org.cn/,2026年09月17日
广东省,江门市,生产工,江门市霞光照明电器有限公司,广东省·江门市·蓬江区,学历不限,1,听力残疾2-4级;言语残疾2-4级;肢体残疾4级;智力残疾4级;多重残疾4级;,是,见原平台,中国残联就业服务平台（动态接口）,https://www.cdpee.org.cn/,2026年09月17日
河北省,保定市,纯电话客服不含销售+无责底薪5k+月休四天,衡水市丰汇企业管理咨询有限公司,河北省·保定市·竞秀区,学历不限,,视力残疾1-4级;听力残疾1-4级;言语残疾1-4级;肢体残疾1-4级;智力残疾1-4级;精神残疾1-4级;多重残疾1-4级;,是,见原平台,中国残联就业服务平台（动态接口）,https://www.cdpee.org.cn/,2026年03月23日
上海市,上海市,行政助理（上海闵行区）,北京易才人力资源顾问有限公司,上海市·上海市·闵行区,大专,1,视力残疾1-3级;听力残疾1-3级;言语残疾1-3级;肢体残疾1-3级;智力残疾1-3级;精神残疾1-3级;多重残疾1-3级;,是,见原平台,中国残联就业服务平台（动态接口）,https://www.cdpee.org.cn/,2026年08月17日
江苏省,南京市,HR招聘,北京易才人力资源顾问有限公司,江苏省·南京市·建邺区,大专,1,视力残疾1-3级;听力残疾1-3级;言语残疾1-3级;肢体残疾1-3级;智力残疾1-3级;精神残疾1-3级;多重残疾1-3级;,是,见原平台,中国残联就业服务平台（动态接口）,https://www.cdpee.org.cn/,2026年05月22日
四川省,成都市,成都急招（残疾人福利岗）五险一金，长白8小时，高薪技术岗,广州海仑企业服务有限公司,四川省·成都市·锦江区,学历不限,3,视力残疾1-4级;听力残疾1-4级;言语残疾1-4级;肢体残疾1-4级;智力残疾1-4级;精神残疾1-4级;多重残疾1-4级;,是,见原平台,中国残联就业服务平台（动态接口）,https://www.cdpee.org.cn/,2026年09月17日
天津市,天津市,天津档案处理员，双休，8小时，缴纳五险一金,广州海仑企业服务有限公司,天津市·天津市·河东区,学历不限,2,视力残疾1-4级;听力残疾1-4级;言语残疾1-4级;肢体残疾1-4级;智力残疾1-4级;精神残疾1-4级;多重残疾1-4级;,是,见原平台,中国残联就业服务平台（动态接口）,https://www.cdpee.org.cn/,2026年09月17日
广东省,惠州市,电子维修员,惠州市鑫荣美科技有限公司,广东省·惠州市·惠城区,,,视力残疾1-4级;听力残疾1-4级;言语残疾1-4级;肢体残疾1-4级;智力残疾1-4级;精神残疾1-4级;多重残疾1-4级;,是,见原平台,中国残联就业服务平台（动态接口）,https://www.cdpee.org.cn/,2026年02月26日
云南省,昭通市,艾草加工，种植,云南鑫会盟艾绒制品生产有限公司,云南省·昭通市·巧家县,学历不限,100,视力残疾4级;听力残疾4级;言语残疾4级;肢体残疾4级;智力残疾4级;精神残疾4级;,是,见原平台,中国残联就业服务平台（动态接口）,https://www.cdpee.org.cn/,2026年09月17日
江苏省,宿迁市,食品加工处理,宿迁市宿城区陆小青猪肉批发经营部,江苏省·宿迁市·湖滨新区,小学,100,"视力残疾3,4级;听力残疾3,4级;肢体残疾3,4级;智力残疾4级;多重残疾3,4级;",是,见原平台,中国残联就业服务平台（动态接口）,https://www.cdpee.org.cn/,2026年09月17日
浙江省,嘉兴市,分公司总经理,嘉兴振夏电子商务有限公司,浙江省·嘉兴市·南湖区,本科,,视力残疾1-4级;听力残疾1-4级;言语残疾1-4级;肢体残疾1-4级;智力残疾1-4级;精神残疾1-4级;多重残疾1-4级;,是,见原平台,中国残联就业服务平台（动态接口）,https://www.cdpee.org.cn/,2026年03月12日
湖南省,株洲市,垃圾清运工,湖南仁仁洁国际清洁科技集团股份有限公司荷塘分公司,湖南省·株洲市·荷塘区,学历不限,1,言语残疾1级;智力残疾1级;,是,见原平台,中国残联就业服务平台（动态接口）,https://www.cdpee.org.cn/,2026年09月17日
江苏省,徐州市,江苏徐州组件工+早八晚六+包吃+五险+坐班,陕西致广人力资源有限公司,江苏省·徐州市·邳州市,学历不限,20,"视力残疾1-4级;听力残疾1-4级;言语残疾1-4级;肢体残疾1-4级;智力残疾3,4级;多重残疾1-4级;",是,见原平台,中国残联就业服务平台（动态接口）,https://www.cdpee.org.cn/,2026年09月17日
广东省,江门市,生产工,江门市霞光照明电器有限公司,广东省·江门市·蓬江区,学历不限,1,听力残疾2-4级;言语残疾2-4级;肢体残疾4级;智力残疾4级;多重残疾4级;,是,见原平台,中国残联就业服务平台（动态接口）,https://www.cdpee.org.cn/,2026年09月17日
河北省,保定市,纯电话客服不含销售+无责底薪5k+月休四天,衡水市丰汇企业管理咨询有限公司,河北省·保定市·竞秀区,学历不限,,视力残疾1-4级;听力残疾1-4级;言语残疾1-4级;肢体残疾1-4级;智力残疾1-4级;精神残疾1-4级;多重残疾1-4级;,是,见原平台,中国残联就业服务平台（动态接口）,https://www.cdpee.org.cn/,2026年03月23日
上海市,上海市,行政助理（上海闵行区）,北京易才人力资源顾问有限公司,上海市·上海市·闵行区,大专,1,视力残疾1-3级;听力残疾1-3级;言语残疾1-3级;肢体残疾1-3级;智力残疾1-3级;精神残疾1-3级;多重残疾1-3级;,是,见原平台,中国残联就业服务平台（动态接口）,https://www.cdpee.org.cn/,2026年08月17日
江苏省,南京市,HR招聘,北京易才人力资源顾问有限公司,江苏省·南京市·建邺区,大专,1,视力残疾1-3级;听力残疾1-3级;言语残疾1-3级;肢体残疾1-3级;智力残疾1-3级;精神残疾1-3级;多重残疾1-3级;,是,见原平台,中国残联就业服务平台（动态接口）,https://www.cdpee.org.cn/,2026年05月22日
四川省,成都市,成都急招（残疾人福利岗）五险一金，长白8小时，高薪技术岗,广州海仑企业服务有限公司,四川省·成都市·锦江区,学历不限,3,视力残疾1-4级;听力残疾1-4级;言语残疾1-4级;肢体残疾1-4级;智力残疾1-4级;精神残疾1-4级;多重残疾1-4级;,是,见原平台,中国残联就业服务平台（动态接口）,https://www.cdpee.org.cn/,2026年09月17日
天津市,天津市,天津档案处理员，双休，8小时，缴纳五险一金,广州海仑企业服务有限公司,天津市·天津市·河东区,学历不限,2,视力残疾1-4级;听力残疾1-4级;言语残疾1-4级;肢体残疾1-4级;智力残疾1-4级;精神残疾1-4级;多重残疾1-4级;,是,见原平台,中国残联就业服务平台（动态接口）,https://www.cdpee.org.cn/,2026年09月17日
广东省,惠州市,电子维修员,惠州市鑫荣美科技有限公司,广东省·惠州市·惠城区,,,视力残疾1-4级;听力残疾1-4级;言语残疾1-4级;肢体残疾1-4级;智力残疾1-4级;精神残疾1-4级;多重残疾1-4级;,是,见原平台,中国残联就业服务平台（动态接口）,https://www.cdpee.org.cn/,2026年02月26日
云南省,昭通市,艾草加工，种植,云南鑫会盟艾绒制品生产有限公司,云南省·昭通市·巧家县,学历不限,100,视力残疾4级;听力残疾4级;言语残疾4级;肢体残疾4级;智力残疾4级;精神残疾4级;,是,见原平台,中国残联就业服务平台（动态接口）,https://www.cdpee.org.cn/,2026年09月17日
江苏省,宿迁市,食品加工处理,宿迁市宿城区陆小青猪肉批发经营部,江苏省·宿迁市·湖滨新区,小学,100,"视力残疾3,4级;听力残疾3,4级;肢体残疾3,4级;智力残疾4级;多重残疾3,4级;",是,见原平台,中国残联就业服务平台（动态接口）,https://www.cdpee.org.cn/,2026年09月17日
浙江省,嘉兴市,分公司总经理,嘉兴振夏电子商务有限公司,浙江省·嘉兴市·南湖区,本科,,视力残疾1-4级;听力残疾1-4级;言语残疾1-4级;肢体残疾1-4级;智力残疾1-4级;精神残疾1-4级;多重残疾1-4级;,是,见原平台,中国残联就业服务平台（动态接口）,https://www.cdpee.org.cn/,2026年03月12日
湖南省,株洲市,垃圾清运工,湖南仁仁洁国际清洁科技集团股份有限公司荷塘分公司,湖南省·株洲市·荷塘区,学历不限,1,言语残疾1级;智力残疾1级;,是,见原平台,中国残联就业服务平台（动态接口）,https://www.cdpee.org.cn/,2026年09月17日
江苏省,徐州市,江苏徐州组件工+早八晚六+包吃+五险+坐班,陕西致广人力资源有限公司,江苏省·徐州市·邳州市,学历不限,20,"视力残疾1-4级;听力残疾1-4级;言语残疾1-4级;肢体残疾1-4级;智力残疾3,4级;多重残疾1-4级;",是,见原平台,中国残联就业服务平台（动态接口）,https://www.cdpee.org.cn/,2026年09月17日
广东省,江门市,生产工,江门市霞光照明电器有限公司,广东省·江门市·蓬江区,学历不限,1,听力残疾2-4级;言语残疾2-4级;肢体残疾4级;智力残疾4级;多重残疾4级;,是,见原平台,中国残联就业服务平台（动态接口）,https://www.cdpee.org.cn/,2026年09月17日
河北省,保定市,纯电话客服不含销售+无责底薪5k+月休四天,衡水市丰汇企业管理咨询有限公司,河北省·保定市·竞秀区,学历不限,,视力残疾1-4级;听力残疾1-4级;言语残疾1-4级;肢体残疾1-4级;智力残疾1-4级;精神残疾1-4级;多重残疾1-4级;,是,见原平台,中国残联就业服务平台（动态接口）,https://www.cdpee.org.cn/,2026年03月23日
上海市,上海市,行政助理（上海闵行区）,北京易才人力资源顾问有限公司,上海市·上海市·闵行区,大专,1,视力残疾1-3级;听力残疾1-3级;言语残疾1-3级;肢体残疾1-3级;智力残疾1-3级;精神残疾1-3级;多重残疾1-3级;,是,见原平台,中国残联就业服务平台（动态接口）,https://www.cdpee.org.cn/,2026年08月17日
江苏省,南京市,HR招聘,北京易才人力资源顾问有限公司,江苏省·南京市·建邺区,大专,1,视力残疾1-3级;听力残疾1-3级;言语残疾1-3级;肢体残疾1-3级;智力残疾1-3级;精神残疾1-3级;多重残疾1-3级;,是,见原平台,中国残联就业服务平台（动态接口）,https://www.cdpee.org.cn/,2026年05月22日
四川省,成都市,成都急招（残疾人福利岗）五险一金，长白8小时，高薪技术岗,广州海仑企业服务有限公司,四川省·成都市·锦江区,学历不限,3,视力残疾1-4级;听力残疾1-4级;言语残疾1-4级;肢体残疾1-4级;智力残疾1-4级;精神残疾1-4级;多重残疾1-4级;,是,见原平台,中国残联就业服务平台（动态接口）,https://www.cdpee.org.cn/,2026年09月17日
天津市,天津市,天津档案处理员，双休，8小时，缴纳五险一金,广州海仑企业服务有限公司,天津市·天津市·河东区,学历不限,2,视力残疾1-4级;听力残疾1-4级;言语残疾1-4级;肢体残疾1-4级;智力残疾1-4级;精神残疾1-4级;多重残疾1-4级;,是,见原平台,中国残联就业服务平台（动态接口）,https://www.cdpee.org.cn/,2026年09月17日
广东省,惠州市,电子维修员,惠州市鑫荣美科技有限公司,广东省·惠州市·惠城区,,,视力残疾1-4级;听力残疾1-4级;言语残疾1-4级;肢体残疾1-4级;智力残疾1-4级;精神残疾1-4级;多重残疾1-4级;,是,见原平台,中国残联就业服务平台（动态接口）,https://www.cdpee.org.cn/,2026年02月26日
云南省,昭通市,艾草加工，种植,云南鑫会盟艾绒制品生产有限公司,云南省·昭通市·巧家县,学历不限,100,视力残疾4级;听力残疾4级;言语残疾4级;肢体残疾4级;智力残疾4级;精神残疾4级;,是,见原平台,中国残联就业服务平台（动态接口）,https://www.cdpee.org.cn/,2026年09月17日
江苏省,宿迁市,食品加工处理,宿迁市宿城区陆小青猪肉批发经营部,江苏省·宿迁市·湖滨新区,小学,100,"视力残疾3,4级;听力残疾3,4级;肢体残疾3,4级;智力残疾4级;多重残疾3,4级;",是,见原平台,中国残联就业服务平台（动态接口）,https://www.cdpee.org.cn/,2026年09月17日
浙江省,嘉兴市,分公司总经理,嘉兴振夏电子商务有限公司,浙江省·嘉兴市·南湖区,本科,,视力残疾1-4级;听力残疾1-4级;言语残疾1-4级;肢体残疾1-4级;智力残疾1-4级;精神残疾1-4级;多重残疾1-4级;,是,见原平台,中国残联就业服务平台（动态接口）,https://www.cdpee.org.cn/,2026年03月12日
湖南省,株洲市,垃圾清运工,湖南仁仁洁国际清洁科技集团股份有限公司荷塘分公司,湖南省·株洲市·荷塘区,学历不限,1,言语残疾1级;智力残疾1级;,是,见原平台,中国残联就业服务平台（动态接口）,https://www.cdpee.org.cn/,2026年09月17日
江苏省,徐州市,江苏徐州组件工+早八晚六+包吃+五险+坐班,陕西致广人力资源有限公司,江苏省·徐州市·邳州市,学历不限,20,"视力残疾1-4级;听力残疾1-4级;言语残疾1-4级;肢体残疾1-4级;智力残疾3,4级;多重残疾1-4级;",是,见原平台,中国残联就业服务平台（动态接口）,https://www.cdpee.org.cn/,2026年09月17日
广东省,江门市,生产工,江门市霞光照明电器有限公司,广东省·江门市·蓬江区,学历不限,1,听力残疾2-4级;言语残疾2-4级;肢体残疾4级;智力残疾4级;多重残疾4级;,是,见原平台,中国残联就业服务平台（动态接口）,https://www.cdpee.org.cn/,2026年09月17日
河北省,保定市,纯电话客服不含销售+无责底薪5k+月休四天,衡水市丰汇企业管理咨询有限公司,河北省·保定市·竞秀区,学历不限,,视力残疾1-4级;听力残疾1-4级;言语残疾1-4级;肢体残疾1-4级;智力残疾1-4级;精神残疾1-4级;多重残疾1-4级;,是,见原平台,中国残联就业服务平台（动态接口）,https://www.cdpee.org.cn/,2026年03月23日
上海市,上海市,行政助理（上海闵行区）,北京易才人力资源顾问有限公司,上海市·上海市·闵行区,大专,1,视力残疾1-3级;听力残疾1-3级;言语残疾1-3级;肢体残疾1-3级;智力残疾1-3级;精神残疾1-3级;多重残疾1-3级;,是,见原平台,中国残联就业服务平台（动态接口）,https://www.cdpee.org.cn/,2026年08月17日
江苏省,南京市,HR招聘,北京易才人力资源顾问有限公司,江苏省·南京市·建邺区,大专,1,视力残疾1-3级;听力残疾1-3级;言语残疾1-3级;肢体残疾1-3级;智力残疾1-3级;精神残疾1-3级;多重残疾1-3级;,是,见原平台,中国残联就业服务平台（动态接口）,https://www.cdpee.org.cn/,2026年05月22日
四川省,成都市,成都急招（残疾人福利岗）五险一金，长白8小时，高薪技术岗,广州海仑企业服务有限公司,四川省·成都市·锦江区,学历不限,3,视力残疾1-4级;听力残疾1-4级;言语残疾1-4级;肢体残疾1-4级;智力残疾1-4级;精神残疾1-4级;多重残疾1-4级;,是,见原平台,中国残联就业服务平台（动态接口）,https://www.cdpee.org.cn/,2026年09月17日
天津市,天津市,天津档案处理员，双休，8小时，缴纳五险一金,广州海仑企业服务有限公司,天津市·天津市·河东区,学历不限,2,视力残疾1-4级;听力残疾1-4级;言语残疾1-4级;肢体残疾1-4级;智力残疾1-4级;精神残疾1-4级;多重残疾1-4级;,是,见原平台,中国残联就业服务平台（动态接口）,https://www.cdpee.org.cn/,2026年09月17日
广东省,惠州市,电子维修员,惠州市鑫荣美科技有限公司,广东省·惠州市·惠城区,,,视力残疾1-4级;听力残疾1-4级;言语残疾1-4级;肢体残疾1-4级;智力残疾1-4级;精神残疾1-4级;多重残疾1-4级;,是,见原平台,中国残联就业服务平台（动态接口）,https://www.cdpee.org.cn/,2026年02月26日
云南省,昭通市,艾草加工，种植,云南鑫会盟艾绒制品生产有限公司,云南省·昭通市·巧家县,学历不限,100,视力残疾4级;听力残疾4级;言语残疾4级;肢体残疾4级;智力残疾4级;精神残疾4级;,是,见原平台,中国残联就业服务平台（动态接口）,https://www.cdpee.org.cn/,2026年09月17日
江苏省,宿迁市,食品加工处理,宿迁市宿城区陆小青猪肉批发经营部,江苏省·宿迁市·湖滨新区,小学,100,"视力残疾3,4级;听力残疾3,4级;肢体残疾3,4级;智力残疾4级;多重残疾3,4级;",是,见原平台,中国残联就业服务平台（动态接口）,https://www.cdpee.org.cn/,2026年09月17日
湖南省,株洲市,垃圾清运工,湖南仁仁洁国际清洁科技集团股份有限公司荷塘分公司,湖南省·株洲市·荷塘区,学历不限,1,言语残疾1级;智力残疾1级;,是,见原平台,中国残联就业服务平台（动态接口）,https://www.cdpee.org.cn/,2026年09月17日
江苏省,徐州市,江苏徐州组件工+早八晚六+包吃+五险+坐班,陕西致广人力资源有限公司,江苏省·徐州市·邳州市,学历不限,20,"视力残疾1-4级;听力残疾1-4级;言语残疾1-4级;肢体残疾1-4级;智力残疾3,4级;多重残疾1-4级;",是,见原平台,中国残联就业服务平台（动态接口）,https://www.cdpee.org.cn/,2026年09月17日
广东省,江门市,生产工,江门市霞光照明电器有限公司,广东省·江门市·蓬江区,学历不限,1,听力残疾2-4级;言语残疾2-4级;肢体残疾4级;智力残疾4级;多重残疾4级;,是,见原平台,中国残联就业服务平台（动态接口）,https://www.cdpee.org.cn/,2026年09月17日
上海市,上海市,行政助理（上海闵行区）,北京易才人力资源顾问有限公司,上海市·上海市·闵行区,大专,1,视力残疾1-3级;听力残疾1-3级;言语残疾1-3级;肢体残疾1-3级;智力残疾1-3级;精神残疾1-3级;多重残疾1-3级;,是,见原平台,中国残联就业服务平台（动态接口）,https://www.cdpee.org.cn/,2026年08月17日
江苏省,南京市,HR招聘,北京易才人力资源顾问有限公司,江苏省·南京市·建邺区,大专,1,视力残疾1-3级;听力残疾1-3级;言语残疾1-3级;肢体残疾1-3级;智力残疾1-3级;精神残疾1-3级;多重残疾1-3级;,是,见原平台,中国残联就业服务平台（动态接口）,https://www.cdpee.org.cn/,2026年05月22日
安徽省,亳州市,洗车技师,亳州市宝凭汽车服务有限公司,安徽省·亳州市·谯城区,学历不限,,"视力残疾3,4级;听力残疾3,4级;言语残疾3,4级;肢体残疾1-4级;智力残疾3,4级;精神残疾3,4级;",是,见原平台,中国残联就业服务平台（动态接口）,https://www.cdpee.org.cn/,2026年02月27日
四川省,成都市,成都急招（残疾人福利岗）五险一金，长白8小时，高薪技术岗,广州海仑企业服务有限公司,四川省·成都市·锦江区,学历不限,3,视力残疾1-4级;听力残疾1-4级;言语残疾1-4级;肢体残疾1-4级;智力残疾1-4级;精神残疾1-4级;多重残疾1-4级;,是,见原平台,中国残联就业服务平台（动态接口）,https://www.cdpee.org.cn/,2026年09月17日
天津市,天津市,天津档案处理员，双休，8小时，缴纳五险一金,广州海仑企业服务有限公司,天津市·天津市·河东区,学历不限,2,视力残疾1-4级;听力残疾1-4级;言语残疾1-4级;肢体残疾1-4级;智力残疾1-4级;精神残疾1-4级;多重残疾1-4级;,是,见原平台,中国残联就业服务平台（动态接口）,https://www.cdpee.org.cn/,2026年09月17日
云南省,昭通市,艾草加工，种植,云南鑫会盟艾绒制品生产有限公司,云南省·昭通市·巧家县,学历不限,100,视力残疾4级;听力残疾4级;言语残疾4级;肢体残疾4级;智力残疾4级;精神残疾4级;,是,见原平台,中国残联就业服务平台（动态接口）,https://www.cdpee.org.cn/,2026年09月17日
江苏省,宿迁市,食品加工处理,宿迁市宿城区陆小青猪肉批发经营部,江苏省·宿迁市·湖滨新区,小学,100,"视力残疾3,4级;听力残疾3,4级;肢体残疾3,4级;智力残疾4级;多重残疾3,4级;",是,见原平台,中国残联就业服务平台（动态接口）,https://www.cdpee.org.cn/,2026年09月17日
湖南省,株洲市,垃圾清运工,湖南仁仁洁国际清洁科技集团股份有限公司荷塘分公司,湖南省·株洲市·荷塘区,学历不限,1,言语残疾1级;智力残疾1级;,是,见原平台,中国残联就业服务平台（动态接口）,https://www.cdpee.org.cn/,2026年09月17日
江苏省,徐州市,江苏徐州组件工+早八晚六+包吃+五险+坐班,陕西致广人力资源有限公司,江苏省·徐州市·邳州市,学历不限,20,"视力残疾1-4级;听力残疾1-4级;言语残疾1-4级;肢体残疾1-4级;智力残疾3,4级;多重残疾1-4级;",是,见原平台,中国残联就业服务平台（动态接口）,https://www.cdpee.org.cn/,2026年09月17日
广东省,江门市,生产工,江门市霞光照明电器有限公司,广东省·江门市·蓬江区,学历不限,1,听力残疾2-4级;言语残疾2-4级;肢体残疾4级;智力残疾4级;多重残疾4级;,是,见原平台,中国残联就业服务平台（动态接口）,https://www.cdpee.org.cn/,2026年09月17日
上海市,上海市,行政助理（上海闵行区）,北京易才人力资源顾问有限公司,上海市·上海市·闵行区,大专,1,视力残疾1-3级;听力残疾1-3级;言语残疾1-3级;肢体残疾1-3级;智力残疾1-3级;精神残疾1-3级;多重残疾1-3级;,是,见原平台,中国残联就业服务平台（动态接口）,https://www.cdpee.org.cn/,2026年08月17日
江苏省,南京市,HR招聘,北京易才人力资源顾问有限公司,江苏省·南京市·建邺区,大专,1,视力残疾1-3级;听力残疾1-3级;言语残疾1-3级;肢体残疾1-3级;智力残疾1-3级;精神残疾1-3级;多重残疾1-3级;,是,见原平台,中国残联就业服务平台（动态接口）,https://www.cdpee.org.cn/,2026年05月22日
安徽省,亳州市,洗车技师,亳州市宝凭汽车服务有限公司,安徽省·亳州市·谯城区,学历不限,,"视力残疾3,4级;听力残疾3,4级;言语残疾3,4级;肢体残疾1-4级;智力残疾3,4级;精神残疾3,4级;",是,见原平台,中国残联就业服务平台（动态接口）,https://www.cdpee.org.cn/,2026年02月27日
四川省,成都市,成都急招（残疾人福利岗）五险一金，长白8小时，高薪技术岗,广州海仑企业服务有限公司,四川省·成都市·锦江区,学历不限,3,视力残疾1-4级;听力残疾1-4级;言语残疾1-4级;肢体残疾1-4级;智力残疾1-4级;精神残疾1-4级;多重残疾1-4级;,是,见原平台,中国残联就业服务平台（动态接口）,https://www.cdpee.org.cn/,2026年09月17日
天津市,天津市,天津档案处理员，双休，8小时，缴纳五险一金,广州海仑企业服务有限公司,天津市·天津市·河东区,学历不限,2,视力残疾1-4级;听力残疾1-4级;言语残疾1-4级;肢体残疾1-4级;智力残疾1-4级;精神残疾1-4级;多重残疾1-4级;,是,见原平台,中国残联就业服务平台（动态接口）,https://www.cdpee.org.cn/,2026年09月17日
云南省,昭通市,艾草加工，种植,云南鑫会盟艾绒制品生产有限公司,云南省·昭通市·巧家县,学历不限,100,视力残疾4级;听力残疾4级;言语残疾4级;肢体残疾4级;智力残疾4级;精神残疾4级;,是,见原平台,中国残联就业服务平台（动态接口）,https://www.cdpee.org.cn/,2026年09月17日
江苏省,宿迁市,食品加工处理,宿迁市宿城区陆小青猪肉批发经营部,江苏省·宿迁市·湖滨新区,小学,100,"视力残疾3,4级;听力残疾3,4级;肢体残疾3,4级;智力残疾4级;多重残疾3,4级;",是,见原平台,中国残联就业服务平台（动态接口）,https://www.cdpee.org.cn/,2026年09月17日
湖南省,株洲市,垃圾清运工,湖南仁仁洁国际清洁科技集团股份有限公司荷塘分公司,湖南省·株洲市·荷塘区,学历不限,1,言语残疾1级;智力残疾1级;,是,见原平台,中国残联就业服务平台（动态接口）,https://www.cdpee.org.cn/,2026年09月17日
江苏省,徐州市,江苏徐州组件工+早八晚六+包吃+五险+坐班,陕西致广人力资源有限公司,江苏省·徐州市·邳州市,学历不限,20,"视力残疾1-4级;听力残疾1-4级;言语残疾1-4级;肢体残疾1-4级;智力残疾3,4级;多重残疾1-4级;",是,见原平台,中国残联就业服务平台（动态接口）,https://www.cdpee.org.cn/,2026年09月17日
广东省,江门市,生产工,江门市霞光照明电器有限公司,广东省·江门市·蓬江区,学历不限,1,听力残疾2-4级;言语残疾2-4级;肢体残疾4级;智力残疾4级;多重残疾4级;,是,见原平台,中国残联就业服务平台（动态接口）,https://www.cdpee.org.cn/,2026年09月17日
上海市,上海市,行政助理（上海闵行区）,北京易才人力资源顾问有限公司,上海市·上海市·闵行区,大专,1,视力残疾1-3级;听力残疾1-3级;言语残疾1-3级;肢体残疾1-3级;智力残疾1-3级;精神残疾1-3级;多重残疾1-3级;,是,见原平台,中国残联就业服务平台（动态接口）,https://www.cdpee.org.cn/,2026年08月17日
江苏省,南京市,HR招聘,北京易才人力资源顾问有限公司,江苏省·南京市·建邺区,大专,1,视力残疾1-3级;听力残疾1-3级;言语残疾1-3级;肢体残疾1-3级;智力残疾1-3级;精神残疾1-3级;多重残疾1-3级;,是,见原平台,中国残联就业服务平台（动态接口）,https://www.cdpee.org.cn/,2026年05月22日
安徽省,亳州市,洗车技师,亳州市宝凭汽车服务有限公司,安徽省·亳州市·谯城区,学历不限,,"视力残疾3,4级;听力残疾3,4级;言语残疾3,4级;肢体残疾1-4级;智力残疾3,4级;精神残疾3,4级;",是,见原平台,中国残联就业服务平台（动态接口）,https://www.cdpee.org.cn/,2026年02月27日
四川省,成都市,成都急招（残疾人福利岗）五险一金，长白8小时，高薪技术岗,广州海仑企业服务有限公司,四川省·成都市·锦江区,学历不限,3,视力残疾1-4级;听力残疾1-4级;言语残疾1-4级;肢体残疾1-4级;智力残疾1-4级;精神残疾1-4级;多重残疾1-4级;,是,见原平台,中国残联就业服务平台（动态接口）,https://www.cdpee.org.cn/,2026年09月17日
天津市,天津市,天津档案处理员，双休，8小时，缴纳五险一金,广州海仑企业服务有限公司,天津市·天津市·河东区,学历不限,2,视力残疾1-4级;听力残疾1-4级;言语残疾1-4级;肢体残疾1-4级;智力残疾1-4级;精神残疾1-4级;多重残疾1-4级;,是,见原平台,中国残联就业服务平台（动态接口）,https://www.cdpee.org.cn/,2026年09月17日
云南省,昭通市,艾草加工，种植,云南鑫会盟艾绒制品生产有限公司,云南省·昭通市·巧家县,学历不限,100,视力残疾4级;听力残疾4级;言语残疾4级;肢体残疾4级;智力残疾4级;精神残疾4级;,是,见原平台,中国残联就业服务平台（动态接口）,https://www.cdpee.org.cn/,2026年09月17日
江苏省,宿迁市,食品加工处理,宿迁市宿城区陆小青猪肉批发经营部,江苏省·宿迁市·湖滨新区,小学,100,"视力残疾3,4级;听力残疾3,4级;肢体残疾3,4级;智力残疾4级;多重残疾3,4级;",是,见原平台,中国残联就业服务平台（动态接口）,https://www.cdpee.org.cn/,2026年09月17日
湖南省,株洲市,垃圾清运工,湖南仁仁洁国际清洁科技集团股份有限公司荷塘分公司,湖南省·株洲市·荷塘区,学历不限,1,言语残疾1级;智力残疾1级;,是,见原平台,中国残联就业服务平台（动态接口）,https://www.cdpee.org.cn/,2026年09月17日
江苏省,徐州市,江苏徐州组件工+早八晚六+包吃+五险+坐班,陕西致广人力资源有限公司,江苏省·徐州市·邳州市,学历不限,20,"视力残疾1-4级;听力残疾1-4级;言语残疾1-4级;肢体残疾1-4级;智力残疾3,4级;多重残疾1-4级;",是,见原平台,中国残联就业服务平台（动态接口）,https://www.cdpee.org.cn/,2026年09月17日
广东省,江门市,生产工,江门市霞光照明电器有限公司,广东省·江门市·蓬江区,学历不限,1,听力残疾2-4级;言语残疾2-4级;肢体残疾4级;智力残疾4级;多重残疾4级;,是,见原平台,中国残联就业服务平台（动态接口）,https://www.cdpee.org.cn/,2026年09月17日
上海市,上海市,行政助理（上海闵行区）,北京易才人力资源顾问有限公司,上海市·上海市·闵行区,大专,1,视力残疾1-3级;听力残疾1-3级;言语残疾1-3级;肢体残疾1-3级;智力残疾1-3级;精神残疾1-3级;多重残疾1-3级;,是,见原平台,中国残联就业服务平台（动态接口）,https://www.cdpee.org.cn/,2026年08月17日
江苏省,南京市,HR招聘,北京易才人力资源顾问有限公司,江苏省·南京市·建邺区,大专,1,视力残疾1-3级;听力残疾1-3级;言语残疾1-3级;肢体残疾1-3级;智力残疾1-3级;精神残疾1-3级;多重残疾1-3级;,是,见原平台,中国残联就业服务平台（动态接口）,https://www.cdpee.org.cn/,2026年05月22日
安徽省,亳州市,洗车技师,亳州市宝凭汽车服务有限公司,安徽省·亳州市·谯城区,学历不限,,"视力残疾3,4级;听力残疾3,4级;言语残疾3,4级;肢体残疾1-4级;智力残疾3,4级;精神残疾3,4级;",是,见原平台,中国残联就业服务平台（动态接口）,https://www.cdpee.org.cn/,2026年02月27日
四川省,成都市,成都急招（残疾人福利岗）五险一金，长白8小时，高薪技术岗,广州海仑企业服务有限公司,四川省·成都市·锦江区,学历不限,3,视力残疾1-4级;听力残疾1-4级;言语残疾1-4级;肢体残疾1-4级;智力残疾1-4级;精神残疾1-4级;多重残疾1-4级;,是,见原平台,中国残联就业服务平台（动态接口）,https://www.cdpee.org.cn/,2026年09月17日
天津市,天津市,天津档案处理员，双休，8小时，缴纳五险一金,广州海仑企业服务有限公司,天津市·天津市·河东区,学历不限,2,视力残疾1-4级;听力残疾1-4级;言语残疾1-4级;肢体残疾1-4级;智力残疾1-4级;精神残疾1-4级;多重残疾1-4级;,是,见原平台,中国残联就业服务平台（动态接口）,https://www.cdpee.org.cn/,2026年09月17日
云南省,昭通市,艾草加工，种植,云南鑫会盟艾绒制品生产有限公司,云南省·昭通市·巧家县,学历不限,100,视力残疾4级;听力残疾4级;言语残疾4级;肢体残疾4级;智力残疾4级;精神残疾4级;,是,见原平台,中国残联就业服务平台（动态接口）,https://www.cdpee.org.cn/,2026年09月17日
江苏省,宿迁市,食品加工处理,宿迁市宿城区陆小青猪肉批发经营部,江苏省·宿迁市·湖滨新区,小学,100,"视力残疾3,4级;听力残疾3,4级;肢体残疾3,4级;智力残疾4级;多重残疾3,4级;",是,见原平台,中国残联就业服务平台（动态接口）,https://www.cdpee.org.cn/,2026年09月17日
湖南省,株洲市,垃圾清运工,湖南仁仁洁国际清洁科技集团股份有限公司荷塘分公司,湖南省·株洲市·荷塘区,学历不限,1,言语残疾1级;智力残疾1级;,是,见原平台,中国残联就业服务平台（动态接口）,https://www.cdpee.org.cn/,2026年09月17日
江苏省,徐州市,江苏徐州组件工+早八晚六+包吃+五险+坐班,陕西致广人力资源有限公司,江苏省·徐州市·邳州市,学历不限,20,"视力残疾1-4级;听力残疾1-4级;言语残疾1-4级;肢体残疾1-4级;智力残疾3,4级;多重残疾1-4级;",是,见原平台,中国残联就业服务平台（动态接口）,https://www.cdpee.org.cn/,2026年09月17日
广东省,江门市,生产工,江门市霞光照明电器有限公司,广东省·江门市·蓬江区,学历不限,1,听力残疾2-4级;言语残疾2-4级;肢体残疾4级;智力残疾4级;多重残疾4级;,是,见原平台,中国残联就业服务平台（动态接口）,https://www.cdpee.org.cn/,2026年09月17日
上海市,上海市,行政助理（上海闵行区）,北京易才人力资源顾问有限公司,上海市·上海市·闵行区,大专,1,视力残疾1-3级;听力残疾1-3级;言语残疾1-3级;肢体残疾1-3级;智力残疾1-3级;精神残疾1-3级;多重残疾1-3级;,是,见原平台,中国残联就业服务平台（动态接口）,https://www.cdpee.org.cn/,2026年08月17日
江苏省,南京市,HR招聘,北京易才人力资源顾问有限公司,江苏省·南京市·建邺区,大专,1,视力残疾1-3级;听力残疾1-3级;言语残疾1-3级;肢体残疾1-3级;智力残疾1-3级;精神残疾1-3级;多重残疾1-3级;,是,见原平台,中国残联就业服务平台（动态接口）,https://www.cdpee.org.cn/,2026年05月22日
安徽省,亳州市,洗车技师,亳州市宝凭汽车服务有限公司,安徽省·亳州市·谯城区,学历不限,,"视力残疾3,4级;听力残疾3,4级;言语残疾3,4级;肢体残疾1-4级;智力残疾3,4级;精神残疾3,4级;",是,见原平台,中国残联就业服务平台（动态接口）,https://www.cdpee.org.cn/,2026年02月27日
四川省,成都市,成都急招（残疾人福利岗）五险一金，长白8小时，高薪技术岗,广州海仑企业服务有限公司,四川省·成都市·锦江区,学历不限,3,视力残疾1-4级;听力残疾1-4级;言语残疾1-4级;肢体残疾1-4级;智力残疾1-4级;精神残疾1-4级;多重残疾1-4级;,是,见原平台,中国残联就业服务平台（动态接口）,https://www.cdpee.org.cn/,2026年09月17日
天津市,天津市,天津档案处理员，双休，8小时，缴纳五险一金,广州海仑企业服务有限公司,天津市·天津市·河东区,学历不限,2,视力残疾1-4级;听力残疾1-4级;言语残疾1-4级;肢体残疾1-4级;智力残疾1-4级;精神残疾1-4级;多重残疾1-4级;,是,见原平台,中国残联就业服务平台（动态接口）,https://www.cdpee.org.cn/,2026年09月17日
云南省,昭通市,艾草加工，种植,云南鑫会盟艾绒制品生产有限公司,云南省·昭通市·巧家县,学历不限,100,视力残疾4级;听力残疾4级;言语残疾4级;肢体残疾4级;智力残疾4级;精神残疾4级;,是,见原平台,中国残联就业服务平台（动态接口）,https://www.cdpee.org.cn/,2026年09月17日
江苏省,宿迁市,食品加工处理,宿迁市宿城区陆小青猪肉批发经营部,江苏省·宿迁市·湖滨新区,小学,100,"视力残疾3,4级;听力残疾3,4级;肢体残疾3,4级;智力残疾4级;多重残疾3,4级;",是,见原平台,中国残联就业服务平台（动态接口）,https://www.cdpee.org.cn/,2026年09月17日
湖南省,株洲市,垃圾清运工,湖南仁仁洁国际清洁科技集团股份有限公司荷塘分公司,湖南省·株洲市·荷塘区,学历不限,1,言语残疾1级;智力残疾1级;,是,见原平台,中国残联就业服务平台（动态接口）,https://www.cdpee.org.cn/,2026年09月17日
江苏省,徐州市,江苏徐州组件工+早八晚六+包吃+五险+坐班,陕西致广人力资源有限公司,江苏省·徐州市·邳州市,学历不限,20,"视力残疾1-4级;听力残疾1-4级;言语残疾1-4级;肢体残疾1-4级;智力残疾3,4级;多重残疾1-4级;",是,见原平台,中国残联就业服务平台（动态接口）,https://www.cdpee.org.cn/,2026年09月17日
广东省,江门市,生产工,江门市霞光照明电器有限公司,广东省·江门市·蓬江区,学历不限,1,听力残疾2-4级;言语残疾2-4级;肢体残疾4级;智力残疾4级;多重残疾4级;,是,见原平台,中国残联就业服务平台（动态接口）,https://www.cdpee.org.cn/,2026年09月17日
上海市,上海市,行政助理（上海闵行区）,北京易才人力资源顾问有限公司,上海市·上海市·闵行区,大专,1,视力残疾1-3级;听力残疾1-3级;言语残疾1-3级;肢体残疾1-3级;智力残疾1-3级;精神残疾1-3级;多重残疾1-3级;,是,见原平台,中国残联就业服务平台（动态接口）,https://www.cdpee.org.cn/,2026年08月17日
江苏省,南京市,HR招聘,北京易才人力资源顾问有限公司,江苏省·南京市·建邺区,大专,1,视力残疾1-3级;听力残疾1-3级;言语残疾1-3级;肢体残疾1-3级;智力残疾1-3级;精神残疾1-3级;多重残疾1-3级;,是,见原平台,中国残联就业服务平台（动态接口）,https://www.cdpee.org.cn/,2026年05月22日
安徽省,亳州市,洗车技师,亳州市宝凭汽车服务有限公司,安徽省·亳州市·谯城区,学历不限,,"视力残疾3,4级;听力残疾3,4级;言语残疾3,4级;肢体残疾1-4级;智力残疾3,4级;精神残疾3,4级;",是,见原平台,中国残联就业服务平台（动态接口）,https://www.cdpee.org.cn/,2026年02月27日
四川省,成都市,成都急招（残疾人福利岗）五险一金，长白8小时，高薪技术岗,广州海仑企业服务有限公司,四川省·成都市·锦江区,学历不限,3,视力残疾1-4级;听力残疾1-4级;言语残疾1-4级;肢体残疾1-4级;智力残疾1-4级;精神残疾1-4级;多重残疾1-4级;,是,见原平台,中国残联就业服务平台（动态接口）,https://www.cdpee.org.cn/,2026年09月17日
天津市,天津市,天津档案处理员，双休，8小时，缴纳五险一金,广州海仑企业服务有限公司,天津市·天津市·河东区,学历不限,2,视力残疾1-4级;听力残疾1-4级;言语残疾1-4级;肢体残疾1-4级;智力残疾1-4级;精神残疾1-4级;多重残疾1-4级;,是,见原平台,中国残联就业服务平台（动态接口）,https://www.cdpee.org.cn/,2026年09月17日
云南省,昭通市,艾草加工，种植,云南鑫会盟艾绒制品生产有限公司,云南省·昭通市·巧家县,学历不限,100,视力残疾4级;听力残疾4级;言语残疾4级;肢体残疾4级;智力残疾4级;精神残疾4级;,是,见原平台,中国残联就业服务平台（动态接口）,https://www.cdpee.org.cn/,2026年09月17日
江苏省,宿迁市,食品加工处理,宿迁市宿城区陆小青猪肉批发经营部,江苏省·宿迁市·湖滨新区,小学,100,"视力残疾3,4级;听力残疾3,4级;肢体残疾3,4级;智力残疾4级;多重残疾3,4级;",是,见原平台,中国残联就业服务平台（动态接口）,https://www.cdpee.org.cn/,2026年09月17日
湖南省,株洲市,垃圾清运工,湖南仁仁洁国际清洁科技集团股份有限公司荷塘分公司,湖南省·株洲市·荷塘区,学历不限,1,言语残疾1级;智力残疾1级;,是,见原平台,中国残联就业服务平台（动态接口）,https://www.cdpee.org.cn/,2026年09月17日
江苏省,徐州市,江苏徐州组件工+早八晚六+包吃+五险+坐班,陕西致广人力资源有限公司,江苏省·徐州市·邳州市,学历不限,20,"视力残疾1-4级;听力残疾1-4级;言语残疾1-4级;肢体残疾1-4级;智力残疾3,4级;多重残疾1-4级;",是,见原平台,中国残联就业服务平台（动态接口）,https://www.cdpee.org.cn/,2026年09月17日
广东省,江门市,生产工,江门市霞光照明电器有限公司,广东省·江门市·蓬江区,学历不限,1,听力残疾2-4级;言语残疾2-4级;肢体残疾4级;智力残疾4级;多重残疾4级;,是,见原平台,中国残联就业服务平台（动态接口）,https://www.cdpee.org.cn/,2026年09月17日
上海市,上海市,行政助理（上海闵行区）,北京易才人力资源顾问有限公司,上海市·上海市·闵行区,大专,1,视力残疾1-3级;听力残疾1-3级;言语残疾1-3级;肢体残疾1-3级;智力残疾1-3级;精神残疾1-3级;多重残疾1-3级;,是,见原平台,中国残联就业服务平台（动态接口）,https://www.cdpee.org.cn/,2026年08月17日
江苏省,南京市,HR招聘,北京易才人力资源顾问有限公司,江苏省·南京市·建邺区,大专,1,视力残疾1-3级;听力残疾1-3级;言语残疾1-3级;肢体残疾1-3级;智力残疾1-3级;精神残疾1-3级;多重残疾1-3级;,是,见原平台,中国残联就业服务平台（动态接口）,https://www.cdpee.org.cn/,2026年05月22日
安徽省,亳州市,洗车技师,亳州市宝凭汽车服务有限公司,安徽省·亳州市·谯城区,学历不限,,"视力残疾3,4级;听力残疾3,4级;言语残疾3,4级;肢体残疾1-4级;智力残疾3,4级;精神残疾3,4级;",是,见原平台,中国残联就业服务平台（动态接口）,https://www.cdpee.org.cn/,2026年02月27日
四川省,成都市,成都急招（残疾人福利岗）五险一金，长白8小时，高薪技术岗,广州海仑企业服务有限公司,四川省·成都市·锦江区,学历不限,3,视力残疾1-4级;听力残疾1-4级;言语残疾1-4级;肢体残疾1-4级;智力残疾1-4级;精神残疾1-4级;多重残疾1-4级;,是,见原平台,中国残联就业服务平台（动态接口）,https://www.cdpee.org.cn/,2026年09月17日
天津市,天津市,天津档案处理员，双休，8小时，缴纳五险一金,广州海仑企业服务有限公司,天津市·天津市·河东区,学历不限,2,视力残疾1-4级;听力残疾1-4级;言语残疾1-4级;肢体残疾1-4级;智力残疾1-4级;精神残疾1-4级;多重残疾1-4级;,是,见原平台,中国残联就业服务平台（动态接口）,https://www.cdpee.org.cn/,2026年09月17日
云南省,昭通市,艾草加工，种植,云南鑫会盟艾绒制品生产有限公司,云南省·昭通市·巧家县,学历不限,100,视力残疾4级;听力残疾4级;言语残疾4级;肢体残疾4级;智力残疾4级;精神残疾4级;,是,见原平台,中国残联就业服务平台（动态接口）,https://www.cdpee.org.cn/,2026年09月17日
江苏省,宿迁市,食品加工处理,宿迁市宿城区陆小青猪肉批发经营部,江苏省·宿迁市·湖滨新区,小学,100,"视力残疾3,4级;听力残疾3,4级;肢体残疾3,4级;智力残疾4级;多重残疾3,4级;",是,见原平台,中国残联就业服务平台（动态接口）,https://www.cdpee.org.cn/,2026年09月17日
湖南省,株洲市,垃圾清运工,湖南仁仁洁国际清洁科技集团股份有限公司荷塘分公司,湖南省·株洲市·荷塘区,学历不限,1,言语残疾1级;智力残疾1级;,是,见原平台,中国残联就业服务平台（动态接口）,https://www.cdpee.org.cn/,2026年09月17日
江苏省,徐州市,江苏徐州组件工+早八晚六+包吃+五险+坐班,陕西致广人力资源有限公司,江苏省·徐州市·邳州市,学历不限,20,"视力残疾1-4级;听力残疾1-4级;言语残疾1-4级;肢体残疾1-4级;智力残疾3,4级;多重残疾1-4级;",是,见原平台,中国残联就业服务平台（动态接口）,https://www.cdpee.org.cn/,2026年09月17日
广东省,江门市,生产工,江门市霞光照明电器有限公司,广东省·江门市·蓬江区,学历不限,1,听力残疾2-4级;言语残疾2-4级;肢体残疾4级;智力残疾4级;多重残疾4级;,是,见原平台,中国残联就业服务平台（动态接口）,https://www.cdpee.org.cn/,2026年09月17日
上海市,上海市,行政助理（上海闵行区）,北京易才人力资源顾问有限公司,上海市·上海市·闵行区,大专,1,视力残疾1-3级;听力残疾1-3级;言语残疾1-3级;肢体残疾1-3级;智力残疾1-3级;精神残疾1-3级;多重残疾1-3级;,是,见原平台,中国残联就业服务平台（动态接口）,https://www.cdpee.org.cn/,2026年08月17日
江苏省,南京市,HR招聘,北京易才人力资源顾问有限公司,江苏省·南京市·建邺区,大专,1,视力残疾1-3级;听力残疾1-3级;言语残疾1-3级;肢体残疾1-3级;智力残疾1-3级;精神残疾1-3级;多重残疾1-3级;,是,见原平台,中国残联就业服务平台（动态接口）,https://www.cdpee.org.cn/,2026年05月22日
安徽省,亳州市,洗车技师,亳州市宝凭汽车服务有限公司,安徽省·亳州市·谯城区,学历不限,,"视力残疾3,4级;听力残疾3,4级;言语残疾3,4级;肢体残疾1-4级;智力残疾3,4级;精神残疾3,4级;",是,见原平台,中国残联就业服务平台（动态接口）,https://www.cdpee.org.cn/,2026年02月27日
四川省,成都市,成都急招（残疾人福利岗）五险一金，长白8小时，高薪技术岗,广州海仑企业服务有限公司,四川省·成都市·锦江区,学历不限,3,视力残疾1-4级;听力残疾1-4级;言语残疾1-4级;肢体残疾1-4级;智力残疾1-4级;精神残疾1-4级;多重残疾1-4级;,是,见原平台,中国残联就业服务平台（动态接口）,https://www.cdpee.org.cn/,2026年09月17日
天津市,天津市,天津档案处理员，双休，8小时，缴纳五险一金,广州海仑企业服务有限公司,天津市·天津市·河东区,学历不限,2,视力残疾1-4级;听力残疾1-4级;言语残疾1-4级;肢体残疾1-4级;智力残疾1-4级;精神残疾1-4级;多重残疾1-4级;,是,见原平台,中国残联就业服务平台（动态接口）,https://www.cdpee.org.cn/,2026年09月17日
云南省,昭通市,艾草加工，种植,云南鑫会盟艾绒制品生产有限公司,云南省·昭通市·巧家县,学历不限,100,视力残疾4级;听力残疾4级;言语残疾4级;肢体残疾4级;智力残疾4级;精神残疾4级;,是,见原平台,中国残联就业服务平台（动态接口）,https://www.cdpee.org.cn/,2026年09月17日
江苏省,宿迁市,食品加工处理,宿迁市宿城区陆小青猪肉批发经营部,江苏省·宿迁市·湖滨新区,小学,100,"视力残疾3,4级;听力残疾3,4级;肢体残疾3,4级;智力残疾4级;多重残疾3,4级;",是,见原平台,中国残联就业服务平台（动态接口）,https://www.cdpee.org.cn/,2026年09月17日
湖南省,株洲市,垃圾清运工,湖南仁仁洁国际清洁科技集团股份有限公司荷塘分公司,湖南省·株洲市·荷塘区,学历不限,1,言语残疾1级;智力残疾1级;,是,见原平台,中国残联就业服务平台（动态接口）,https://www.cdpee.org.cn/,2026年09月17日
江苏省,徐州市,江苏徐州组件工+早八晚六+包吃+五险+坐班,陕西致广人力资源有限公司,江苏省·徐州市·邳州市,学历不限,20,"视力残疾1-4级;听力残疾1-4级;言语残疾1-4级;肢体残疾1-4级;智力残疾3,4级;多重残疾1-4级;",是,见原平台,中国残联就业服务平台（动态接口）,https://www.cdpee.org.cn/,2026年09月17日
广东省,江门市,生产工,江门市霞光照明电器有限公司,广东省·江门市·蓬江区,学历不限,1,听力残疾2-4级;言语残疾2-4级;肢体残疾4级;智力残疾4级;多重残疾4级;,是,见原平台,中国残联就业服务平台（动态接口）,https://www.cdpee.org.cn/,2026年09月17日
上海市,上海市,行政助理（上海闵行区）,北京易才人力资源顾问有限公司,上海市·上海市·闵行区,大专,1,视力残疾1-3级;听力残疾1-3级;言语残疾1-3级;肢体残疾1-3级;智力残疾1-3级;精神残疾1-3级;多重残疾1-3级;,是,见原平台,中国残联就业服务平台（动态接口）,https://www.cdpee.org.cn/,2026年08月17日
江苏省,南京市,HR招聘,北京易才人力资源顾问有限公司,江苏省·南京市·建邺区,大专,1,视力残疾1-3级;听力残疾1-3级;言语残疾1-3级;肢体残疾1-3级;智力残疾1-3级;精神残疾1-3级;多重残疾1-3级;,是,见原平台,中国残联就业服务平台（动态接口）,https://www.cdpee.org.cn/,2026年05月22日
安徽省,亳州市,洗车技师,亳州市宝凭汽车服务有限公司,安徽省·亳州市·谯城区,学历不限,,"视力残疾3,4级;听力残疾3,4级;言语残疾3,4级;肢体残疾1-4级;智力残疾3,4级;精神残疾3,4级;",是,见原平台,中国残联就业服务平台（动态接口）,https://www.cdpee.org.cn/,2026年02月27日
四川省,成都市,成都急招（残疾人福利岗）五险一金，长白8小时，高薪技术岗,广州海仑企业服务有限公司,四川省·成都市·锦江区,学历不限,3,视力残疾1-4级;听力残疾1-4级;言语残疾1-4级;肢体残疾1-4级;智力残疾1-4级;精神残疾1-4级;多重残疾1-4级;,是,见原平台,中国残联就业服务平台（动态接口）,https://www.cdpee.org.cn/,2026年09月17日
天津市,天津市,天津档案处理员，双休，8小时，缴纳五险一金,广州海仑企业服务有限公司,天津市·天津市·河东区,学历不限,2,视力残疾1-4级;听力残疾1-4级;言语残疾1-4级;肢体残疾1-4级;智力残疾1-4级;精神残疾1-4级;多重残疾1-4级;,是,见原平台,中国残联就业服务平台（动态接口）,https://www.cdpee.org.cn/,2026年09月17日
云南省,昭通市,艾草加工，种植,云南鑫会盟艾绒制品生产有限公司,云南省·昭通市·巧家县,学历不限,100,视力残疾4级;听力残疾4级;言语残疾4级;肢体残疾4级;智力残疾4级;精神残疾4级;,是,见原平台,中国残联就业服务平台（动态接口）,https://www.cdpee.org.cn/,2026年09月17日
江苏省,宿迁市,食品加工处理,宿迁市宿城区陆小青猪肉批发经营部,江苏省·宿迁市·湖滨新区,小学,100,"视力残疾3,4级;听力残疾3,4级;肢体残疾3,4级;智力残疾4级;多重残疾3,4级;",是,见原平台,中国残联就业服务平台（动态接口）,https://www.cdpee.org.cn/,2026年09月17日
湖南省,株洲市,垃圾清运工,湖南仁仁洁国际清洁科技集团股份有限公司荷塘分公司,湖南省·株洲市·荷塘区,学历不限,1,言语残疾1级;智力残疾1级;,是,见原平台,中国残联就业服务平台（动态接口）,https://www.cdpee.org.cn/,2026年09月17日
江苏省,徐州市,江苏徐州组件工+早八晚六+包吃+五险+坐班,陕西致广人力资源有限公司,江苏省·徐州市·邳州市,学历不限,20,"视力残疾1-4级;听力残疾1-4级;言语残疾1-4级;肢体残疾1-4级;智力残疾3,4级;多重残疾1-4级;",是,见原平台,中国残联就业服务平台（动态接口）,https://www.cdpee.org.cn/,2026年09月17日
广东省,江门市,生产工,江门市霞光照明电器有限公司,广东省·江门市·蓬江区,学历不限,1,听力残疾2-4级;言语残疾2-4级;肢体残疾4级;智力残疾4级;多重残疾4级;,是,见原平台,中国残联就业服务平台（动态接口）,https://www.cdpee.org.cn/,2026年09月17日
上海市,上海市,行政助理（上海闵行区）,北京易才人力资源顾问有限公司,上海市·上海市·闵行区,大专,1,视力残疾1-3级;听力残疾1-3级;言语残疾1-3级;肢体残疾1-3级;智力残疾1-3级;精神残疾1-3级;多重残疾1-3级;,是,见原平台,中国残联就业服务平台（动态接口）,https://www.cdpee.org.cn/,2026年08月17日
江苏省,南京市,HR招聘,北京易才人力资源顾问有限公司,江苏省·南京市·建邺区,大专,1,视力残疾1-3级;听力残疾1-3级;言语残疾1-3级;肢体残疾1-3级;智力残疾1-3级;精神残疾1-3级;多重残疾1-3级;,是,见原平台,中国残联就业服务平台（动态接口）,https://www.cdpee.org.cn/,2026年05月22日
安徽省,亳州市,洗车技师,亳州市宝凭汽车服务有限公司,安徽省·亳州市·谯城区,学历不限,,"视力残疾3,4级;听力残疾3,4级;言语残疾3,4级;肢体残疾1-4级;智力残疾3,4级;精神残疾3,4级;",是,见原平台,中国残联就业服务平台（动态接口）,https://www.cdpee.org.cn/,2026年02月27日
四川省,成都市,成都急招（残疾人福利岗）五险一金，长白8小时，高薪技术岗,广州海仑企业服务有限公司,四川省·成都市·锦江区,学历不限,3,视力残疾1-4级;听力残疾1-4级;言语残疾1-4级;肢体残疾1-4级;智力残疾1-4级;精神残疾1-4级;多重残疾1-4级;,是,见原平台,中国残联就业服务平台（动态接口）,https://www.cdpee.org.cn/,2026年09月17日
天津市,天津市,天津档案处理员，双休，8小时，缴纳五险一金,广州海仑企业服务有限公司,天津市·天津市·河东区,学历不限,2,视力残疾1-4级;听力残疾1-4级;言语残疾1-4级;肢体残疾1-4级;智力残疾1-4级;精神残疾1-4级;多重残疾1-4级;,是,见原平台,中国残联就业服务平台（动态接口）,https://www.cdpee.org.cn/,2026年09月17日
云南省,昭通市,艾草加工，种植,云南鑫会盟艾绒制品生产有限公司,云南省·昭通市·巧家县,学历不限,100,视力残疾4级;听力残疾4级;言语残疾4级;肢体残疾4级;智力残疾4级;精神残疾4级;,是,见原平台,中国残联就业服务平台（动态接口）,https://www.cdpee.org.cn/,2026年09月17日
江苏省,宿迁市,食品加工处理,宿迁市宿城区陆小青猪肉批发经营部,江苏省·宿迁市·湖滨新区,小学,100,"视力残疾3,4级;听力残疾3,4级;肢体残疾3,4级;智力残疾4级;多重残疾3,4级;",是,见原平台,中国残联就业服务平台（动态接口）,https://www.cdpee.org.cn/,2026年09月17日
湖南省,株洲市,垃圾清运工,湖南仁仁洁国际清洁科技集团股份有限公司荷塘分公司,湖南省·株洲市·荷塘区,学历不限,1,言语残疾1级;智力残疾1级;,是,见原平台,中国残联就业服务平台（动态接口）,https://www.cdpee.org.cn/,2026年09月17日
江苏省,徐州市,江苏徐州组件工+早八晚六+包吃+五险+坐班,陕西致广人力资源有限公司,江苏省·徐州市·邳州市,学历不限,20,"视力残疾1-4级;听力残疾1-4级;言语残疾1-4级;肢体残疾1-4级;智力残疾3,4级;多重残疾1-4级;",是,见原平台,中国残联就业服务平台（动态接口）,https://www.cdpee.org.cn/,2026年09月17日
广东省,江门市,生产工,江门市霞光照明电器有限公司,广东省·江门市·蓬江区,学历不限,1,听力残疾2-4级;言语残疾2-4级;肢体残疾4级;智力残疾4级;多重残疾4级;,是,见原平台,中国残联就业服务平台（动态接口）,https://www.cdpee.org.cn/,2026年09月17日
上海市,上海市,行政助理（上海闵行区）,北京易才人力资源顾问有限公司,上海市·上海市·闵行区,大专,1,视力残疾1-3级;听力残疾1-3级;言语残疾1-3级;肢体残疾1-3级;智力残疾1-3级;精神残疾1-3级;多重残疾1-3级;,是,见原平台,中国残联就业服务平台（动态接口）,https://www.cdpee.org.cn/,2026年08月17日
江苏省,南京市,HR招聘,北京易才人力资源顾问有限公司,江苏省·南京市·建邺区,大专,1,视力残疾1-3级;听力残疾1-3级;言语残疾1-3级;肢体残疾1-3级;智力残疾1-3级;精神残疾1-3级;多重残疾1-3级;,是,见原平台,中国残联就业服务平台（动态接口）,https://www.cdpee.org.cn/,2026年05月22日
安徽省,亳州市,洗车技师,亳州市宝凭汽车服务有限公司,安徽省·亳州市·谯城区,学历不限,,"视力残疾3,4级;听力残疾3,4级;言语残疾3,4级;肢体残疾1-4级;智力残疾3,4级;精神残疾3,4级;",是,见原平台,中国残联就业服务平台（动态接口）,https://www.cdpee.org.cn/,2026年02月27日
四川省,成都市,成都急招（残疾人福利岗）五险一金，长白8小时，高薪技术岗,广州海仑企业服务有限公司,四川省·成都市·锦江区,学历不限,3,视力残疾1-4级;听力残疾1-4级;言语残疾1-4级;肢体残疾1-4级;智力残疾1-4级;精神残疾1-4级;多重残疾1-4级;,是,见原平台,中国残联就业服务平台（动态接口）,https://www.cdpee.org.cn/,2026年09月17日
天津市,天津市,天津档案处理员，双休，8小时，缴纳五险一金,广州海仑企业服务有限公司,天津市·天津市·河东区,学历不限,2,视力残疾1-4级;听力残疾1-4级;言语残疾1-4级;肢体残疾1-4级;智力残疾1-4级;精神残疾1-4级;多重残疾1-4级;,是,见原平台,中国残联就业服务平台（动态接口）,https://www.cdpee.org.cn/,2026年09月17日
云南省,昭通市,艾草加工，种植,云南鑫会盟艾绒制品生产有限公司,云南省·昭通市·巧家县,学历不限,100,视力残疾4级;听力残疾4级;言语残疾4级;肢体残疾4级;智力残疾4级;精神残疾4级;,是,见原平台,中国残联就业服务平台（动态接口）,https://www.cdpee.org.cn/,2026年09月17日
江苏省,宿迁市,食品加工处理,宿迁市宿城区陆小青猪肉批发经营部,江苏省·宿迁市·湖滨新区,小学,100,"视力残疾3,4级;听力残疾3,4级;肢体残疾3,4级;智力残疾4级;多重残疾3,4级;",是,见原平台,中国残联就业服务平台（动态接口）,https://www.cdpee.org.cn/,2026年09月17日
湖南省,株洲市,垃圾清运工,湖南仁仁洁国际清洁科技集团股份有限公司荷塘分公司,湖南省·株洲市·荷塘区,学历不限,1,言语残疾1级;智力残疾1级;,是,见原平台,中国残联就业服务平台（动态接口）,https://www.cdpee.org.cn/,2026年09月17日
江苏省,徐州市,江苏徐州组件工+早八晚六+包吃+五险+坐班,陕西致广人力资源有限公司,江苏省·徐州市·邳州市,学历不限,20,"视力残疾1-4级;听力残疾1-4级;言语残疾1-4级;肢体残疾1-4级;智力残疾3,4级;多重残疾1-4级;",是,见原平台,中国残联就业服务平台（动态接口）,https://www.cdpee.org.cn/,2026年09月17日
广东省,江门市,生产工,江门市霞光照明电器有限公司,广东省·江门市·蓬江区,学历不限,1,听力残疾2-4级;言语残疾2-4级;肢体残疾4级;智力残疾4级;多重残疾4级;,是,见原平台,中国残联就业服务平台（动态接口）,https://www.cdpee.org.cn/,2026年09月17日
上海市,上海市,行政助理（上海闵行区）,北京易才人力资源顾问有限公司,上海市·上海市·闵行区,大专,1,视力残疾1-3级;听力残疾1-3级;言语残疾1-3级;肢体残疾1-3级;智力残疾1-3级;精神残疾1-3级;多重残疾1-3级;,是,见原平台,中国残联就业服务平台（动态接口）,https://www.cdpee.org.cn/,2026年08月17日
浙江省,金华市,电梯维保,浙江正印智能装备有限公司,浙江省·金华市·义乌市,,,视力残疾1-4级;听力残疾1-4级;言语残疾1-4级;肢体残疾1-4级;智力残疾1-4级;精神残疾1-4级;多重残疾1-4级;,是,见原平台,中国残联就业服务平台（动态接口）,https://www.cdpee.org.cn/,2026年04月26日
江苏省,南京市,HR招聘,北京易才人力资源顾问有限公司,江苏省·南京市·建邺区,大专,1,视力残疾1-3级;听力残疾1-3级;言语残疾1-3级;肢体残疾1-3级;智力残疾1-3级;精神残疾1-3级;多重残疾1-3级;,是,见原平台,中国残联就业服务平台（动态接口）,https://www.cdpee.org.cn/,2026年05月22日
四川省,成都市,成都急招（残疾人福利岗）五险一金，长白8小时，高薪技术岗,广州海仑企业服务有限公司,四川省·成都市·锦江区,学历不限,3,视力残疾1-4级;听力残疾1-4级;言语残疾1-4级;肢体残疾1-4级;智力残疾1-4级;精神残疾1-4级;多重残疾1-4级;,是,见原平台,中国残联就业服务平台（动态接口）,https://www.cdpee.org.cn/,2026年09月17日
天津市,天津市,天津档案处理员，双休，8小时，缴纳五险一金,广州海仑企业服务有限公司,天津市·天津市·河东区,学历不限,2,视力残疾1-4级;听力残疾1-4级;言语残疾1-4级;肢体残疾1-4级;智力残疾1-4级;精神残疾1-4级;多重残疾1-4级;,是,见原平台,中国残联就业服务平台（动态接口）,https://www.cdpee.org.cn/,2026年09月17日
云南省,昭通市,艾草加工，种植,云南鑫会盟艾绒制品生产有限公司,云南省·昭通市·巧家县,学历不限,100,视力残疾4级;听力残疾4级;言语残疾4级;肢体残疾4级;智力残疾4级;精神残疾4级;,是,见原平台,中国残联就业服务平台（动态接口）,https://www.cdpee.org.cn/,2026年09月17日
江苏省,宿迁市,食品加工处理,宿迁市宿城区陆小青猪肉批发经营部,江苏省·宿迁市·湖滨新区,小学,100,"视力残疾3,4级;听力残疾3,4级;肢体残疾3,4级;智力残疾4级;多重残疾3,4级;",是,见原平台,中国残联就业服务平台（动态接口）,https://www.cdpee.org.cn/,2026年09月17日
湖南省,株洲市,垃圾清运工,湖南仁仁洁国际清洁科技集团股份有限公司荷塘分公司,湖南省·株洲市·荷塘区,学历不限,1,言语残疾1级;智力残疾1级;,是,见原平台,中国残联就业服务平台（动态接口）,https://www.cdpee.org.cn/,2026年09月17日
江苏省,徐州市,江苏徐州组件工+早八晚六+包吃+五险+坐班,陕西致广人力资源有限公司,江苏省·徐州市·邳州市,学历不限,20,"视力残疾1-4级;听力残疾1-4级;言语残疾1-4级;肢体残疾1-4级;智力残疾3,4级;多重残疾1-4级;",是,见原平台,中国残联就业服务平台（动态接口）,https://www.cdpee.org.cn/,2026年09月17日
广东省,江门市,生产工,江门市霞光照明电器有限公司,广东省·江门市·蓬江区,学历不限,1,听力残疾2-4级;言语残疾2-4级;肢体残疾4级;智力残疾4级;多重残疾4级;,是,见原平台,中国残联就业服务平台（动态接口）,https://www.cdpee.org.cn/,2026年09月17日
上海市,上海市,行政助理（上海闵行区）,北京易才人力资源顾问有限公司,上海市·上海市·闵行区,大专,1,视力残疾1-3级;听力残疾1-3级;言语残疾1-3级;肢体残疾1-3级;智力残疾1-3级;精神残疾1-3级;多重残疾1-3级;,是,见原平台,中国残联就业服务平台（动态接口）,https://www.cdpee.org.cn/,2026年08月17日
浙江省,金华市,电梯维保,浙江正印智能装备有限公司,浙江省·金华市·义乌市,,,视力残疾1-4级;听力残疾1-4级;言语残疾1-4级;肢体残疾1-4级;智力残疾1-4级;精神残疾1-4级;多重残疾1-4级;,是,见原平台,中国残联就业服务平台（动态接口）,https://www.cdpee.org.cn/,2026年04月26日
江苏省,南京市,HR招聘,北京易才人力资源顾问有限公司,江苏省·南京市·建邺区,大专,1,视力残疾1-3级;听力残疾1-3级;言语残疾1-3级;肢体残疾1-3级;智力残疾1-3级;精神残疾1-3级;多重残疾1-3级;,是,见原平台,中国残联就业服务平台（动态接口）,https://www.cdpee.org.cn/,2026年05月22日
四川省,成都市,成都急招（残疾人福利岗）五险一金，长白8小时，高薪技术岗,广州海仑企业服务有限公司,四川省·成都市·锦江区,学历不限,3,视力残疾1-4级;听力残疾1-4级;言语残疾1-4级;肢体残疾1-4级;智力残疾1-4级;精神残疾1-4级;多重残疾1-4级;,是,见原平台,中国残联就业服务平台（动态接口）,https://www.cdpee.org.cn/,2026年09月17日
天津市,天津市,天津档案处理员，双休，8小时，缴纳五险一金,广州海仑企业服务有限公司,天津市·天津市·河东区,学历不限,2,视力残疾1-4级;听力残疾1-4级;言语残疾1-4级;肢体残疾1-4级;智力残疾1-4级;精神残疾1-4级;多重残疾1-4级;,是,见原平台,中国残联就业服务平台（动态接口）,https://www.cdpee.org.cn/,2026年09月17日
云南省,昭通市,艾草加工，种植,云南鑫会盟艾绒制品生产有限公司,云南省·昭通市·巧家县,学历不限,100,视力残疾4级;听力残疾4级;言语残疾4级;肢体残疾4级;智力残疾4级;精神残疾4级;,是,见原平台,中国残联就业服务平台（动态接口）,https://www.cdpee.org.cn/,2026年09月17日
江苏省,宿迁市,食品加工处理,宿迁市宿城区陆小青猪肉批发经营部,江苏省·宿迁市·湖滨新区,小学,100,"视力残疾3,4级;听力残疾3,4级;肢体残疾3,4级;智力残疾4级;多重残疾3,4级;",是,见原平台,中国残联就业服务平台（动态接口）,https://www.cdpee.org.cn/,2026年09月17日
湖南省,株洲市,垃圾清运工,湖南仁仁洁国际清洁科技集团股份有限公司荷塘分公司,湖南省·株洲市·荷塘区,学历不限,1,言语残疾1级;智力残疾1级;,是,见原平台,中国残联就业服务平台（动态接口）,https://www.cdpee.org.cn/,2026年09月17日
江苏省,徐州市,江苏徐州组件工+早八晚六+包吃+五险+坐班,陕西致广人力资源有限公司,江苏省·徐州市·邳州市,学历不限,20,"视力残疾1-4级;听力残疾1-4级;言语残疾1-4级;肢体残疾1-4级;智力残疾3,4级;多重残疾1-4级;",是,见原平台,中国残联就业服务平台（动态接口）,https://www.cdpee.org.cn/,2026年09月17日
广东省,江门市,生产工,江门市霞光照明电器有限公司,广东省·江门市·蓬江区,学历不限,1,听力残疾2-4级;言语残疾2-4级;肢体残疾4级;智力残疾4级;多重残疾4级;,是,见原平台,中国残联就业服务平台（动态接口）,https://www.cdpee.org.cn/,2026年09月17日
上海市,上海市,行政助理（上海闵行区）,北京易才人力资源顾问有限公司,上海市·上海市·闵行区,大专,1,视力残疾1-3级;听力残疾1-3级;言语残疾1-3级;肢体残疾1-3级;智力残疾1-3级;精神残疾1-3级;多重残疾1-3级;,是,见原平台,中国残联就业服务平台（动态接口）,https://www.cdpee.org.cn/,2026年08月17日
浙江省,金华市,电梯维保,浙江正印智能装备有限公司,浙江省·金华市·义乌市,,,视力残疾1-4级;听力残疾1-4级;言语残疾1-4级;肢体残疾1-4级;智力残疾1-4级;精神残疾1-4级;多重残疾1-4级;,是,见原平台,中国残联就业服务平台（动态接口）,https://www.cdpee.org.cn/,2026年04月26日
江苏省,南京市,HR招聘,北京易才人力资源顾问有限公司,江苏省·南京市·建邺区,大专,1,视力残疾1-3级;听力残疾1-3级;言语残疾1-3级;肢体残疾1-3级;智力残疾1-3级;精神残疾1-3级;多重残疾1-3级;,是,见原平台,中国残联就业服务平台（动态接口）,https://www.cdpee.org.cn/,2026年05月22日
四川省,成都市,成都急招（残疾人福利岗）五险一金，长白8小时，高薪技术岗,广州海仑企业服务有限公司,四川省·成都市·锦江区,学历不限,3,视力残疾1-4级;听力残疾1-4级;言语残疾1-4级;肢体残疾1-4级;智力残疾1-4级;精神残疾1-4级;多重残疾1-4级;,是,见原平台,中国残联就业服务平台（动态接口）,https://www.cdpee.org.cn/,2026年09月17日
天津市,天津市,天津档案处理员，双休，8小时，缴纳五险一金,广州海仑企业服务有限公司,天津市·天津市·河东区,学历不限,2,视力残疾1-4级;听力残疾1-4级;言语残疾1-4级;肢体残疾1-4级;智力残疾1-4级;精神残疾1-4级;多重残疾1-4级;,是,见原平台,中国残联就业服务平台（动态接口）,https://www.cdpee.org.cn/,2026年09月17日
云南省,昭通市,艾草加工，种植,云南鑫会盟艾绒制品生产有限公司,云南省·昭通市·巧家县,学历不限,100,视力残疾4级;听力残疾4级;言语残疾4级;肢体残疾4级;智力残疾4级;精神残疾4级;,是,见原平台,中国残联就业服务平台（动态接口）,https://www.cdpee.org.cn/,2026年09月17日
江苏省,宿迁市,食品加工处理,宿迁市宿城区陆小青猪肉批发经营部,江苏省·宿迁市·湖滨新区,小学,100,"视力残疾3,4级;听力残疾3,4级;肢体残疾3,4级;智力残疾4级;多重残疾3,4级;",是,见原平台,中国残联就业服务平台（动态接口）,https://www.cdpee.org.cn/,2026年09月17日
湖南省,株洲市,垃圾清运工,湖南仁仁洁国际清洁科技集团股份有限公司荷塘分公司,湖南省·株洲市·荷塘区,学历不限,1,言语残疾1级;智力残疾1级;,是,见原平台,中国残联就业服务平台（动态接口）,https://www.cdpee.org.cn/,2026年09月17日
江苏省,徐州市,江苏徐州组件工+早八晚六+包吃+五险+坐班,陕西致广人力资源有限公司,江苏省·徐州市·邳州市,学历不限,20,"视力残疾1-4级;听力残疾1-4级;言语残疾1-4级;肢体残疾1-4级;智力残疾3,4级;多重残疾1-4级;",是,见原平台,中国残联就业服务平台（动态接口）,https://www.cdpee.org.cn/,2026年09月17日
广东省,江门市,生产工,江门市霞光照明电器有限公司,广东省·江门市·蓬江区,学历不限,1,听力残疾2-4级;言语残疾2-4级;肢体残疾4级;智力残疾4级;多重残疾4级;,是,见原平台,中国残联就业服务平台（动态接口）,https://www.cdpee.org.cn/,2026年09月17日
上海市,上海市,行政助理（上海闵行区）,北京易才人力资源顾问有限公司,上海市·上海市·闵行区,大专,1,视力残疾1-3级;听力残疾1-3级;言语残疾1-3级;肢体残疾1-3级;智力残疾1-3级;精神残疾1-3级;多重残疾1-3级;,是,见原平台,中国残联就业服务平台（动态接口）,https://www.cdpee.org.cn/,2026年08月17日
浙江省,金华市,电梯维保,浙江正印智能装备有限公司,浙江省·金华市·义乌市,,,视力残疾1-4级;听力残疾1-4级;言语残疾1-4级;肢体残疾1-4级;智力残疾1-4级;精神残疾1-4级;多重残疾1-4级;,是,见原平台,中国残联就业服务平台（动态接口）,https://www.cdpee.org.cn/,2026年04月26日
江苏省,南京市,HR招聘,北京易才人力资源顾问有限公司,江苏省·南京市·建邺区,大专,1,视力残疾1-3级;听力残疾1-3级;言语残疾1-3级;肢体残疾1-3级;智力残疾1-3级;精神残疾1-3级;多重残疾1-3级;,是,见原平台,中国残联就业服务平台（动态接口）,https://www.cdpee.org.cn/,2026年05月22日
四川省,成都市,成都急招（残疾人福利岗）五险一金，长白8小时，高薪技术岗,广州海仑企业服务有限公司,四川省·成都市·锦江区,学历不限,3,视力残疾1-4级;听力残疾1-4级;言语残疾1-4级;肢体残疾1-4级;智力残疾1-4级;精神残疾1-4级;多重残疾1-4级;,是,见原平台,中国残联就业服务平台（动态接口）,https://www.cdpee.org.cn/,2026年09月17日
天津市,天津市,天津档案处理员，双休，8小时，缴纳五险一金,广州海仑企业服务有限公司,天津市·天津市·河东区,学历不限,2,视力残疾1-4级;听力残疾1-4级;言语残疾1-4级;肢体残疾1-4级;智力残疾1-4级;精神残疾1-4级;多重残疾1-4级;,是,见原平台,中国残联就业服务平台（动态接口）,https://www.cdpee.org.cn/,2026年09月17日
云南省,昭通市,艾草加工，种植,云南鑫会盟艾绒制品生产有限公司,云南省·昭通市·巧家县,学历不限,100,视力残疾4级;听力残疾4级;言语残疾4级;肢体残疾4级;智力残疾4级;精神残疾4级;,是,见原平台,中国残联就业服务平台（动态接口）,https://www.cdpee.org.cn/,2026年09月17日
江苏省,宿迁市,食品加工处理,宿迁市宿城区陆小青猪肉批发经营部,江苏省·宿迁市·湖滨新区,小学,100,"视力残疾3,4级;听力残疾3,4级;肢体残疾3,4级;智力残疾4级;多重残疾3,4级;",是,见原平台,中国残联就业服务平台（动态接口）,https://www.cdpee.org.cn/,2026年09月17日
湖南省,株洲市,垃圾清运工,湖南仁仁洁国际清洁科技集团股份有限公司荷塘分公司,湖南省·株洲市·荷塘区,学历不限,1,言语残疾1级;智力残疾1级;,是,见原平台,中国残联就业服务平台（动态接口）,https://www.cdpee.org.cn/,2026年09月17日
江苏省,徐州市,江苏徐州组件工+早八晚六+包吃+五险+坐班,陕西致广人力资源有限公司,江苏省·徐州市·邳州市,学历不限,20,"视力残疾1-4级;听力残疾1-4级;言语残疾1-4级;肢体残疾1-4级;智力残疾3,4级;多重残疾1-4级;",是,见原平台,中国残联就业服务平台（动态接口）,https://www.cdpee.org.cn/,2026年09月17日
广东省,江门市,生产工,江门市霞光照明电器有限公司,广东省·江门市·蓬江区,学历不限,1,听力残疾2-4级;言语残疾2-4级;肢体残疾4级;智力残疾4级;多重残疾4级;,是,见原平台,中国残联就业服务平台（动态接口）,https://www.cdpee.org.cn/,2026年09月17日
上海市,上海市,行政助理（上海闵行区）,北京易才人力资源顾问有限公司,上海市·上海市·闵行区,大专,1,视力残疾1-3级;听力残疾1-3级;言语残疾1-3级;肢体残疾1-3级;智力残疾1-3级;精神残疾1-3级;多重残疾1-3级;,是,见原平台,中国残联就业服务平台（动态接口）,https://www.cdpee.org.cn/,2026年08月17日
浙江省,金华市,电梯维保,浙江正印智能装备有限公司,浙江省·金华市·义乌市,,,视力残疾1-4级;听力残疾1-4级;言语残疾1-4级;肢体残疾1-4级;智力残疾1-4级;精神残疾1-4级;多重残疾1-4级;,是,见原平台,中国残联就业服务平台（动态接口）,https://www.cdpee.org.cn/,2026年04月26日
江苏省,南京市,HR招聘,北京易才人力资源顾问有限公司,江苏省·南京市·建邺区,大专,1,视力残疾1-3级;听力残疾1-3级;言语残疾1-3级;肢体残疾1-3级;智力残疾1-3级;精神残疾1-3级;多重残疾1-3级;,是,见原平台,中国残联就业服务平台（动态接口）,https://www.cdpee.org.cn/,2026年05月22日
四川省,成都市,成都急招（残疾人福利岗）五险一金，长白8小时，高薪技术岗,广州海仑企业服务有限公司,四川省·成都市·锦江区,学历不限,3,视力残疾1-4级;听力残疾1-4级;言语残疾1-4级;肢体残疾1-4级;智力残疾1-4级;精神残疾1-4级;多重残疾1-4级;,是,见原平台,中国残联就业服务平台（动态接口）,https://www.cdpee.org.cn/,2026年09月17日
天津市,天津市,天津档案处理员，双休，8小时，缴纳五险一金,广州海仑企业服务有限公司,天津市·天津市·河东区,学历不限,2,视力残疾1-4级;听力残疾1-4级;言语残疾1-4级;肢体残疾1-4级;智力残疾1-4级;精神残疾1-4级;多重残疾1-4级;,是,见原平台,中国残联就业服务平台（动态接口）,https://www.cdpee.org.cn/,2026年09月17日
云南省,昭通市,艾草加工，种植,云南鑫会盟艾绒制品生产有限公司,云南省·昭通市·巧家县,学历不限,100,视力残疾4级;听力残疾4级;言语残疾4级;肢体残疾4级;智力残疾4级;精神残疾4级;,是,见原平台,中国残联就业服务平台（动态接口）,https://www.cdpee.org.cn/,2026年09月17日
江苏省,宿迁市,食品加工处理,宿迁市宿城区陆小青猪肉批发经营部,江苏省·宿迁市·湖滨新区,小学,100,"视力残疾3,4级;听力残疾3,4级;肢体残疾3,4级;智力残疾4级;多重残疾3,4级;",是,见原平台,中国残联就业服务平台（动态接口）,https://www.cdpee.org.cn/,2026年09月17日
湖南省,株洲市,垃圾清运工,湖南仁仁洁国际清洁科技集团股份有限公司荷塘分公司,湖南省·株洲市·荷塘区,学历不限,1,言语残疾1级;智力残疾1级;,是,见原平台,中国残联就业服务平台（动态接口）,https://www.cdpee.org.cn/,2026年09月17日
江苏省,徐州市,江苏徐州组件工+早八晚六+包吃+五险+坐班,陕西致广人力资源有限公司,江苏省·徐州市·邳州市,学历不限,20,"视力残疾1-4级;听力残疾1-4级;言语残疾1-4级;肢体残疾1-4级;智力残疾3,4级;多重残疾1-4级;",是,见原平台,中国残联就业服务平台（动态接口）,https://www.cdpee.org.cn/,2026年09月17日
广东省,江门市,生产工,江门市霞光照明电器有限公司,广东省·江门市·蓬江区,学历不限,1,听力残疾2-4级;言语残疾2-4级;肢体残疾4级;智力残疾4级;多重残疾4级;,是,见原平台,中国残联就业服务平台（动态接口）,https://www.cdpee.org.cn/,2026年09月17日
上海市,上海市,行政助理（上海闵行区）,北京易才人力资源顾问有限公司,上海市·上海市·闵行区,大专,1,视力残疾1-3级;听力残疾1-3级;言语残疾1-3级;肢体残疾1-3级;智力残疾1-3级;精神残疾1-3级;多重残疾1-3级;,是,见原平台,中国残联就业服务平台（动态接口）,https://www.cdpee.org.cn/,2026年08月17日
浙江省,金华市,电梯维保,浙江正印智能装备有限公司,浙江省·金华市·义乌市,,,视力残疾1-4级;听力残疾1-4级;言语残疾1-4级;肢体残疾1-4级;智力残疾1-4级;精神残疾1-4级;多重残疾1-4级;,是,见原平台,中国残联就业服务平台（动态接口）,https://www.cdpee.org.cn/,2026年04月26日
江苏省,南京市,HR招聘,北京易才人力资源顾问有限公司,江苏省·南京市·建邺区,大专,1,视力残疾1-3级;听力残疾1-3级;言语残疾1-3级;肢体残疾1-3级;智力残疾1-3级;精神残疾1-3级;多重残疾1-3级;,是,见原平台,中国残联就业服务平台（动态接口）,https://www.cdpee.org.cn/,2026年05月22日
四川省,成都市,成都急招（残疾人福利岗）五险一金，长白8小时，高薪技术岗,广州海仑企业服务有限公司,四川省·成都市·锦江区,学历不限,3,视力残疾1-4级;听力残疾1-4级;言语残疾1-4级;肢体残疾1-4级;智力残疾1-4级;精神残疾1-4级;多重残疾1-4级;,是,见原平台,中国残联就业服务平台（动态接口）,https://www.cdpee.org.cn/,2026年09月17日
天津市,天津市,天津档案处理员，双休，8小时，缴纳五险一金,广州海仑企业服务有限公司,天津市·天津市·河东区,学历不限,2,视力残疾1-4级;听力残疾1-4级;言语残疾1-4级;肢体残疾1-4级;智力残疾1-4级;精神残疾1-4级;多重残疾1-4级;,是,见原平台,中国残联就业服务平台（动态接口）,https://www.cdpee.org.cn/,2026年09月17日
云南省,昭通市,艾草加工，种植,云南鑫会盟艾绒制品生产有限公司,云南省·昭通市·巧家县,学历不限,100,视力残疾4级;听力残疾4级;言语残疾4级;肢体残疾4级;智力残疾4级;精神残疾4级;,是,见原平台,中国残联就业服务平台（动态接口）,https://www.cdpee.org.cn/,2026年09月17日
江苏省,宿迁市,食品加工处理,宿迁市宿城区陆小青猪肉批发经营部,江苏省·宿迁市·湖滨新区,小学,100,"视力残疾3,4级;听力残疾3,4级;肢体残疾3,4级;智力残疾4级;多重残疾3,4级;",是,见原平台,中国残联就业服务平台（动态接口）,https://www.cdpee.org.cn/,2026年09月17日
湖南省,株洲市,垃圾清运工,湖南仁仁洁国际清洁科技集团股份有限公司荷塘分公司,湖南省·株洲市·荷塘区,学历不限,1,言语残疾1级;智力残疾1级;,是,见原平台,中国残联就业服务平台（动态接口）,https://www.cdpee.org.cn/,2026年09月17日
江苏省,徐州市,江苏徐州组件工+早八晚六+包吃+五险+坐班,陕西致广人力资源有限公司,江苏省·徐州市·邳州市,学历不限,20,"视力残疾1-4级;听力残疾1-4级;言语残疾1-4级;肢体残疾1-4级;智力残疾3,4级;多重残疾1-4级;",是,见原平台,中国残联就业服务平台（动态接口）,https://www.cdpee.org.cn/,2026年09月17日
广东省,江门市,生产工,江门市霞光照明电器有限公司,广东省·江门市·蓬江区,学历不限,1,听力残疾2-4级;言语残疾2-4级;肢体残疾4级;智力残疾4级;多重残疾4级;,是,见原平台,中国残联就业服务平台（动态接口）,https://www.cdpee.org.cn/,2026年09月17日
上海市,上海市,行政助理（上海闵行区）,北京易才人力资源顾问有限公司,上海市·上海市·闵行区,大专,1,视力残疾1-3级;听力残疾1-3级;言语残疾1-3级;肢体残疾1-3级;智力残疾1-3级;精神残疾1-3级;多重残疾1-3级;,是,见原平台,中国残联就业服务平台（动态接口）,https://www.cdpee.org.cn/,2026年08月17日
浙江省,金华市,电梯维保,浙江正印智能装备有限公司,浙江省·金华市·义乌市,,,视力残疾1-4级;听力残疾1-4级;言语残疾1-4级;肢体残疾1-4级;智力残疾1-4级;精神残疾1-4级;多重残疾1-4级;,是,见原平台,中国残联就业服务平台（动态接口）,https://www.cdpee.org.cn/,2026年04月26日
江苏省,南京市,HR招聘,北京易才人力资源顾问有限公司,江苏省·南京市·建邺区,大专,1,视力残疾1-3级;听力残疾1-3级;言语残疾1-3级;肢体残疾1-3级;智力残疾1-3级;精神残疾1-3级;多重残疾1-3级;,是,见原平台,中国残联就业服务平台（动态接口）,https://www.cdpee.org.cn/,2026年05月22日
四川省,成都市,成都急招（残疾人福利岗）五险一金，长白8小时，高薪技术岗,广州海仑企业服务有限公司,四川省·成都市·锦江区,学历不限,3,视力残疾1-4级;听力残疾1-4级;言语残疾1-4级;肢体残疾1-4级;智力残疾1-4级;精神残疾1-4级;多重残疾1-4级;,是,见原平台,中国残联就业服务平台（动态接口）,https://www.cdpee.org.cn/,2026年09月17日
天津市,天津市,天津档案处理员，双休，8小时，缴纳五险一金,广州海仑企业服务有限公司,天津市·天津市·河东区,学历不限,2,视力残疾1-4级;听力残疾1-4级;言语残疾1-4级;肢体残疾1-4级;智力残疾1-4级;精神残疾1-4级;多重残疾1-4级;,是,见原平台,中国残联就业服务平台（动态接口）,https://www.cdpee.org.cn/,2026年09月17日
云南省,昭通市,艾草加工，种植,云南鑫会盟艾绒制品生产有限公司,云南省·昭通市·巧家县,学历不限,100,视力残疾4级;听力残疾4级;言语残疾4级;肢体残疾4级;智力残疾4级;精神残疾4级;,是,见原平台,中国残联就业服务平台（动态接口）,https://www.cdpee.org.cn/,2026年09月17日
江苏省,宿迁市,食品加工处理,宿迁市宿城区陆小青猪肉批发经营部,江苏省·宿迁市·湖滨新区,小学,100,"视力残疾3,4级;听力残疾3,4级;肢体残疾3,4级;智力残疾4级;多重残疾3,4级;",是,见原平台,中国残联就业服务平台（动态接口）,https://www.cdpee.org.cn/,2026年09月17日
湖南省,株洲市,垃圾清运工,湖南仁仁洁国际清洁科技集团股份有限公司荷塘分公司,湖南省·株洲市·荷塘区,学历不限,1,言语残疾1级;智力残疾1级;,是,见原平台,中国残联就业服务平台（动态接口）,https://www.cdpee.org.cn/,2026年09月17日
江苏省,徐州市,江苏徐州组件工+早八晚六+包吃+五险+坐班,陕西致广人力资源有限公司,江苏省·徐州市·邳州市,学历不限,20,"视力残疾1-4级;听力残疾1-4级;言语残疾1-4级;肢体残疾1-4级;智力残疾3,4级;多重残疾1-4级;",是,见原平台,中国残联就业服务平台（动态接口）,https://www.cdpee.org.cn/,2026年09月17日
广东省,江门市,生产工,江门市霞光照明电器有限公司,广东省·江门市·蓬江区,学历不限,1,听力残疾2-4级;言语残疾2-4级;肢体残疾4级;智力残疾4级;多重残疾4级;,是,见原平台,中国残联就业服务平台（动态接口）,https://www.cdpee.org.cn/,2026年09月17日
上海市,上海市,行政助理（上海闵行区）,北京易才人力资源顾问有限公司,上海市·上海市·闵行区,大专,1,视力残疾1-3级;听力残疾1-3级;言语残疾1-3级;肢体残疾1-3级;智力残疾1-3级;精神残疾1-3级;多重残疾1-3级;,是,见原平台,中国残联就业服务平台（动态接口）,https://www.cdpee.org.cn/,2026年08月17日
浙江省,金华市,电梯维保,浙江正印智能装备有限公司,浙江省·金华市·义乌市,,,视力残疾1-4级;听力残疾1-4级;言语残疾1-4级;肢体残疾1-4级;智力残疾1-4级;精神残疾1-4级;多重残疾1-4级;,是,见原平台,中国残联就业服务平台（动态接口）,https://www.cdpee.org.cn/,2026年04月26日
江苏省,南京市,HR招聘,北京易才人力资源顾问有限公司,江苏省·南京市·建邺区,大专,1,视力残疾1-3级;听力残疾1-3级;言语残疾1-3级;肢体残疾1-3级;智力残疾1-3级;精神残疾1-3级;多重残疾1-3级;,是,见原平台,中国残联就业服务平台（动态接口）,https://www.cdpee.org.cn/,2026年05月22日
四川省,成都市,成都急招（残疾人福利岗）五险一金，长白8小时，高薪技术岗,广州海仑企业服务有限公司,四川省·成都市·锦江区,学历不限,3,视力残疾1-4级;听力残疾1-4级;言语残疾1-4级;肢体残疾1-4级;智力残疾1-4级;精神残疾1-4级;多重残疾1-4级;,是,见原平台,中国残联就业服务平台（动态接口）,https://www.cdpee.org.cn/,2026年09月17日
天津市,天津市,天津档案处理员，双休，8小时，缴纳五险一金,广州海仑企业服务有限公司,天津市·天津市·河东区,学历不限,2,视力残疾1-4级;听力残疾1-4级;言语残疾1-4级;肢体残疾1-4级;智力残疾1-4级;精神残疾1-4级;多重残疾1-4级;,是,见原平台,中国残联就业服务平台（动态接口）,https://www.cdpee.org.cn/,2026年09月17日
云南省,昭通市,艾草加工，种植,云南鑫会盟艾绒制品生产有限公司,云南省·昭通市·巧家县,学历不限,100,视力残疾4级;听力残疾4级;言语残疾4级;肢体残疾4级;智力残疾4级;精神残疾4级;,是,见原平台,中国残联就业服务平台（动态接口）,https://www.cdpee.org.cn/,2026年09月17日
江苏省,宿迁市,食品加工处理,宿迁市宿城区陆小青猪肉批发经营部,江苏省·宿迁市·湖滨新区,小学,100,"视力残疾3,4级;听力残疾3,4级;肢体残疾3,4级;智力残疾4级;多重残疾3,4级;",是,见原平台,中国残联就业服务平台（动态接口）,https://www.cdpee.org.cn/,2026年09月17日
湖南省,株洲市,垃圾清运工,湖南仁仁洁国际清洁科技集团股份有限公司荷塘分公司,湖南省·株洲市·荷塘区,学历不限,1,言语残疾1级;智力残疾1级;,是,见原平台,中国残联就业服务平台（动态接口）,https://www.cdpee.org.cn/,2026年09月17日
江苏省,徐州市,江苏徐州组件工+早八晚六+包吃+五险+坐班,陕西致广人力资源有限公司,江苏省·徐州市·邳州市,学历不限,20,"视力残疾1-4级;听力残疾1-4级;言语残疾1-4级;肢体残疾1-4级;智力残疾3,4级;多重残疾1-4级;",是,见原平台,中国残联就业服务平台（动态接口）,https://www.cdpee.org.cn/,2026年09月17日
广东省,江门市,生产工,江门市霞光照明电器有限公司,广东省·江门市·蓬江区,学历不限,1,听力残疾2-4级;言语残疾2-4级;肢体残疾4级;智力残疾4级;多重残疾4级;,是,见原平台,中国残联就业服务平台（动态接口）,https://www.cdpee.org.cn/,2026年09月17日
上海市,上海市,行政助理（上海闵行区）,北京易才人力资源顾问有限公司,上海市·上海市·闵行区,大专,1,视力残疾1-3级;听力残疾1-3级;言语残疾1-3级;肢体残疾1-3级;智力残疾1-3级;精神残疾1-3级;多重残疾1-3级;,是,见原平台,中国残联就业服务平台（动态接口）,https://www.cdpee.org.cn/,2026年08月17日
浙江省,金华市,电梯维保,浙江正印智能装备有限公司,浙江省·金华市·义乌市,,,视力残疾1-4级;听力残疾1-4级;言语残疾1-4级;肢体残疾1-4级;智力残疾1-4级;精神残疾1-4级;多重残疾1-4级;,是,见原平台,中国残联就业服务平台（动态接口）,https://www.cdpee.org.cn/,2026年04月26日
江苏省,南京市,HR招聘,北京易才人力资源顾问有限公司,江苏省·南京市·建邺区,大专,1,视力残疾1-3级;听力残疾1-3级;言语残疾1-3级;肢体残疾1-3级;智力残疾1-3级;精神残疾1-3级;多重残疾1-3级;,是,见原平台,中国残联就业服务平台（动态接口）,https://www.cdpee.org.cn/,2026年05月22日
四川省,成都市,成都急招（残疾人福利岗）五险一金，长白8小时，高薪技术岗,广州海仑企业服务有限公司,四川省·成都市·锦江区,学历不限,3,视力残疾1-4级;听力残疾1-4级;言语残疾1-4级;肢体残疾1-4级;智力残疾1-4级;精神残疾1-4级;多重残疾1-4级;,是,见原平台,中国残联就业服务平台（动态接口）,https://www.cdpee.org.cn/,2026年09月17日
天津市,天津市,天津档案处理员，双休，8小时，缴纳五险一金,广州海仑企业服务有限公司,天津市·天津市·河东区,学历不限,2,视力残疾1-4级;听力残疾1-4级;言语残疾1-4级;肢体残疾1-4级;智力残疾1-4级;精神残疾1-4级;多重残疾1-4级;,是,见原平台,中国残联就业服务平台（动态接口）,https://www.cdpee.org.cn/,2026年09月17日
云南省,昭通市,艾草加工，种植,云南鑫会盟艾绒制品生产有限公司,云南省·昭通市·巧家县,学历不限,100,视力残疾4级;听力残疾4级;言语残疾4级;肢体残疾4级;智力残疾4级;精神残疾4级;,是,见原平台,中国残联就业服务平台（动态接口）,https://www.cdpee.org.cn/,2026年09月17日
江苏省,宿迁市,食品加工处理,宿迁市宿城区陆小青猪肉批发经营部,江苏省·宿迁市·湖滨新区,小学,100,"视力残疾3,4级;听力残疾3,4级;肢体残疾3,4级;智力残疾4级;多重残疾3,4级;",是,见原平台,中国残联就业服务平台（动态接口）,https://www.cdpee.org.cn/,2026年09月17日
湖南省,株洲市,垃圾清运工,湖南仁仁洁国际清洁科技集团股份有限公司荷塘分公司,湖南省·株洲市·荷塘区,学历不限,1,言语残疾1级;智力残疾1级;,是,见原平台,中国残联就业服务平台（动态接口）,https://www.cdpee.org.cn/,2026年09月17日
江苏省,徐州市,江苏徐州组件工+早八晚六+包吃+五险+坐班,陕西致广人力资源有限公司,江苏省·徐州市·邳州市,学历不限,20,"视力残疾1-4级;听力残疾1-4级;言语残疾1-4级;肢体残疾1-4级;智力残疾3,4级;多重残疾1-4级;",是,见原平台,中国残联就业服务平台（动态接口）,https://www.cdpee.org.cn/,2026年09月17日
广东省,江门市,生产工,江门市霞光照明电器有限公司,广东省·江门市·蓬江区,学历不限,1,听力残疾2-4级;言语残疾2-4级;肢体残疾4级;智力残疾4级;多重残疾4级;,是,见原平台,中国残联就业服务平台（动态接口）,https://www.cdpee.org.cn/,2026年09月17日
上海市,上海市,行政助理（上海闵行区）,北京易才人力资源顾问有限公司,上海市·上海市·闵行区,大专,1,视力残疾1-3级;听力残疾1-3级;言语残疾1-3级;肢体残疾1-3级;智力残疾1-3级;精神残疾1-3级;多重残疾1-3级;,是,见原平台,中国残联就业服务平台（动态接口）,https://www.cdpee.org.cn/,2026年08月17日
浙江省,金华市,电梯维保,浙江正印智能装备有限公司,浙江省·金华市·义乌市,,,视力残疾1-4级;听力残疾1-4级;言语残疾1-4级;肢体残疾1-4级;智力残疾1-4级;精神残疾1-4级;多重残疾1-4级;,是,见原平台,中国残联就业服务平台（动态接口）,https://www.cdpee.org.cn/,2026年04月26日
江苏省,南京市,HR招聘,北京易才人力资源顾问有限公司,江苏省·南京市·建邺区,大专,1,视力残疾1-3级;听力残疾1-3级;言语残疾1-3级;肢体残疾1-3级;智力残疾1-3级;精神残疾1-3级;多重残疾1-3级;,是,见原平台,中国残联就业服务平台（动态接口）,https://www.cdpee.org.cn/,2026年05月22日
四川省,成都市,成都急招（残疾人福利岗）五险一金，长白8小时，高薪技术岗,广州海仑企业服务有限公司,四川省·成都市·锦江区,学历不限,3,视力残疾1-4级;听力残疾1-4级;言语残疾1-4级;肢体残疾1-4级;智力残疾1-4级;精神残疾1-4级;多重残疾1-4级;,是,见原平台,中国残联就业服务平台（动态接口）,https://www.cdpee.org.cn/,2026年09月17日
天津市,天津市,天津档案处理员，双休，8小时，缴纳五险一金,广州海仑企业服务有限公司,天津市·天津市·河东区,学历不限,2,视力残疾1-4级;听力残疾1-4级;言语残疾1-4级;肢体残疾1-4级;智力残疾1-4级;精神残疾1-4级;多重残疾1-4级;,是,见原平台,中国残联就业服务平台（动态接口）,https://www.cdpee.org.cn/,2026年09月17日
云南省,昭通市,艾草加工，种植,云南鑫会盟艾绒制品生产有限公司,云南省·昭通市·巧家县,学历不限,100,视力残疾4级;听力残疾4级;言语残疾4级;肢体残疾4级;智力残疾4级;精神残疾4级;,是,见原平台,中国残联就业服务平台（动态接口）,https://www.cdpee.org.cn/,2026年09月17日
江苏省,宿迁市,食品加工处理,宿迁市宿城区陆小青猪肉批发经营部,江苏省·宿迁市·湖滨新区,小学,100,"视力残疾3,4级;听力残疾3,4级;肢体残疾3,4级;智力残疾4级;多重残疾3,4级;",是,见原平台,中国残联就业服务平台（动态接口）,https://www.cdpee.org.cn/,2026年09月17日
湖南省,株洲市,垃圾清运工,湖南仁仁洁国际清洁科技集团股份有限公司荷塘分公司,湖南省·株洲市·荷塘区,学历不限,1,言语残疾1级;智力残疾1级;,是,见原平台,中国残联就业服务平台（动态接口）,https://www.cdpee.org.cn/,2026年09月17日
江苏省,徐州市,江苏徐州组件工+早八晚六+包吃+五险+坐班,陕西致广人力资源有限公司,江苏省·徐州市·邳州市,学历不限,20,"视力残疾1-4级;听力残疾1-4级;言语残疾1-4级;肢体残疾1-4级;智力残疾3,4级;多重残疾1-4级;",是,见原平台,中国残联就业服务平台（动态接口）,https://www.cdpee.org.cn/,2026年09月17日
广东省,江门市,生产工,江门市霞光照明电器有限公司,广东省·江门市·蓬江区,学历不限,1,听力残疾2-4级;言语残疾2-4级;肢体残疾4级;智力残疾4级;多重残疾4级;,是,见原平台,中国残联就业服务平台（动态接口）,https://www.cdpee.org.cn/,2026年09月17日
陕西省,西安市,【大厂正编售后岗】真诚才是 必杀技！！！,四川蓉城蕾茗科技有限公司,陕西省·西安市·雁塔区,大专,,视力残疾1-4级;听力残疾1-4级;言语残疾1-4级;肢体残疾1-4级;智力残疾1-4级;精神残疾1-4级;多重残疾1-4级;,是,见原平台,中国残联就业服务平台（动态接口）,https://www.cdpee.org.cn/,2026年06月23日
上海市,上海市,行政助理（上海闵行区）,北京易才人力资源顾问有限公司,上海市·上海市·闵行区,大专,1,视力残疾1-3级;听力残疾1-3级;言语残疾1-3级;肢体残疾1-3级;智力残疾1-3级;精神残疾1-3级;多重残疾1-3级;,是,见原平台,中国残联就业服务平台（动态接口）,https://www.cdpee.org.cn/,2026年08月17日
江苏省,南京市,HR招聘,北京易才人力资源顾问有限公司,江苏省·南京市·建邺区,大专,1,视力残疾1-3级;听力残疾1-3级;言语残疾1-3级;肢体残疾1-3级;智力残疾1-3级;精神残疾1-3级;多重残疾1-3级;,是,见原平台,中国残联就业服务平台（动态接口）,https://www.cdpee.org.cn/,2026年05月22日
四川省,成都市,成都急招（残疾人福利岗）五险一金，长白8小时，高薪技术岗,广州海仑企业服务有限公司,四川省·成都市·锦江区,学历不限,3,视力残疾1-4级;听力残疾1-4级;言语残疾1-4级;肢体残疾1-4级;智力残疾1-4级;精神残疾1-4级;多重残疾1-4级;,是,见原平台,中国残联就业服务平台（动态接口）,https://www.cdpee.org.cn/,2026年09月17日
天津市,天津市,天津档案处理员，双休，8小时，缴纳五险一金,广州海仑企业服务有限公司,天津市·天津市·河东区,学历不限,2,视力残疾1-4级;听力残疾1-4级;言语残疾1-4级;肢体残疾1-4级;智力残疾1-4级;精神残疾1-4级;多重残疾1-4级;,是,见原平台,中国残联就业服务平台（动态接口）,https://www.cdpee.org.cn/,2026年09月17日
北京市,北京市,急聘–电话客服（有底薪+双休）无业务销售,泰康人寿保险有限责任公司北京分公司,北京市·北京市·东城区,大专,,视力残疾1-4级;听力残疾1-4级;言语残疾1-4级;肢体残疾1-4级;智力残疾1-4级;精神残疾1-4级;多重残疾1-4级;,是,见原平台,中国残联就业服务平台（动态接口）,https://www.cdpee.org.cn/,2026年09月02日
云南省,昭通市,艾草加工，种植,云南鑫会盟艾绒制品生产有限公司,云南省·昭通市·巧家县,学历不限,100,视力残疾4级;听力残疾4级;言语残疾4级;肢体残疾4级;智力残疾4级;精神残疾4级;,是,见原平台,中国残联就业服务平台（动态接口）,https://www.cdpee.org.cn/,2026年09月17日
江苏省,宿迁市,食品加工处理,宿迁市宿城区陆小青猪肉批发经营部,江苏省·宿迁市·湖滨新区,小学,100,"视力残疾3,4级;听力残疾3,4级;肢体残疾3,4级;智力残疾4级;多重残疾3,4级;",是,见原平台,中国残联就业服务平台（动态接口）,https://www.cdpee.org.cn/,2026年09月17日
湖南省,株洲市,垃圾清运工,湖南仁仁洁国际清洁科技集团股份有限公司荷塘分公司,湖南省·株洲市·荷塘区,学历不限,1,言语残疾1级;智力残疾1级;,是,见原平台,中国残联就业服务平台（动态接口）,https://www.cdpee.org.cn/,2026年09月17日
江苏省,徐州市,江苏徐州组件工+早八晚六+包吃+五险+坐班,陕西致广人力资源有限公司,江苏省·徐州市·邳州市,学历不限,20,"视力残疾1-4级;听力残疾1-4级;言语残疾1-4级;肢体残疾1-4级;智力残疾3,4级;多重残疾1-4级;",是,见原平台,中国残联就业服务平台（动态接口）,https://www.cdpee.org.cn/,2026年09月17日
广东省,江门市,生产工,江门市霞光照明电器有限公司,广东省·江门市·蓬江区,学历不限,1,听力残疾2-4级;言语残疾2-4级;肢体残疾4级;智力残疾4级;多重残疾4级;,是,见原平台,中国残联就业服务平台（动态接口）,https://www.cdpee.org.cn/,2026年09月17日
陕西省,西安市,【大厂正编售后岗】真诚才是 必杀技！！！,四川蓉城蕾茗科技有限公司,陕西省·西安市·雁塔区,大专,,视力残疾1-4级;听力残疾1-4级;言语残疾1-4级;肢体残疾1-4级;智力残疾1-4级;精神残疾1-4级;多重残疾1-4级;,是,见原平台,中国残联就业服务平台（动态接口）,https://www.cdpee.org.cn/,2026年06月23日
上海市,上海市,行政助理（上海闵行区）,北京易才人力资源顾问有限公司,上海市·上海市·闵行区,大专,1,视力残疾1-3级;听力残疾1-3级;言语残疾1-3级;肢体残疾1-3级;智力残疾1-3级;精神残疾1-3级;多重残疾1-3级;,是,见原平台,中国残联就业服务平台（动态接口）,https://www.cdpee.org.cn/,2026年08月17日
江苏省,南京市,HR招聘,北京易才人力资源顾问有限公司,江苏省·南京市·建邺区,大专,1,视力残疾1-3级;听力残疾1-3级;言语残疾1-3级;肢体残疾1-3级;智力残疾1-3级;精神残疾1-3级;多重残疾1-3级;,是,见原平台,中国残联就业服务平台（动态接口）,https://www.cdpee.org.cn/,2026年05月22日
四川省,成都市,成都急招（残疾人福利岗）五险一金，长白8小时，高薪技术岗,广州海仑企业服务有限公司,四川省·成都市·锦江区,学历不限,3,视力残疾1-4级;听力残疾1-4级;言语残疾1-4级;肢体残疾1-4级;智力残疾1-4级;精神残疾1-4级;多重残疾1-4级;,是,见原平台,中国残联就业服务平台（动态接口）,https://www.cdpee.org.cn/,2026年09月17日
天津市,天津市,天津档案处理员，双休，8小时，缴纳五险一金,广州海仑企业服务有限公司,天津市·天津市·河东区,学历不限,2,视力残疾1-4级;听力残疾1-4级;言语残疾1-4级;肢体残疾1-4级;智力残疾1-4级;精神残疾1-4级;多重残疾1-4级;,是,见原平台,中国残联就业服务平台（动态接口）,https://www.cdpee.org.cn/,2026年09月17日
北京市,北京市,急聘–电话客服（有底薪+双休）无业务销售,泰康人寿保险有限责任公司北京分公司,北京市·北京市·东城区,大专,,视力残疾1-4级;听力残疾1-4级;言语残疾1-4级;肢体残疾1-4级;智力残疾1-4级;精神残疾1-4级;多重残疾1-4级;,是,见原平台,中国残联就业服务平台（动态接口）,https://www.cdpee.org.cn/,2026年09月02日
云南省,昭通市,艾草加工，种植,云南鑫会盟艾绒制品生产有限公司,云南省·昭通市·巧家县,学历不限,100,视力残疾4级;听力残疾4级;言语残疾4级;肢体残疾4级;智力残疾4级;精神残疾4级;,是,见原平台,中国残联就业服务平台（动态接口）,https://www.cdpee.org.cn/,2026年09月17日
江苏省,宿迁市,食品加工处理,宿迁市宿城区陆小青猪肉批发经营部,江苏省·宿迁市·湖滨新区,小学,100,"视力残疾3,4级;听力残疾3,4级;肢体残疾3,4级;智力残疾4级;多重残疾3,4级;",是,见原平台,中国残联就业服务平台（动态接口）,https://www.cdpee.org.cn/,2026年09月17日
湖南省,株洲市,垃圾清运工,湖南仁仁洁国际清洁科技集团股份有限公司荷塘分公司,湖南省·株洲市·荷塘区,学历不限,1,言语残疾1级;智力残疾1级;,是,见原平台,中国残联就业服务平台（动态接口）,https://www.cdpee.org.cn/,2026年09月17日
江苏省,徐州市,江苏徐州组件工+早八晚六+包吃+五险+坐班,陕西致广人力资源有限公司,江苏省·徐州市·邳州市,学历不限,20,"视力残疾1-4级;听力残疾1-4级;言语残疾1-4级;肢体残疾1-4级;智力残疾3,4级;多重残疾1-4级;",是,见原平台,中国残联就业服务平台（动态接口）,https://www.cdpee.org.cn/,2026年09月17日
广东省,江门市,生产工,江门市霞光照明电器有限公司,广东省·江门市·蓬江区,学历不限,1,听力残疾2-4级;言语残疾2-4级;肢体残疾4级;智力残疾4级;多重残疾4级;,是,见原平台,中国残联就业服务平台（动态接口）,https://www.cdpee.org.cn/,2026年09月17日
陕西省,西安市,【大厂正编售后岗】真诚才是 必杀技！！！,四川蓉城蕾茗科技有限公司,陕西省·西安市·雁塔区,大专,,视力残疾1-4级;听力残疾1-4级;言语残疾1-4级;肢体残疾1-4级;智力残疾1-4级;精神残疾1-4级;多重残疾1-4级;,是,见原平台,中国残联就业服务平台（动态接口）,https://www.cdpee.org.cn/,2026年06月23日
上海市,上海市,行政助理（上海闵行区）,北京易才人力资源顾问有限公司,上海市·上海市·闵行区,大专,1,视力残疾1-3级;听力残疾1-3级;言语残疾1-3级;肢体残疾1-3级;智力残疾1-3级;精神残疾1-3级;多重残疾1-3级;,是,见原平台,中国残联就业服务平台（动态接口）,https://www.cdpee.org.cn/,2026年08月17日
江苏省,南京市,HR招聘,北京易才人力资源顾问有限公司,江苏省·南京市·建邺区,大专,1,视力残疾1-3级;听力残疾1-3级;言语残疾1-3级;肢体残疾1-3级;智力残疾1-3级;精神残疾1-3级;多重残疾1-3级;,是,见原平台,中国残联就业服务平台（动态接口）,https://www.cdpee.org.cn/,2026年05月22日
四川省,成都市,成都急招（残疾人福利岗）五险一金，长白8小时，高薪技术岗,广州海仑企业服务有限公司,四川省·成都市·锦江区,学历不限,3,视力残疾1-4级;听力残疾1-4级;言语残疾1-4级;肢体残疾1-4级;智力残疾1-4级;精神残疾1-4级;多重残疾1-4级;,是,见原平台,中国残联就业服务平台（动态接口）,https://www.cdpee.org.cn/,2026年09月17日
天津市,天津市,天津档案处理员，双休，8小时，缴纳五险一金,广州海仑企业服务有限公司,天津市·天津市·河东区,学历不限,2,视力残疾1-4级;听力残疾1-4级;言语残疾1-4级;肢体残疾1-4级;智力残疾1-4级;精神残疾1-4级;多重残疾1-4级;,是,见原平台,中国残联就业服务平台（动态接口）,https://www.cdpee.org.cn/,2026年09月17日
北京市,北京市,急聘–电话客服（有底薪+双休）无业务销售,泰康人寿保险有限责任公司北京分公司,北京市·北京市·东城区,大专,,视力残疾1-4级;听力残疾1-4级;言语残疾1-4级;肢体残疾1-4级;智力残疾1-4级;精神残疾1-4级;多重残疾1-4级;,是,见原平台,中国残联就业服务平台（动态接口）,https://www.cdpee.org.cn/,2026年09月02日
云南省,昭通市,艾草加工，种植,云南鑫会盟艾绒制品生产有限公司,云南省·昭通市·巧家县,学历不限,100,视力残疾4级;听力残疾4级;言语残疾4级;肢体残疾4级;智力残疾4级;精神残疾4级;,是,见原平台,中国残联就业服务平台（动态接口）,https://www.cdpee.org.cn/,2026年09月17日
江苏省,宿迁市,食品加工处理,宿迁市宿城区陆小青猪肉批发经营部,江苏省·宿迁市·湖滨新区,小学,100,"视力残疾3,4级;听力残疾3,4级;肢体残疾3,4级;智力残疾4级;多重残疾3,4级;",是,见原平台,中国残联就业服务平台（动态接口）,https://www.cdpee.org.cn/,2026年09月17日
湖南省,株洲市,垃圾清运工,湖南仁仁洁国际清洁科技集团股份有限公司荷塘分公司,湖南省·株洲市·荷塘区,学历不限,1,言语残疾1级;智力残疾1级;,是,见原平台,中国残联就业服务平台（动态接口）,https://www.cdpee.org.cn/,2026年09月17日
江苏省,徐州市,江苏徐州组件工+早八晚六+包吃+五险+坐班,陕西致广人力资源有限公司,江苏省·徐州市·邳州市,学历不限,20,"视力残疾1-4级;听力残疾1-4级;言语残疾1-4级;肢体残疾1-4级;智力残疾3,4级;多重残疾1-4级;",是,见原平台,中国残联就业服务平台（动态接口）,https://www.cdpee.org.cn/,2026年09月17日
广东省,江门市,生产工,江门市霞光照明电器有限公司,广东省·江门市·蓬江区,学历不限,1,听力残疾2-4级;言语残疾2-4级;肢体残疾4级;智力残疾4级;多重残疾4级;,是,见原平台,中国残联就业服务平台（动态接口）,https://www.cdpee.org.cn/,2026年09月17日
陕西省,西安市,【大厂正编售后岗】真诚才是 必杀技！！！,四川蓉城蕾茗科技有限公司,陕西省·西安市·雁塔区,大专,,视力残疾1-4级;听力残疾1-4级;言语残疾1-4级;肢体残疾1-4级;智力残疾1-4级;精神残疾1-4级;多重残疾1-4级;,是,见原平台,中国残联就业服务平台（动态接口）,https://www.cdpee.org.cn/,2026年06月23日
上海市,上海市,行政助理（上海闵行区）,北京易才人力资源顾问有限公司,上海市·上海市·闵行区,大专,1,视力残疾1-3级;听力残疾1-3级;言语残疾1-3级;肢体残疾1-3级;智力残疾1-3级;精神残疾1-3级;多重残疾1-3级;,是,见原平台,中国残联就业服务平台（动态接口）,https://www.cdpee.org.cn/,2026年08月17日
江苏省,南京市,HR招聘,北京易才人力资源顾问有限公司,江苏省·南京市·建邺区,大专,1,视力残疾1-3级;听力残疾1-3级;言语残疾1-3级;肢体残疾1-3级;智力残疾1-3级;精神残疾1-3级;多重残疾1-3级;,是,见原平台,中国残联就业服务平台（动态接口）,https://www.cdpee.org.cn/,2026年05月22日
四川省,成都市,成都急招（残疾人福利岗）五险一金，长白8小时，高薪技术岗,广州海仑企业服务有限公司,四川省·成都市·锦江区,学历不限,3,视力残疾1-4级;听力残疾1-4级;言语残疾1-4级;肢体残疾1-4级;智力残疾1-4级;精神残疾1-4级;多重残疾1-4级;,是,见原平台,中国残联就业服务平台（动态接口）,https://www.cdpee.org.cn/,2026年09月17日
天津市,天津市,天津档案处理员，双休，8小时，缴纳五险一金,广州海仑企业服务有限公司,天津市·天津市·河东区,学历不限,2,视力残疾1-4级;听力残疾1-4级;言语残疾1-4级;肢体残疾1-4级;智力残疾1-4级;精神残疾1-4级;多重残疾1-4级;,是,见原平台,中国残联就业服务平台（动态接口）,https://www.cdpee.org.cn/,2026年09月17日
北京市,北京市,急聘–电话客服（有底薪+双休）无业务销售,泰康人寿保险有限责任公司北京分公司,北京市·北京市·东城区,大专,,视力残疾1-4级;听力残疾1-4级;言语残疾1-4级;肢体残疾1-4级;智力残疾1-4级;精神残疾1-4级;多重残疾1-4级;,是,见原平台,中国残联就业服务平台（动态接口）,https://www.cdpee.org.cn/,2026年09月02日
云南省,昭通市,艾草加工，种植,云南鑫会盟艾绒制品生产有限公司,云南省·昭通市·巧家县,学历不限,100,视力残疾4级;听力残疾4级;言语残疾4级;肢体残疾4级;智力残疾4级;精神残疾4级;,是,见原平台,中国残联就业服务平台（动态接口）,https://www.cdpee.org.cn/,2026年09月17日
江苏省,宿迁市,食品加工处理,宿迁市宿城区陆小青猪肉批发经营部,江苏省·宿迁市·湖滨新区,小学,100,"视力残疾3,4级;听力残疾3,4级;肢体残疾3,4级;智力残疾4级;多重残疾3,4级;",是,见原平台,中国残联就业服务平台（动态接口）,https://www.cdpee.org.cn/,2026年09月17日
湖南省,株洲市,垃圾清运工,湖南仁仁洁国际清洁科技集团股份有限公司荷塘分公司,湖南省·株洲市·荷塘区,学历不限,1,言语残疾1级;智力残疾1级;,是,见原平台,中国残联就业服务平台（动态接口）,https://www.cdpee.org.cn/,2026年09月17日
江苏省,徐州市,江苏徐州组件工+早八晚六+包吃+五险+坐班,陕西致广人力资源有限公司,江苏省·徐州市·邳州市,学历不限,20,"视力残疾1-4级;听力残疾1-4级;言语残疾1-4级;肢体残疾1-4级;智力残疾3,4级;多重残疾1-4级;",是,见原平台,中国残联就业服务平台（动态接口）,https://www.cdpee.org.cn/,2026年09月17日
广东省,江门市,生产工,江门市霞光照明电器有限公司,广东省·江门市·蓬江区,学历不限,1,听力残疾2-4级;言语残疾2-4级;肢体残疾4级;智力残疾4级;多重残疾4级;,是,见原平台,中国残联就业服务平台（动态接口）,https://www.cdpee.org.cn/,2026年09月17日
陕西省,西安市,【大厂正编售后岗】真诚才是 必杀技！！！,四川蓉城蕾茗科技有限公司,陕西省·西安市·雁塔区,大专,,视力残疾1-4级;听力残疾1-4级;言语残疾1-4级;肢体残疾1-4级;智力残疾1-4级;精神残疾1-4级;多重残疾1-4级;,是,见原平台,中国残联就业服务平台（动态接口）,https://www.cdpee.org.cn/,2026年06月23日
上海市,上海市,行政助理（上海闵行区）,北京易才人力资源顾问有限公司,上海市·上海市·闵行区,大专,1,视力残疾1-3级;听力残疾1-3级;言语残疾1-3级;肢体残疾1-3级;智力残疾1-3级;精神残疾1-3级;多重残疾1-3级;,是,见原平台,中国残联就业服务平台（动态接口）,https://www.cdpee.org.cn/,2026年08月17日
江苏省,南京市,HR招聘,北京易才人力资源顾问有限公司,江苏省·南京市·建邺区,大专,1,视力残疾1-3级;听力残疾1-3级;言语残疾1-3级;肢体残疾1-3级;智力残疾1-3级;精神残疾1-3级;多重残疾1-3级;,是,见原平台,中国残联就业服务平台（动态接口）,https://www.cdpee.org.cn/,2026年05月22日
四川省,成都市,成都急招（残疾人福利岗）五险一金，长白8小时，高薪技术岗,广州海仑企业服务有限公司,四川省·成都市·锦江区,学历不限,3,视力残疾1-4级;听力残疾1-4级;言语残疾1-4级;肢体残疾1-4级;智力残疾1-4级;精神残疾1-4级;多重残疾1-4级;,是,见原平台,中国残联就业服务平台（动态接口）,https://www.cdpee.org.cn/,2026年09月17日
天津市,天津市,天津档案处理员，双休，8小时，缴纳五险一金,广州海仑企业服务有限公司,天津市·天津市·河东区,学历不限,2,视力残疾1-4级;听力残疾1-4级;言语残疾1-4级;肢体残疾1-4级;智力残疾1-4级;精神残疾1-4级;多重残疾1-4级;,是,见原平台,中国残联就业服务平台（动态接口）,https://www.cdpee.org.cn/,2026年09月17日
北京市,北京市,急聘–电话客服（有底薪+双休）无业务销售,泰康人寿保险有限责任公司北京分公司,北京市·北京市·东城区,大专,,视力残疾1-4级;听力残疾1-4级;言语残疾1-4级;肢体残疾1-4级;智力残疾1-4级;精神残疾1-4级;多重残疾1-4级;,是,见原平台,中国残联就业服务平台（动态接口）,https://www.cdpee.org.cn/,2026年09月02日
云南省,昭通市,艾草加工，种植,云南鑫会盟艾绒制品生产有限公司,云南省·昭通市·巧家县,学历不限,100,视力残疾4级;听力残疾4级;言语残疾4级;肢体残疾4级;智力残疾4级;精神残疾4级;,是,见原平台,中国残联就业服务平台（动态接口）,https://www.cdpee.org.cn/,2026年09月17日
江苏省,宿迁市,食品加工处理,宿迁市宿城区陆小青猪肉批发经营部,江苏省·宿迁市·湖滨新区,小学,100,"视力残疾3,4级;听力残疾3,4级;肢体残疾3,4级;智力残疾4级;多重残疾3,4级;",是,见原平台,中国残联就业服务平台（动态接口）,https://www.cdpee.org.cn/,2026年09月17日
湖南省,株洲市,垃圾清运工,湖南仁仁洁国际清洁科技集团股份有限公司荷塘分公司,湖南省·株洲市·荷塘区,学历不限,1,言语残疾1级;智力残疾1级;,是,见原平台,中国残联就业服务平台（动态接口）,https://www.cdpee.org.cn/,2026年09月17日
江苏省,徐州市,江苏徐州组件工+早八晚六+包吃+五险+坐班,陕西致广人力资源有限公司,江苏省·徐州市·邳州市,学历不限,20,"视力残疾1-4级;听力残疾1-4级;言语残疾1-4级;肢体残疾1-4级;智力残疾3,4级;多重残疾1-4级;",是,见原平台,中国残联就业服务平台（动态接口）,https://www.cdpee.org.cn/,2026年09月17日
广东省,江门市,生产工,江门市霞光照明电器有限公司,广东省·江门市·蓬江区,学历不限,1,听力残疾2-4级;言语残疾2-4级;肢体残疾4级;智力残疾4级;多重残疾4级;,是,见原平台,中国残联就业服务平台（动态接口）,https://www.cdpee.org.cn/,2026年09月17日
陕西省,西安市,【大厂正编售后岗】真诚才是 必杀技！！！,四川蓉城蕾茗科技有限公司,陕西省·西安市·雁塔区,大专,,视力残疾1-4级;听力残疾1-4级;言语残疾1-4级;肢体残疾1-4级;智力残疾1-4级;精神残疾1-4级;多重残疾1-4级;,是,见原平台,中国残联就业服务平台（动态接口）,https://www.cdpee.org.cn/,2026年06月23日
上海市,上海市,行政助理（上海闵行区）,北京易才人力资源顾问有限公司,上海市·上海市·闵行区,大专,1,视力残疾1-3级;听力残疾1-3级;言语残疾1-3级;肢体残疾1-3级;智力残疾1-3级;精神残疾1-3级;多重残疾1-3级;,是,见原平台,中国残联就业服务平台（动态接口）,https://www.cdpee.org.cn/,2026年08月17日
江苏省,南京市,HR招聘,北京易才人力资源顾问有限公司,江苏省·南京市·建邺区,大专,1,视力残疾1-3级;听力残疾1-3级;言语残疾1-3级;肢体残疾1-3级;智力残疾1-3级;精神残疾1-3级;多重残疾1-3级;,是,见原平台,中国残联就业服务平台（动态接口）,https://www.cdpee.org.cn/,2026年05月22日
四川省,成都市,成都急招（残疾人福利岗）五险一金，长白8小时，高薪技术岗,广州海仑企业服务有限公司,四川省·成都市·锦江区,学历不限,3,视力残疾1-4级;听力残疾1-4级;言语残疾1-4级;肢体残疾1-4级;智力残疾1-4级;精神残疾1-4级;多重残疾1-4级;,是,见原平台,中国残联就业服务平台（动态接口）,https://www.cdpee.org.cn/,2026年09月17日
天津市,天津市,天津档案处理员，双休，8小时，缴纳五险一金,广州海仑企业服务有限公司,天津市·天津市·河东区,学历不限,2,视力残疾1-4级;听力残疾1-4级;言语残疾1-4级;肢体残疾1-4级;智力残疾1-4级;精神残疾1-4级;多重残疾1-4级;,是,见原平台,中国残联就业服务平台（动态接口）,https://www.cdpee.org.cn/,2026年09月17日
北京市,北京市,急聘–电话客服（有底薪+双休）无业务销售,泰康人寿保险有限责任公司北京分公司,北京市·北京市·东城区,大专,,视力残疾1-4级;听力残疾1-4级;言语残疾1-4级;肢体残疾1-4级;智力残疾1-4级;精神残疾1-4级;多重残疾1-4级;,是,见原平台,中国残联就业服务平台（动态接口）,https://www.cdpee.org.cn/,2026年09月02日
云南省,昭通市,艾草加工，种植,云南鑫会盟艾绒制品生产有限公司,云南省·昭通市·巧家县,学历不限,100,视力残疾4级;听力残疾4级;言语残疾4级;肢体残疾4级;智力残疾4级;精神残疾4级;,是,见原平台,中国残联就业服务平台（动态接口）,https://www.cdpee.org.cn/,2026年09月17日
江苏省,宿迁市,食品加工处理,宿迁市宿城区陆小青猪肉批发经营部,江苏省·宿迁市·湖滨新区,小学,100,"视力残疾3,4级;听力残疾3,4级;肢体残疾3,4级;智力残疾4级;多重残疾3,4级;",是,见原平台,中国残联就业服务平台（动态接口）,https://www.cdpee.org.cn/,2026年09月17日
湖南省,株洲市,垃圾清运工,湖南仁仁洁国际清洁科技集团股份有限公司荷塘分公司,湖南省·株洲市·荷塘区,学历不限,1,言语残疾1级;智力残疾1级;,是,见原平台,中国残联就业服务平台（动态接口）,https://www.cdpee.org.cn/,2026年09月17日
江苏省,徐州市,江苏徐州组件工+早八晚六+包吃+五险+坐班,陕西致广人力资源有限公司,江苏省·徐州市·邳州市,学历不限,20,"视力残疾1-4级;听力残疾1-4级;言语残疾1-4级;肢体残疾1-4级;智力残疾3,4级;多重残疾1-4级;",是,见原平台,中国残联就业服务平台（动态接口）,https://www.cdpee.org.cn/,2026年09月17日
广东省,江门市,生产工,江门市霞光照明电器有限公司,广东省·江门市·蓬江区,学历不限,1,听力残疾2-4级;言语残疾2-4级;肢体残疾4级;智力残疾4级;多重残疾4级;,是,见原平台,中国残联就业服务平台（动态接口）,https://www.cdpee.org.cn/,2026年09月17日
陕西省,西安市,【大厂正编售后岗】真诚才是 必杀技！！！,四川蓉城蕾茗科技有限公司,陕西省·西安市·雁塔区,大专,,视力残疾1-4级;听力残疾1-4级;言语残疾1-4级;肢体残疾1-4级;智力残疾1-4级;精神残疾1-4级;多重残疾1-4级;,是,见原平台,中国残联就业服务平台（动态接口）,https://www.cdpee.org.cn/,2026年06月23日
上海市,上海市,行政助理（上海闵行区）,北京易才人力资源顾问有限公司,上海市·上海市·闵行区,大专,1,视力残疾1-3级;听力残疾1-3级;言语残疾1-3级;肢体残疾1-3级;智力残疾1-3级;精神残疾1-3级;多重残疾1-3级;,是,见原平台,中国残联就业服务平台（动态接口）,https://www.cdpee.org.cn/,2026年08月17日
江苏省,南京市,HR招聘,北京易才人力资源顾问有限公司,江苏省·南京市·建邺区,大专,1,视力残疾1-3级;听力残疾1-3级;言语残疾1-3级;肢体残疾1-3级;智力残疾1-3级;精神残疾1-3级;多重残疾1-3级;,是,见原平台,中国残联就业服务平台（动态接口）,https://www.cdpee.org.cn/,2026年05月22日
四川省,成都市,成都急招（残疾人福利岗）五险一金，长白8小时，高薪技术岗,广州海仑企业服务有限公司,四川省·成都市·锦江区,学历不限,3,视力残疾1-4级;听力残疾1-4级;言语残疾1-4级;肢体残疾1-4级;智力残疾1-4级;精神残疾1-4级;多重残疾1-4级;,是,见原平台,中国残联就业服务平台（动态接口）,https://www.cdpee.org.cn/,2026年09月17日
天津市,天津市,天津档案处理员，双休，8小时，缴纳五险一金,广州海仑企业服务有限公司,天津市·天津市·河东区,学历不限,2,视力残疾1-4级;听力残疾1-4级;言语残疾1-4级;肢体残疾1-4级;智力残疾1-4级;精神残疾1-4级;多重残疾1-4级;,是,见原平台,中国残联就业服务平台（动态接口）,https://www.cdpee.org.cn/,2026年09月17日
北京市,北京市,急聘–电话客服（有底薪+双休）无业务销售,泰康人寿保险有限责任公司北京分公司,北京市·北京市·东城区,大专,,视力残疾1-4级;听力残疾1-4级;言语残疾1-4级;肢体残疾1-4级;智力残疾1-4级;精神残疾1-4级;多重残疾1-4级;,是,见原平台,中国残联就业服务平台（动态接口）,https://www.cdpee.org.cn/,2026年09月02日
云南省,昭通市,艾草加工，种植,云南鑫会盟艾绒制品生产有限公司,云南省·昭通市·巧家县,学历不限,100,视力残疾4级;听力残疾4级;言语残疾4级;肢体残疾4级;智力残疾4级;精神残疾4级;,是,见原平台,中国残联就业服务平台（动态接口）,https://www.cdpee.org.cn/,2026年09月17日
江苏省,宿迁市,食品加工处理,宿迁市宿城区陆小青猪肉批发经营部,江苏省·宿迁市·湖滨新区,小学,100,"视力残疾3,4级;听力残疾3,4级;肢体残疾3,4级;智力残疾4级;多重残疾3,4级;",是,见原平台,中国残联就业服务平台（动态接口）,https://www.cdpee.org.cn/,2026年09月17日
湖南省,株洲市,垃圾清运工,湖南仁仁洁国际清洁科技集团股份有限公司荷塘分公司,湖南省·株洲市·荷塘区,学历不限,1,言语残疾1级;智力残疾1级;,是,见原平台,中国残联就业服务平台（动态接口）,https://www.cdpee.org.cn/,2026年09月17日
江苏省,徐州市,江苏徐州组件工+早八晚六+包吃+五险+坐班,陕西致广人力资源有限公司,江苏省·徐州市·邳州市,学历不限,20,"视力残疾1-4级;听力残疾1-4级;言语残疾1-4级;肢体残疾1-4级;智力残疾3,4级;多重残疾1-4级;",是,见原平台,中国残联就业服务平台（动态接口）,https://www.cdpee.org.cn/,2026年09月17日
广东省,江门市,生产工,江门市霞光照明电器有限公司,广东省·江门市·蓬江区,学历不限,1,听力残疾2-4级;言语残疾2-4级;肢体残疾4级;智力残疾4级;多重残疾4级;,是,见原平台,中国残联就业服务平台（动态接口）,https://www.cdpee.org.cn/,2026年09月17日
陕西省,西安市,【大厂正编售后岗】真诚才是 必杀技！！！,四川蓉城蕾茗科技有限公司,陕西省·西安市·雁塔区,大专,,视力残疾1-4级;听力残疾1-4级;言语残疾1-4级;肢体残疾1-4级;智力残疾1-4级;精神残疾1-4级;多重残疾1-4级;,是,见原平台,中国残联就业服务平台（动态接口）,https://www.cdpee.org.cn/,2026年06月23日
上海市,上海市,行政助理（上海闵行区）,北京易才人力资源顾问有限公司,上海市·上海市·闵行区,大专,1,视力残疾1-3级;听力残疾1-3级;言语残疾1-3级;肢体残疾1-3级;智力残疾1-3级;精神残疾1-3级;多重残疾1-3级;,是,见原平台,中国残联就业服务平台（动态接口）,https://www.cdpee.org.cn/,2026年08月17日
江苏省,南京市,HR招聘,北京易才人力资源顾问有限公司,江苏省·南京市·建邺区,大专,1,视力残疾1-3级;听力残疾1-3级;言语残疾1-3级;肢体残疾1-3级;智力残疾1-3级;精神残疾1-3级;多重残疾1-3级;,是,见原平台,中国残联就业服务平台（动态接口）,https://www.cdpee.org.cn/,2026年05月22日
四川省,成都市,成都急招（残疾人福利岗）五险一金，长白8小时，高薪技术岗,广州海仑企业服务有限公司,四川省·成都市·锦江区,学历不限,3,视力残疾1-4级;听力残疾1-4级;言语残疾1-4级;肢体残疾1-4级;智力残疾1-4级;精神残疾1-4级;多重残疾1-4级;,是,见原平台,中国残联就业服务平台（动态接口）,https://www.cdpee.org.cn/,2026年09月17日
天津市,天津市,天津档案处理员，双休，8小时，缴纳五险一金,广州海仑企业服务有限公司,天津市·天津市·河东区,学历不限,2,视力残疾1-4级;听力残疾1-4级;言语残疾1-4级;肢体残疾1-4级;智力残疾1-4级;精神残疾1-4级;多重残疾1-4级;,是,见原平台,中国残联就业服务平台（动态接口）,https://www.cdpee.org.cn/,2026年09月17日
北京市,北京市,急聘–电话客服（有底薪+双休）无业务销售,泰康人寿保险有限责任公司北京分公司,北京市·北京市·东城区,大专,,视力残疾1-4级;听力残疾1-4级;言语残疾1-4级;肢体残疾1-4级;智力残疾1-4级;精神残疾1-4级;多重残疾1-4级;,是,见原平台,中国残联就业服务平台（动态接口）,https://www.cdpee.org.cn/,2026年09月02日
云南省,昭通市,艾草加工，种植,云南鑫会盟艾绒制品生产有限公司,云南省·昭通市·巧家县,学历不限,100,视力残疾4级;听力残疾4级;言语残疾4级;肢体残疾4级;智力残疾4级;精神残疾4级;,是,见原平台,中国残联就业服务平台（动态接口）,https://www.cdpee.org.cn/,2026年09月17日
江苏省,宿迁市,食品加工处理,宿迁市宿城区陆小青猪肉批发经营部,江苏省·宿迁市·湖滨新区,小学,100,"视力残疾3,4级;听力残疾3,4级;肢体残疾3,4级;智力残疾4级;多重残疾3,4级;",是,见原平台,中国残联就业服务平台（动态接口）,https://www.cdpee.org.cn/,2026年09月17日
湖南省,株洲市,垃圾清运工,湖南仁仁洁国际清洁科技集团股份有限公司荷塘分公司,湖南省·株洲市·荷塘区,学历不限,1,言语残疾1级;智力残疾1级;,是,见原平台,中国残联就业服务平台（动态接口）,https://www.cdpee.org.cn/,2026年09月17日
江苏省,徐州市,江苏徐州组件工+早八晚六+包吃+五险+坐班,陕西致广人力资源有限公司,江苏省·徐州市·邳州市,学历不限,20,"视力残疾1-4级;听力残疾1-4级;言语残疾1-4级;肢体残疾1-4级;智力残疾3,4级;多重残疾1-4级;",是,见原平台,中国残联就业服务平台（动态接口）,https://www.cdpee.org.cn/,2026年09月17日
广东省,江门市,生产工,江门市霞光照明电器有限公司,广东省·江门市·蓬江区,学历不限,1,听力残疾2-4级;言语残疾2-4级;肢体残疾4级;智力残疾4级;多重残疾4级;,是,见原平台,中国残联就业服务平台（动态接口）,https://www.cdpee.org.cn/,2026年09月17日
陕西省,西安市,【大厂正编售后岗】真诚才是 必杀技！！！,四川蓉城蕾茗科技有限公司,陕西省·西安市·雁塔区,大专,,视力残疾1-4级;听力残疾1-4级;言语残疾1-4级;肢体残疾1-4级;智力残疾1-4级;精神残疾1-4级;多重残疾1-4级;,是,见原平台,中国残联就业服务平台（动态接口）,https://www.cdpee.org.cn/,2026年06月23日
上海市,上海市,行政助理（上海闵行区）,北京易才人力资源顾问有限公司,上海市·上海市·闵行区,大专,1,视力残疾1-3级;听力残疾1-3级;言语残疾1-3级;肢体残疾1-3级;智力残疾1-3级;精神残疾1-3级;多重残疾1-3级;,是,见原平台,中国残联就业服务平台（动态接口）,https://www.cdpee.org.cn/,2026年08月17日
江苏省,南京市,HR招聘,北京易才人力资源顾问有限公司,江苏省·南京市·建邺区,大专,1,视力残疾1-3级;听力残疾1-3级;言语残疾1-3级;肢体残疾1-3级;智力残疾1-3级;精神残疾1-3级;多重残疾1-3级;,是,见原平台,中国残联就业服务平台（动态接口）,https://www.cdpee.org.cn/,2026年05月22日
四川省,成都市,成都急招（残疾人福利岗）五险一金，长白8小时，高薪技术岗,广州海仑企业服务有限公司,四川省·成都市·锦江区,学历不限,3,视力残疾1-4级;听力残疾1-4级;言语残疾1-4级;肢体残疾1-4级;智力残疾1-4级;精神残疾1-4级;多重残疾1-4级;,是,见原平台,中国残联就业服务平台（动态接口）,https://www.cdpee.org.cn/,2026年09月17日
天津市,天津市,天津档案处理员，双休，8小时，缴纳五险一金,广州海仑企业服务有限公司,天津市·天津市·河东区,学历不限,2,视力残疾1-4级;听力残疾1-4级;言语残疾1-4级;肢体残疾1-4级;智力残疾1-4级;精神残疾1-4级;多重残疾1-4级;,是,见原平台,中国残联就业服务平台（动态接口）,https://www.cdpee.org.cn/,2026年09月17日
北京市,北京市,急聘–电话客服（有底薪+双休）无业务销售,泰康人寿保险有限责任公司北京分公司,北京市·北京市·东城区,大专,,视力残疾1-4级;听力残疾1-4级;言语残疾1-4级;肢体残疾1-4级;智力残疾1-4级;精神残疾1-4级;多重残疾1-4级;,是,见原平台,中国残联就业服务平台（动态接口）,https://www.cdpee.org.cn/,2026年09月02日
云南省,昭通市,艾草加工，种植,云南鑫会盟艾绒制品生产有限公司,云南省·昭通市·巧家县,学历不限,100,视力残疾4级;听力残疾4级;言语残疾4级;肢体残疾4级;智力残疾4级;精神残疾4级;,是,见原平台,中国残联就业服务平台（动态接口）,https://www.cdpee.org.cn/,2026年09月17日
江苏省,宿迁市,食品加工处理,宿迁市宿城区陆小青猪肉批发经营部,江苏省·宿迁市·湖滨新区,小学,100,"视力残疾3,4级;听力残疾3,4级;肢体残疾3,4级;智力残疾4级;多重残疾3,4级;",是,见原平台,中国残联就业服务平台（动态接口）,https://www.cdpee.org.cn/,2026年09月17日
湖南省,株洲市,垃圾清运工,湖南仁仁洁国际清洁科技集团股份有限公司荷塘分公司,湖南省·株洲市·荷塘区,学历不限,1,言语残疾1级;智力残疾1级;,是,见原平台,中国残联就业服务平台（动态接口）,https://www.cdpee.org.cn/,2026年09月17日
江苏省,徐州市,江苏徐州组件工+早八晚六+包吃+五险+坐班,陕西致广人力资源有限公司,江苏省·徐州市·邳州市,学历不限,20,"视力残疾1-4级;听力残疾1-4级;言语残疾1-4级;肢体残疾1-4级;智力残疾3,4级;多重残疾1-4级;",是,见原平台,中国残联就业服务平台（动态接口）,https://www.cdpee.org.cn/,2026年09月17日
广东省,江门市,生产工,江门市霞光照明电器有限公司,广东省·江门市·蓬江区,学历不限,1,听力残疾2-4级;言语残疾2-4级;肢体残疾4级;智力残疾4级;多重残疾4级;,是,见原平台,中国残联就业服务平台（动态接口）,https://www.cdpee.org.cn/,2026年09月17日
陕西省,西安市,【大厂正编售后岗】真诚才是 必杀技！！！,四川蓉城蕾茗科技有限公司,陕西省·西安市·雁塔区,大专,,视力残疾1-4级;听力残疾1-4级;言语残疾1-4级;肢体残疾1-4级;智力残疾1-4级;精神残疾1-4级;多重残疾1-4级;,是,见原平台,中国残联就业服务平台（动态接口）,https://www.cdpee.org.cn/,2026年06月23日
上海市,上海市,行政助理（上海闵行区）,北京易才人力资源顾问有限公司,上海市·上海市·闵行区,大专,1,视力残疾1-3级;听力残疾1-3级;言语残疾1-3级;肢体残疾1-3级;智力残疾1-3级;精神残疾1-3级;多重残疾1-3级;,是,见原平台,中国残联就业服务平台（动态接口）,https://www.cdpee.org.cn/,2026年08月17日
江苏省,南京市,HR招聘,北京易才人力资源顾问有限公司,江苏省·南京市·建邺区,大专,1,视力残疾1-3级;听力残疾1-3级;言语残疾1-3级;肢体残疾1-3级;智力残疾1-3级;精神残疾1-3级;多重残疾1-3级;,是,见原平台,中国残联就业服务平台（动态接口）,https://www.cdpee.org.cn/,2026年05月22日
四川省,成都市,成都急招（残疾人福利岗）五险一金，长白8小时，高薪技术岗,广州海仑企业服务有限公司,四川省·成都市·锦江区,学历不限,3,视力残疾1-4级;听力残疾1-4级;言语残疾1-4级;肢体残疾1-4级;智力残疾1-4级;精神残疾1-4级;多重残疾1-4级;,是,见原平台,中国残联就业服务平台（动态接口）,https://www.cdpee.org.cn/,2026年09月17日
天津市,天津市,天津档案处理员，双休，8小时，缴纳五险一金,广州海仑企业服务有限公司,天津市·天津市·河东区,学历不限,2,视力残疾1-4级;听力残疾1-4级;言语残疾1-4级;肢体残疾1-4级;智力残疾1-4级;精神残疾1-4级;多重残疾1-4级;,是,见原平台,中国残联就业服务平台（动态接口）,https://www.cdpee.org.cn/,2026年09月17日
北京市,北京市,急聘–电话客服（有底薪+双休）无业务销售,泰康人寿保险有限责任公司北京分公司,北京市·北京市·东城区,大专,,视力残疾1-4级;听力残疾1-4级;言语残疾1-4级;肢体残疾1-4级;智力残疾1-4级;精神残疾1-4级;多重残疾1-4级;,是,见原平台,中国残联就业服务平台（动态接口）,https://www.cdpee.org.cn/,2026年09月02日
云南省,昭通市,艾草加工，种植,云南鑫会盟艾绒制品生产有限公司,云南省·昭通市·巧家县,学历不限,100,视力残疾4级;听力残疾4级;言语残疾4级;肢体残疾4级;智力残疾4级;精神残疾4级;,是,见原平台,中国残联就业服务平台（动态接口）,https://www.cdpee.org.cn/,2026年09月17日
江苏省,宿迁市,食品加工处理,宿迁市宿城区陆小青猪肉批发经营部,江苏省·宿迁市·湖滨新区,小学,100,"视力残疾3,4级;听力残疾3,4级;肢体残疾3,4级;智力残疾4级;多重残疾3,4级;",是,见原平台,中国残联就业服务平台（动态接口）,https://www.cdpee.org.cn/,2026年09月17日
湖南省,株洲市,垃圾清运工,湖南仁仁洁国际清洁科技集团股份有限公司荷塘分公司,湖南省·株洲市·荷塘区,学历不限,1,言语残疾1级;智力残疾1级;,是,见原平台,中国残联就业服务平台（动态接口）,https://www.cdpee.org.cn/,2026年09月17日
江苏省,徐州市,江苏徐州组件工+早八晚六+包吃+五险+坐班,陕西致广人力资源有限公司,江苏省·徐州市·邳州市,学历不限,20,"视力残疾1-4级;听力残疾1-4级;言语残疾1-4级;肢体残疾1-4级;智力残疾3,4级;多重残疾1-4级;",是,见原平台,中国残联就业服务平台（动态接口）,https://www.cdpee.org.cn/,2026年09月17日
广东省,江门市,生产工,江门市霞光照明电器有限公司,广东省·江门市·蓬江区,学历不限,1,听力残疾2-4级;言语残疾2-4级;肢体残疾4级;智力残疾4级;多重残疾4级;,是,见原平台,中国残联就业服务平台（动态接口）,https://www.cdpee.org.cn/,2026年09月17日
陕西省,西安市,【大厂正编售后岗】真诚才是 必杀技！！！,四川蓉城蕾茗科技有限公司,陕西省·西安市·雁塔区,大专,,视力残疾1-4级;听力残疾1-4级;言语残疾1-4级;肢体残疾1-4级;智力残疾1-4级;精神残疾1-4级;多重残疾1-4级;,是,见原平台,中国残联就业服务平台（动态接口）,https://www.cdpee.org.cn/,2026年06月23日
上海市,上海市,行政助理（上海闵行区）,北京易才人力资源顾问有限公司,上海市·上海市·闵行区,大专,1,视力残疾1-3级;听力残疾1-3级;言语残疾1-3级;肢体残疾1-3级;智力残疾1-3级;精神残疾1-3级;多重残疾1-3级;,是,见原平台,中国残联就业服务平台（动态接口）,https://www.cdpee.org.cn/,2026年08月17日
江苏省,南京市,HR招聘,北京易才人力资源顾问有限公司,江苏省·南京市·建邺区,大专,1,视力残疾1-3级;听力残疾1-3级;言语残疾1-3级;肢体残疾1-3级;智力残疾1-3级;精神残疾1-3级;多重残疾1-3级;,是,见原平台,中国残联就业服务平台（动态接口）,https://www.cdpee.org.cn/,2026年05月22日
四川省,成都市,成都急招（残疾人福利岗）五险一金，长白8小时，高薪技术岗,广州海仑企业服务有限公司,四川省·成都市·锦江区,学历不限,3,视力残疾1-4级;听力残疾1-4级;言语残疾1-4级;肢体残疾1-4级;智力残疾1-4级;精神残疾1-4级;多重残疾1-4级;,是,见原平台,中国残联就业服务平台（动态接口）,https://www.cdpee.org.cn/,2026年09月17日
天津市,天津市,天津档案处理员，双休，8小时，缴纳五险一金,广州海仑企业服务有限公司,天津市·天津市·河东区,学历不限,2,视力残疾1-4级;听力残疾1-4级;言语残疾1-4级;肢体残疾1-4级;智力残疾1-4级;精神残疾1-4级;多重残疾1-4级;,是,见原平台,中国残联就业服务平台（动态接口）,https://www.cdpee.org.cn/,2026年09月17日
北京市,北京市,急聘–电话客服（有底薪+双休）无业务销售,泰康人寿保险有限责任公司北京分公司,北京市·北京市·东城区,大专,,视力残疾1-4级;听力残疾1-4级;言语残疾1-4级;肢体残疾1-4级;智力残疾1-4级;精神残疾1-4级;多重残疾1-4级;,是,见原平台,中国残联就业服务平台（动态接口）,https://www.cdpee.org.cn/,2026年09月02日
云南省,昭通市,艾草加工，种植,云南鑫会盟艾绒制品生产有限公司,云南省·昭通市·巧家县,学历不限,100,视力残疾4级;听力残疾4级;言语残疾4级;肢体残疾4级;智力残疾4级;精神残疾4级;,是,见原平台,中国残联就业服务平台（动态接口）,https://www.cdpee.org.cn/,2026年09月17日
江苏省,宿迁市,食品加工处理,宿迁市宿城区陆小青猪肉批发经营部,江苏省·宿迁市·湖滨新区,小学,100,"视力残疾3,4级;听力残疾3,4级;肢体残疾3,4级;智力残疾4级;多重残疾3,4级;",是,见原平台,中国残联就业服务平台（动态接口）,https://www.cdpee.org.cn/,2026年09月17日
湖南省,株洲市,垃圾清运工,湖南仁仁洁国际清洁科技集团股份有限公司荷塘分公司,湖南省·株洲市·荷塘区,学历不限,1,言语残疾1级;智力残疾1级;,是,见原平台,中国残联就业服务平台（动态接口）,https://www.cdpee.org.cn/,2026年09月17日
江苏省,徐州市,江苏徐州组件工+早八晚六+包吃+五险+坐班,陕西致广人力资源有限公司,江苏省·徐州市·邳州市,学历不限,20,"视力残疾1-4级;听力残疾1-4级;言语残疾1-4级;肢体残疾1-4级;智力残疾3,4级;多重残疾1-4级;",是,见原平台,中国残联就业服务平台（动态接口）,https://www.cdpee.org.cn/,2026年09月17日
广东省,江门市,生产工,江门市霞光照明电器有限公司,广东省·江门市·蓬江区,学历不限,1,听力残疾2-4级;言语残疾2-4级;肢体残疾4级;智力残疾4级;多重残疾4级;,是,见原平台,中国残联就业服务平台（动态接口）,https://www.cdpee.org.cn/,2026年09月17日
上海市,上海市,行政助理（上海闵行区）,北京易才人力资源顾问有限公司,上海市·上海市·闵行区,大专,1,视力残疾1-3级;听力残疾1-3级;言语残疾1-3级;肢体残疾1-3级;智力残疾1-3级;精神残疾1-3级;多重残疾1-3级;,是,见原平台,中国残联就业服务平台（动态接口）,https://www.cdpee.org.cn/,2026年08月17日
江苏省,南京市,HR招聘,北京易才人力资源顾问有限公司,江苏省·南京市·建邺区,大专,1,视力残疾1-3级;听力残疾1-3级;言语残疾1-3级;肢体残疾1-3级;智力残疾1-3级;精神残疾1-3级;多重残疾1-3级;,是,见原平台,中国残联就业服务平台（动态接口）,https://www.cdpee.org.cn/,2026年05月22日
四川省,成都市,成都急招（残疾人福利岗）五险一金，长白8小时，高薪技术岗,广州海仑企业服务有限公司,四川省·成都市·锦江区,学历不限,3,视力残疾1-4级;听力残疾1-4级;言语残疾1-4级;肢体残疾1-4级;智力残疾1-4级;精神残疾1-4级;多重残疾1-4级;,是,见原平台,中国残联就业服务平台（动态接口）,https://www.cdpee.org.cn/,2026年09月17日
天津市,天津市,天津档案处理员，双休，8小时，缴纳五险一金,广州海仑企业服务有限公司,天津市·天津市·河东区,学历不限,2,视力残疾1-4级;听力残疾1-4级;言语残疾1-4级;肢体残疾1-4级;智力残疾1-4级;精神残疾1-4级;多重残疾1-4级;,是,见原平台,中国残联就业服务平台（动态接口）,https://www.cdpee.org.cn/,2026年09月17日
云南省,昭通市,艾草加工，种植,云南鑫会盟艾绒制品生产有限公司,云南省·昭通市·巧家县,学历不限,100,视力残疾4级;听力残疾4级;言语残疾4级;肢体残疾4级;智力残疾4级;精神残疾4级;,是,见原平台,中国残联就业服务平台（动态接口）,https://www.cdpee.org.cn/,2026年09月17日
江苏省,宿迁市,食品加工处理,宿迁市宿城区陆小青猪肉批发经营部,江苏省·宿迁市·湖滨新区,小学,100,"视力残疾3,4级;听力残疾3,4级;肢体残疾3,4级;智力残疾4级;多重残疾3,4级;",是,见原平台,中国残联就业服务平台（动态接口）,https://www.cdpee.org.cn/,2026年09月17日
湖南省,株洲市,垃圾清运工,湖南仁仁洁国际清洁科技集团股份有限公司荷塘分公司,湖南省·株洲市·荷塘区,学历不限,1,言语残疾1级;智力残疾1级;,是,见原平台,中国残联就业服务平台（动态接口）,https://www.cdpee.org.cn/,2026年09月17日
江苏省,徐州市,江苏徐州组件工+早八晚六+包吃+五险+坐班,陕西致广人力资源有限公司,江苏省·徐州市·邳州市,学历不限,20,"视力残疾1-4级;听力残疾1-4级;言语残疾1-4级;肢体残疾1-4级;智力残疾3,4级;多重残疾1-4级;",是,见原平台,中国残联就业服务平台（动态接口）,https://www.cdpee.org.cn/,2026年09月17日
广东省,江门市,生产工,江门市霞光照明电器有限公司,广东省·江门市·蓬江区,学历不限,1,听力残疾2-4级;言语残疾2-4级;肢体残疾4级;智力残疾4级;多重残疾4级;,是,见原平台,中国残联就业服务平台（动态接口）,https://www.cdpee.org.cn/,2026年09月17日
上海市,上海市,行政助理（上海闵行区）,北京易才人力资源顾问有限公司,上海市·上海市·闵行区,大专,1,视力残疾1-3级;听力残疾1-3级;言语残疾1-3级;肢体残疾1-3级;智力残疾1-3级;精神残疾1-3级;多重残疾1-3级;,是,见原平台,中国残联就业服务平台（动态接口）,https://www.cdpee.org.cn/,2026年08月17日
江苏省,南京市,HR招聘,北京易才人力资源顾问有限公司,江苏省·南京市·建邺区,大专,1,视力残疾1-3级;听力残疾1-3级;言语残疾1-3级;肢体残疾1-3级;智力残疾1-3级;精神残疾1-3级;多重残疾1-3级;,是,见原平台,中国残联就业服务平台（动态接口）,https://www.cdpee.org.cn/,2026年05月22日
四川省,成都市,成都急招（残疾人福利岗）五险一金，长白8小时，高薪技术岗,广州海仑企业服务有限公司,四川省·成都市·锦江区,学历不限,3,视力残疾1-4级;听力残疾1-4级;言语残疾1-4级;肢体残疾1-4级;智力残疾1-4级;精神残疾1-4级;多重残疾1-4级;,是,见原平台,中国残联就业服务平台（动态接口）,https://www.cdpee.org.cn/,2026年09月17日
天津市,天津市,天津档案处理员，双休，8小时，缴纳五险一金,广州海仑企业服务有限公司,天津市·天津市·河东区,学历不限,2,视力残疾1-4级;听力残疾1-4级;言语残疾1-4级;肢体残疾1-4级;智力残疾1-4级;精神残疾1-4级;多重残疾1-4级;,是,见原平台,中国残联就业服务平台（动态接口）,https://www.cdpee.org.cn/,2026年09月17日
云南省,昭通市,艾草加工，种植,云南鑫会盟艾绒制品生产有限公司,云南省·昭通市·巧家县,学历不限,100,视力残疾4级;听力残疾4级;言语残疾4级;肢体残疾4级;智力残疾4级;精神残疾4级;,是,见原平台,中国残联就业服务平台（动态接口）,https://www.cdpee.org.cn/,2026年09月17日
江苏省,宿迁市,食品加工处理,宿迁市宿城区陆小青猪肉批发经营部,江苏省·宿迁市·湖滨新区,小学,100,"视力残疾3,4级;听力残疾3,4级;肢体残疾3,4级;智力残疾4级;多重残疾3,4级;",是,见原平台,中国残联就业服务平台（动态接口）,https://www.cdpee.org.cn/,2026年09月17日
湖南省,株洲市,垃圾清运工,湖南仁仁洁国际清洁科技集团股份有限公司荷塘分公司,湖南省·株洲市·荷塘区,学历不限,1,言语残疾1级;智力残疾1级;,是,见原平台,中国残联就业服务平台（动态接口）,https://www.cdpee.org.cn/,2026年09月17日
江苏省,徐州市,江苏徐州组件工+早八晚六+包吃+五险+坐班,陕西致广人力资源有限公司,江苏省·徐州市·邳州市,学历不限,20,"视力残疾1-4级;听力残疾1-4级;言语残疾1-4级;肢体残疾1-4级;智力残疾3,4级;多重残疾1-4级;",是,见原平台,中国残联就业服务平台（动态接口）,https://www.cdpee.org.cn/,2026年09月17日
广东省,江门市,生产工,江门市霞光照明电器有限公司,广东省·江门市·蓬江区,学历不限,1,听力残疾2-4级;言语残疾2-4级;肢体残疾4级;智力残疾4级;多重残疾4级;,是,见原平台,中国残联就业服务平台（动态接口）,https://www.cdpee.org.cn/,2026年09月17日
上海市,上海市,行政助理（上海闵行区）,北京易才人力资源顾问有限公司,上海市·上海市·闵行区,大专,1,视力残疾1-3级;听力残疾1-3级;言语残疾1-3级;肢体残疾1-3级;智力残疾1-3级;精神残疾1-3级;多重残疾1-3级;,是,见原平台,中国残联就业服务平台（动态接口）,https://www.cdpee.org.cn/,2026年08月17日
江苏省,南京市,HR招聘,北京易才人力资源顾问有限公司,江苏省·南京市·建邺区,大专,1,视力残疾1-3级;听力残疾1-3级;言语残疾1-3级;肢体残疾1-3级;智力残疾1-3级;精神残疾1-3级;多重残疾1-3级;,是,见原平台,中国残联就业服务平台（动态接口）,https://www.cdpee.org.cn/,2026年05月22日
四川省,成都市,成都急招（残疾人福利岗）五险一金，长白8小时，高薪技术岗,广州海仑企业服务有限公司,四川省·成都市·锦江区,学历不限,3,视力残疾1-4级;听力残疾1-4级;言语残疾1-4级;肢体残疾1-4级;智力残疾1-4级;精神残疾1-4级;多重残疾1-4级;,是,见原平台,中国残联就业服务平台（动态接口）,https://www.cdpee.org.cn/,2026年09月17日
天津市,天津市,天津档案处理员，双休，8小时，缴纳五险一金,广州海仑企业服务有限公司,天津市·天津市·河东区,学历不限,2,视力残疾1-4级;听力残疾1-4级;言语残疾1-4级;肢体残疾1-4级;智力残疾1-4级;精神残疾1-4级;多重残疾1-4级;,是,见原平台,中国残联就业服务平台（动态接口）,https://www.cdpee.org.cn/,2026年09月17日
云南省,昭通市,艾草加工，种植,云南鑫会盟艾绒制品生产有限公司,云南省·昭通市·巧家县,学历不限,100,视力残疾4级;听力残疾4级;言语残疾4级;肢体残疾4级;智力残疾4级;精神残疾4级;,是,见原平台,中国残联就业服务平台（动态接口）,https://www.cdpee.org.cn/,2026年09月17日
江苏省,宿迁市,食品加工处理,宿迁市宿城区陆小青猪肉批发经营部,江苏省·宿迁市·湖滨新区,小学,100,"视力残疾3,4级;听力残疾3,4级;肢体残疾3,4级;智力残疾4级;多重残疾3,4级;",是,见原平台,中国残联就业服务平台（动态接口）,https://www.cdpee.org.cn/,2026年09月17日
湖南省,株洲市,垃圾清运工,湖南仁仁洁国际清洁科技集团股份有限公司荷塘分公司,湖南省·株洲市·荷塘区,学历不限,1,言语残疾1级;智力残疾1级;,是,见原平台,中国残联就业服务平台（动态接口）,https://www.cdpee.org.cn/,2026年09月17日
江苏省,徐州市,江苏徐州组件工+早八晚六+包吃+五险+坐班,陕西致广人力资源有限公司,江苏省·徐州市·邳州市,学历不限,20,"视力残疾1-4级;听力残疾1-4级;言语残疾1-4级;肢体残疾1-4级;智力残疾3,4级;多重残疾1-4级;",是,见原平台,中国残联就业服务平台（动态接口）,https://www.cdpee.org.cn/,2026年09月17日
广东省,江门市,生产工,江门市霞光照明电器有限公司,广东省·江门市·蓬江区,学历不限,1,听力残疾2-4级;言语残疾2-4级;肢体残疾4级;智力残疾4级;多重残疾4级;,是,见原平台,中国残联就业服务平台（动态接口）,https://www.cdpee.org.cn/,2026年09月17日
上海市,上海市,行政助理（上海闵行区）,北京易才人力资源顾问有限公司,上海市·上海市·闵行区,大专,1,视力残疾1-3级;听力残疾1-3级;言语残疾1-3级;肢体残疾1-3级;智力残疾1-3级;精神残疾1-3级;多重残疾1-3级;,是,见原平台,中国残联就业服务平台（动态接口）,https://www.cdpee.org.cn/,2026年08月17日
江苏省,南京市,HR招聘,北京易才人力资源顾问有限公司,江苏省·南京市·建邺区,大专,1,视力残疾1-3级;听力残疾1-3级;言语残疾1-3级;肢体残疾1-3级;智力残疾1-3级;精神残疾1-3级;多重残疾1-3级;,是,见原平台,中国残联就业服务平台（动态接口）,https://www.cdpee.org.cn/,2026年05月22日
四川省,成都市,成都急招（残疾人福利岗）五险一金，长白8小时，高薪技术岗,广州海仑企业服务有限公司,四川省·成都市·锦江区,学历不限,3,视力残疾1-4级;听力残疾1-4级;言语残疾1-4级;肢体残疾1-4级;智力残疾1-4级;精神残疾1-4级;多重残疾1-4级;,是,见原平台,中国残联就业服务平台（动态接口）,https://www.cdpee.org.cn/,2026年09月17日
天津市,天津市,天津档案处理员，双休，8小时，缴纳五险一金,广州海仑企业服务有限公司,天津市·天津市·河东区,学历不限,2,视力残疾1-4级;听力残疾1-4级;言语残疾1-4级;肢体残疾1-4级;智力残疾1-4级;精神残疾1-4级;多重残疾1-4级;,是,见原平台,中国残联就业服务平台（动态接口）,https://www.cdpee.org.cn/,2026年09月17日
云南省,昭通市,艾草加工，种植,云南鑫会盟艾绒制品生产有限公司,云南省·昭通市·巧家县,学历不限,100,视力残疾4级;听力残疾4级;言语残疾4级;肢体残疾4级;智力残疾4级;精神残疾4级;,是,见原平台,中国残联就业服务平台（动态接口）,https://www.cdpee.org.cn/,2026年09月17日
江苏省,宿迁市,食品加工处理,宿迁市宿城区陆小青猪肉批发经营部,江苏省·宿迁市·湖滨新区,小学,100,"视力残疾3,4级;听力残疾3,4级;肢体残疾3,4级;智力残疾4级;多重残疾3,4级;",是,见原平台,中国残联就业服务平台（动态接口）,https://www.cdpee.org.cn/,2026年09月17日
湖南省,株洲市,垃圾清运工,湖南仁仁洁国际清洁科技集团股份有限公司荷塘分公司,湖南省·株洲市·荷塘区,学历不限,1,言语残疾1级;智力残疾1级;,是,见原平台,中国残联就业服务平台（动态接口）,https://www.cdpee.org.cn/,2026年09月17日
江苏省,徐州市,江苏徐州组件工+早八晚六+包吃+五险+坐班,陕西致广人力资源有限公司,江苏省·徐州市·邳州市,学历不限,20,"视力残疾1-4级;听力残疾1-4级;言语残疾1-4级;肢体残疾1-4级;智力残疾3,4级;多重残疾1-4级;",是,见原平台,中国残联就业服务平台（动态接口）,https://www.cdpee.org.cn/,2026年09月17日
广东省,江门市,生产工,江门市霞光照明电器有限公司,广东省·江门市·蓬江区,学历不限,1,听力残疾2-4级;言语残疾2-4级;肢体残疾4级;智力残疾4级;多重残疾4级;,是,见原平台,中国残联就业服务平台（动态接口）,https://www.cdpee.org.cn/,2026年09月17日
上海市,上海市,行政助理（上海闵行区）,北京易才人力资源顾问有限公司,上海市·上海市·闵行区,大专,1,视力残疾1-3级;听力残疾1-3级;言语残疾1-3级;肢体残疾1-3级;智力残疾1-3级;精神残疾1-3级;多重残疾1-3级;,是,见原平台,中国残联就业服务平台（动态接口）,https://www.cdpee.org.cn/,2026年08月17日
江苏省,南京市,HR招聘,北京易才人力资源顾问有限公司,江苏省·南京市·建邺区,大专,1,视力残疾1-3级;听力残疾1-3级;言语残疾1-3级;肢体残疾1-3级;智力残疾1-3级;精神残疾1-3级;多重残疾1-3级;,是,见原平台,中国残联就业服务平台（动态接口）,https://www.cdpee.org.cn/,2026年05月22日
四川省,成都市,成都急招（残疾人福利岗）五险一金，长白8小时，高薪技术岗,广州海仑企业服务有限公司,四川省·成都市·锦江区,学历不限,3,视力残疾1-4级;听力残疾1-4级;言语残疾1-4级;肢体残疾1-4级;智力残疾1-4级;精神残疾1-4级;多重残疾1-4级;,是,见原平台,中国残联就业服务平台（动态接口）,https://www.cdpee.org.cn/,2026年09月17日
天津市,天津市,天津档案处理员，双休，8小时，缴纳五险一金,广州海仑企业服务有限公司,天津市·天津市·河东区,学历不限,2,视力残疾1-4级;听力残疾1-4级;言语残疾1-4级;肢体残疾1-4级;智力残疾1-4级;精神残疾1-4级;多重残疾1-4级;,是,见原平台,中国残联就业服务平台（动态接口）,https://www.cdpee.org.cn/,2026年09月17日
云南省,昭通市,艾草加工，种植,云南鑫会盟艾绒制品生产有限公司,云南省·昭通市·巧家县,学历不限,100,视力残疾4级;听力残疾4级;言语残疾4级;肢体残疾4级;智力残疾4级;精神残疾4级;,是,见原平台,中国残联就业服务平台（动态接口）,https://www.cdpee.org.cn/,2026年09月17日
江苏省,宿迁市,食品加工处理,宿迁市宿城区陆小青猪肉批发经营部,江苏省·宿迁市·湖滨新区,小学,100,"视力残疾3,4级;听力残疾3,4级;肢体残疾3,4级;智力残疾4级;多重残疾3,4级;",是,见原平台,中国残联就业服务平台（动态接口）,https://www.cdpee.org.cn/,2026年09月17日
湖南省,株洲市,垃圾清运工,湖南仁仁洁国际清洁科技集团股份有限公司荷塘分公司,湖南省·株洲市·荷塘区,学历不限,1,言语残疾1级;智力残疾1级;,是,见原平台,中国残联就业服务平台（动态接口）,https://www.cdpee.org.cn/,2026年09月17日
江苏省,徐州市,江苏徐州组件工+早八晚六+包吃+五险+坐班,陕西致广人力资源有限公司,江苏省·徐州市·邳州市,学历不限,20,"视力残疾1-4级;听力残疾1-4级;言语残疾1-4级;肢体残疾1-4级;智力残疾3,4级;多重残疾1-4级;",是,见原平台,中国残联就业服务平台（动态接口）,https://www.cdpee.org.cn/,2026年09月17日
广东省,江门市,生产工,江门市霞光照明电器有限公司,广东省·江门市·蓬江区,学历不限,1,听力残疾2-4级;言语残疾2-4级;肢体残疾4级;智力残疾4级;多重残疾4级;,是,见原平台,中国残联就业服务平台（动态接口）,https://www.cdpee.org.cn/,2026年09月17日
上海市,上海市,行政助理（上海闵行区）,北京易才人力资源顾问有限公司,上海市·上海市·闵行区,大专,1,视力残疾1-3级;听力残疾1-3级;言语残疾1-3级;肢体残疾1-3级;智力残疾1-3级;精神残疾1-3级;多重残疾1-3级;,是,见原平台,中国残联就业服务平台（动态接口）,https://www.cdpee.org.cn/,2026年08月17日
江苏省,南京市,HR招聘,北京易才人力资源顾问有限公司,江苏省·南京市·建邺区,大专,1,视力残疾1-3级;听力残疾1-3级;言语残疾1-3级;肢体残疾1-3级;智力残疾1-3级;精神残疾1-3级;多重残疾1-3级;,是,见原平台,中国残联就业服务平台（动态接口）,https://www.cdpee.org.cn/,2026年05月22日
四川省,成都市,成都急招（残疾人福利岗）五险一金，长白8小时，高薪技术岗,广州海仑企业服务有限公司,四川省·成都市·锦江区,学历不限,3,视力残疾1-4级;听力残疾1-4级;言语残疾1-4级;肢体残疾1-4级;智力残疾1-4级;精神残疾1-4级;多重残疾1-4级;,是,见原平台,中国残联就业服务平台（动态接口）,https://www.cdpee.org.cn/,2026年09月17日
天津市,天津市,天津档案处理员，双休，8小时，缴纳五险一金,广州海仑企业服务有限公司,天津市·天津市·河东区,学历不限,2,视力残疾1-4级;听力残疾1-4级;言语残疾1-4级;肢体残疾1-4级;智力残疾1-4级;精神残疾1-4级;多重残疾1-4级;,是,见原平台,中国残联就业服务平台（动态接口）,https://www.cdpee.org.cn/,2026年09月17日
云南省,昭通市,艾草加工，种植,云南鑫会盟艾绒制品生产有限公司,云南省·昭通市·巧家县,学历不限,100,视力残疾4级;听力残疾4级;言语残疾4级;肢体残疾4级;智力残疾4级;精神残疾4级;,是,见原平台,中国残联就业服务平台（动态接口）,https://www.cdpee.org.cn/,2026年09月17日
江苏省,宿迁市,食品加工处理,宿迁市宿城区陆小青猪肉批发经营部,江苏省·宿迁市·湖滨新区,小学,100,"视力残疾3,4级;听力残疾3,4级;肢体残疾3,4级;智力残疾4级;多重残疾3,4级;",是,见原平台,中国残联就业服务平台（动态接口）,https://www.cdpee.org.cn/,2026年09月17日
湖南省,株洲市,垃圾清运工,湖南仁仁洁国际清洁科技集团股份有限公司荷塘分公司,湖南省·株洲市·荷塘区,学历不限,1,言语残疾1级;智力残疾1级;,是,见原平台,中国残联就业服务平台（动态接口）,https://www.cdpee.org.cn/,2026年09月17日
江苏省,徐州市,江苏徐州组件工+早八晚六+包吃+五险+坐班,陕西致广人力资源有限公司,江苏省·徐州市·邳州市,学历不限,20,"视力残疾1-4级;听力残疾1-4级;言语残疾1-4级;肢体残疾1-4级;智力残疾3,4级;多重残疾1-4级;",是,见原平台,中国残联就业服务平台（动态接口）,https://www.cdpee.org.cn/,2026年09月17日
广东省,江门市,生产工,江门市霞光照明电器有限公司,广东省·江门市·蓬江区,学历不限,1,听力残疾2-4级;言语残疾2-4级;肢体残疾4级;智力残疾4级;多重残疾4级;,是,见原平台,中国残联就业服务平台（动态接口）,https://www.cdpee.org.cn/,2026年09月17日
上海市,上海市,行政助理（上海闵行区）,北京易才人力资源顾问有限公司,上海市·上海市·闵行区,大专,1,视力残疾1-3级;听力残疾1-3级;言语残疾1-3级;肢体残疾1-3级;智力残疾1-3级;精神残疾1-3级;多重残疾1-3级;,是,见原平台,中国残联就业服务平台（动态接口）,https://www.cdpee.org.cn/,2026年08月17日
江苏省,南京市,HR招聘,北京易才人力资源顾问有限公司,江苏省·南京市·建邺区,大专,1,视力残疾1-3级;听力残疾1-3级;言语残疾1-3级;肢体残疾1-3级;智力残疾1-3级;精神残疾1-3级;多重残疾1-3级;,是,见原平台,中国残联就业服务平台（动态接口）,https://www.cdpee.org.cn/,2026年05月22日
四川省,成都市,成都急招（残疾人福利岗）五险一金，长白8小时，高薪技术岗,广州海仑企业服务有限公司,四川省·成都市·锦江区,学历不限,3,视力残疾1-4级;听力残疾1-4级;言语残疾1-4级;肢体残疾1-4级;智力残疾1-4级;精神残疾1-4级;多重残疾1-4级;,是,见原平台,中国残联就业服务平台（动态接口）,https://www.cdpee.org.cn/,2026年09月17日
天津市,天津市,天津档案处理员，双休，8小时，缴纳五险一金,广州海仑企业服务有限公司,天津市·天津市·河东区,学历不限,2,视力残疾1-4级;听力残疾1-4级;言语残疾1-4级;肢体残疾1-4级;智力残疾1-4级;精神残疾1-4级;多重残疾1-4级;,是,见原平台,中国残联就业服务平台（动态接口）,https://www.cdpee.org.cn/,2026年09月17日
云南省,昭通市,艾草加工，种植,云南鑫会盟艾绒制品生产有限公司,云南省·昭通市·巧家县,学历不限,100,视力残疾4级;听力残疾4级;言语残疾4级;肢体残疾4级;智力残疾4级;精神残疾4级;,是,见原平台,中国残联就业服务平台（动态接口）,https://www.cdpee.org.cn/,2026年09月17日
江苏省,宿迁市,食品加工处理,宿迁市宿城区陆小青猪肉批发经营部,江苏省·宿迁市·湖滨新区,小学,100,"视力残疾3,4级;听力残疾3,4级;肢体残疾3,4级;智力残疾4级;多重残疾3,4级;",是,见原平台,中国残联就业服务平台（动态接口）,https://www.cdpee.org.cn/,2026年09月17日
上海市,上海市,综合业务,上海市金融稳定发展研究中心,上海市静安区威海路511号,本科及以上,1.0,,,许老师 63321208-8018,上海市人社局-残疾人专项招聘,https://rsj.sh.gov.cn/tgsgg_17341/20251031/t0035_1436498.html,2025-10-31
上海市,上海市,办公室综合岗,上海市农业技术推广服务中心（上海市植物保护植物检疫站、上海市农药检定所、上海市农业环境保护站）,上海市闵行区吴中路628号,本科及以上,1.0,,,罗老师 64052989,上海市人社局-残疾人专项招聘,https://rsj.sh.gov.cn/tgsgg_17341/20251031/t0035_1436498.html,2025-10-31
上海市,上海市,临床医师,上海市养志康复医院(上海市阳光康复中心),上海市松江区光星路2209号,研究生,1.0,,,张老师37730011-24317,上海市人社局-残疾人专项招聘,https://rsj.sh.gov.cn/tgsgg_17341/20251031/t0035_1436498.html,2025-10-31
上海市,上海市,医疗器械审评员（无源类）,上海市医疗器械化妆品审评核查中心,上海市黄浦区南昌路210号,本科及以上,1.0,,,李老师33163589-2005,上海市人社局-残疾人专项招聘,https://rsj.sh.gov.cn/tgsgg_17341/20251031/t0035_1436498.html,2025-10-31
上海市,上海市,质量管理助理工程师,上海计算机软件技术开发中心,"上海市闵行区联航路1588号
技术中心楼",本科及以上,1.0,,,马老师 54325166*3108,上海市人社局-残疾人专项招聘,https://rsj.sh.gov.cn/tgsgg_17341/20251031/t0035_1436498.html,2025-10-31
上海市,上海市,护士,上海市第五社会福利院,上海市崇明区东平镇平悦路200号,本科及以上,1.0,,,吕老师 021-39300098,上海市人社局-残疾人专项招聘,https://rsj.sh.gov.cn/tgsgg_17341/20251031/t0035_1436498.html,2025-10-31
上海市,上海市,综合管理,上海市徐汇区凌云街道社区党群服务中心,上海市徐汇区梅陇路268号,本科及以上,1.0,,,屠老师64530567,上海市人社局-残疾人专项招聘,https://rsj.sh.gov.cn/tgsgg_17341/20251031/t0035_1436498.html,2025-10-31
上海市,上海市,营养师,上海市静安区彭浦新村街道社区卫生服务中心,上海市静安区平顺路15号、三泉路637号,大专及以上,1.0,,,刘老师 56911536*807,上海市人社局-残疾人专项招聘,https://rsj.sh.gov.cn/tgsgg_17341/20251031/t0035_1436498.html,2025-10-31
上海市,上海市,药师,上海市静安区北站街道社区卫生服务中心,上海市静安区大统路168号,本科及以上,1.0,,,虞老师63246792-8306,上海市人社局-残疾人专项招聘,https://rsj.sh.gov.cn/tgsgg_17341/20251031/t0035_1436498.html,2025-10-31
上海市,上海市,事务员,上海南湖职业技术学院,上海市虹口区三门路661号,本科及以上,1.0,,,杨老师31236153,上海市人社局-残疾人专项招聘,https://rsj.sh.gov.cn/tgsgg_17341/20251031/t0035_1436498.html,2025-10-31
上海市,上海市,妇儿保所儿童保健科医师,上海市普陀区妇婴保健院（上海市普陀区妇女儿童保健所）,上海市普陀区西康路1000号,本科及以上,1.0,,,邵老师 22202220*6203,上海市人社局-残疾人专项招聘,https://rsj.sh.gov.cn/tgsgg_17341/20251031/t0035_1436498.html,2025-10-31
上海市,上海市,档案员,上海财经大学附属中学,上海市杨浦区宁武路151号,本科及以上,1.0,,,孙老师65180109,上海市人社局-残疾人专项招聘,https://rsj.sh.gov.cn/tgsgg_17341/20251031/t0035_1436498.html,2025-10-31
上海市,上海市,会计,上海市浦东新区塘桥街道城市建设管理事务中心,上海市浦东新区峨山路487号,本科及以上,1.0,,,曹老师58396463,上海市人社局-残疾人专项招聘,https://rsj.sh.gov.cn/tgsgg_17341/20251031/t0035_1436498.html,2025-10-31
上海市,上海市,补贴审核管理员,上海市闵行区就业促进中心,闵行区莘凌路130号,本科及以上,1.0,,,王老师 33883735,上海市人社局-残疾人专项招聘,https://rsj.sh.gov.cn/tgsgg_17341/20251031/t0035_1436498.html,2025-10-31
上海市,上海市,规划资源管理与执法,上海市青浦区华新镇城市建设管理事务中心,上海市青浦区华新镇新凤中路660弄103-104号,本科及以上,1.0,,,何思昱 69796528,上海市人社局-残疾人专项招聘,https://rsj.sh.gov.cn/tgsgg_17341/20251031/t0035_1436498.html,2025-10-31
上海市,上海市,信息管理,上海市嘉定区政务服务中心,上海市嘉定区嘉新公路88号,本科及以上,1.0,,,朱晓雯69989925,上海市人社局-残疾人专项招聘,https://rsj.sh.gov.cn/tgsgg_17341/20251031/t0035_1436498.html,2025-10-31
上海市,上海市,事务员,上海师范大学附属宝山罗店中学,上海市宝山区罗店镇罗新路707号,本科及以上,1.0,,,张老师56863091-1348,上海市人社局-残疾人专项招聘,https://rsj.sh.gov.cn/tgsgg_17341/20251031/t0035_1436498.html,2025-10-31
上海市,上海市,"动物防疫
检疫员",上海市奉贤区庄行镇农业农村服务中心,上海市奉贤区庄行镇庄良路1051号,本科及以上,1.0,,,严老师57466124,上海市人社局-残疾人专项招聘,https://rsj.sh.gov.cn/tgsgg_17341/20251031/t0035_1436498.html,2025-10-31
上海市,上海市,综合管理,上海市金山区自然资源确权登记事务中心,金山区龙山路758号（合欣大厦）,本科及以上,1.0,,,雷琳洁 57966323,上海市人社局-残疾人专项招聘,https://rsj.sh.gov.cn/tgsgg_17341/20251031/t0035_1436498.html,2025-10-31
上海市,上海市,信息管理,上海市崇明区东平镇社区卫生服务中心,上海市崇明区东平镇平悦路550号,本科及以上,1.0,,,张老师 021-59666319（转8007）,上海市人社局-残疾人专项招聘,https://rsj.sh.gov.cn/tgsgg_17341/20251031/t0035_1436498.html,2025-10-31
上海市,上海市,2025年“职为你来——残疾人专场招聘会”十二月专项活动顺利举办,（招聘会）,上海,,,,,见原公告,上海市残联-就业服务中心,https://www.shdpf.org.cn/clwz/clwz/jyfwzx/gzdt/2025/12/30/2c9934e39b6cd4c0019b6cf23f1d0266.html,
上海市,上海市,14家企业向残疾人大学生抛出“橄榄枝”，招聘比赛现场发出4份Offer,（招聘会）,上海,,,,,见原公告,上海市残联-就业服务中心,https://www.shdpf.org.cn/clwz/clwz/jyfwzx/gzdt/2025/11/26/2c9934e39ab5211b019abf72522219ff.html,
上海市,上海市,虹口区助残周就业服务活动,（区残联活动）,上海·虹口,,,,,见原公告,虹口区残联,https://www.shhk.gov.cn/xwzx/002014/20260507/b3557243-c46d-4e33-bd87-562077b8aaa5.html,2026-05-07
广东省,,广东省残疾人就业服务网,（广东省平台）,广东,,,,,业务咨询 020-83196226,广东省残疾人就业服务网,https://www.jyfw.org.cn/,
